阶段,step,sample_index,corrected,safe,deviation,length,length_ratio,length_penalty,obstacle,curvature,smoothness,jerk,dangerous_ratio,unsafe_margin_ratio,min_esdf,curvature_violation_ratio,control_oob_ratio,corrected_mean,corrected_median,safe_mean,safe_median,deviation_mean,deviation_median,length_mean,length_median,length_ratio_mean,length_ratio_median,length_penalty_mean,length_penalty_median,obstacle_mean,obstacle_median,curvature_mean,curvature_median,smoothness_mean,smoothness_median,jerk_mean,jerk_median,dangerous_ratio_mean,dangerous_ratio_median,unsafe_margin_ratio_mean,unsafe_margin_ratio_median,min_esdf_mean,min_esdf_median,curvature_violation_ratio_mean,curvature_violation_ratio_median,control_oob_ratio_mean,control_oob_ratio_median,relative_teacher_error_mean,relative_teacher_error_median
teacher,0,0,10.240646362304688,10.240646362304688,1.3216094986781817e-14,18.020877838134766,1.0,0.0,9.617745399475098,1.6424444913864136,0.0019572770688682795,0.0014134887605905533,0.4699999988079071,0.4899999797344208,-1.382619857788086,0.06122449040412903,0.0,,,,,,,,,,,,,,,,,,,,,,,,,,,,,,,,
teacher,0,1,8.491212844848633,8.491212844848633,1.3631762006086762e-13,15.218923568725586,1.0000001192092896,0.0,7.870294570922852,1.6211751699447632,0.001365818316116929,0.0005710806581191719,0.20999999344348907,0.22999998927116394,-1.5116641521453857,0.10204081237316132,0.0,,,,,,,,,,,,,,,,,,,,,,,,,,,,,,,,
teacher,0,2,8.497745513916016,8.497745513916016,9.094946814441375e-15,10.585355758666992,1.0,0.0,7.568170070648193,2.691803216934204,0.0010753964306786656,0.0005277566961012781,0.17999999225139618,0.22999998927116394,-1.4676499366760254,0.0714285671710968,0.0,,,,,,,,,,,,,,,,,,,,,,,,,,,,,,,,
teacher,0,3,6.96751070022583,6.96751070022583,3.3950457462711414e-13,17.558744430541992,1.0,0.0,6.746622085571289,0.7443057298660278,0.001012788387015462,0.0006240603979676962,0.17000000178813934,0.17999999225139618,-1.4224201440811157,0.040816325694322586,0.0,,,,,,,,,,,,,,,,,,,,,,,,,,,,,,,,
teacher,0,4,6.362196922302246,6.362196922302246,0.0,19.912960052490234,1.0,0.0,6.3416852951049805,0.007263207342475653,0.0002237425505882129,0.00016958291234914213,0.2199999988079071,0.2199999988079071,-1.231824278831482,0.010204081423580647,0.0,,,,,,,,,,,,,,,,,,,,,,,,,,,,,,,,
teacher,0,5,6.339754581451416,6.339754581451416,3.058941963187474e-15,17.479530334472656,1.0,0.0,5.427896022796631,2.2332897186279297,0.002031823853030801,0.001532960799522698,0.20999999344348907,0.25,-0.9782878756523132,0.09183673560619354,0.0,,,,,,,,,,,,,,,,,,,,,,,,,,,,,,,,
teacher,0,6,5.566492080688477,5.566492080688477,6.5085713511423e-14,11.53272819519043,1.0,0.0,5.226643085479736,1.0394463539123535,0.00040512296254746616,0.00023798485926818103,0.17999999225139618,0.2199999988079071,-1.0109291076660156,0.06122449040412903,0.0,,,,,,,,,,,,,,,,,,,,,,,,,,,,,,,,
teacher,0,7,5.882269382476807,5.882269382476807,6.0418334967221946e-15,7.831165313720703,1.0,0.0,5.076772689819336,2.2262513637542725,0.0005732239806093276,0.00016893004067242146,0.4599999785423279,0.5199999809265137,-0.7999880313873291,0.17346937954425812,0.0,,,,,,,,,,,,,,,,,,,,,,,,,,,,,,,,
teacher,0,8,5.1261210441589355,5.1261210441589355,3.399437578221337e-13,13.69577693939209,1.0000001192092896,0.0,4.641946792602539,1.198341727256775,0.0005626773927360773,0.0003206005203537643,0.2199999988079071,0.25999999046325684,-0.8149282932281494,0.030612245202064514,0.0,,,,,,,,,,,,,,,,,,,,,,,,,,,,,,,,
teacher,0,9,4.943177223205566,4.943177223205566,0.0,10.110729217529297,1.0,0.0,4.470801830291748,1.3857662677764893,0.00028168136486783624,0.00012091585085727274,0.14000000059604645,0.14999999105930328,-0.8627727031707764,0.10204081237316132,0.0,,,,,,,,,,,,,,,,,,,,,,,,,,,,,,,,
teacher,0,10,4.514644145965576,4.514644145965576,7.105426934084528e-16,15.398982048034668,1.0,0.0,4.355467796325684,0.45938554406166077,0.00077077402966097,0.0003388688201084733,0.2199999988079071,0.23999999463558197,-0.8028872609138489,0.08163265138864517,0.0,,,,,,,,,,,,,,,,,,,,,,,,,,,,,,,,
teacher,0,11,9.126173973083496,9.126173973083496,0.0,10.395610809326172,1.0,0.0,4.294532775878906,14.513775825500488,0.018725354224443436,0.007117118686437607,0.1899999976158142,0.25,-0.7453438639640808,0.20408162474632263,0.0,,,,,,,,,,,,,,,,,,,,,,,,,,,,,,,,
teacher,0,12,4.530445575714111,4.530445575714111,3.1207035653540993e-13,20.40500259399414,1.0,0.0,4.277024745941162,0.6804203391075134,0.0023191035725176334,0.0016838004812598228,0.25999999046325684,0.3100000023841858,-0.7498940229415894,0.10204081237316132,0.0,,,,,,,,,,,,,,,,,,,,,,,,,,,,,,,,
teacher,0,13,4.566185474395752,4.566185474395752,4.14690491960714e-14,19.757431030273438,1.0,0.0,4.151726722717285,1.201210618019104,0.002574525773525238,0.0020792295690625906,0.22999998927116394,0.26999998092651367,-0.8314846158027649,0.08163265138864517,0.0,,,,,,,,,,,,,,,,,,,,,,,,,,,,,,,,
teacher,0,14,4.980904579162598,4.980904579162598,1.3642420221662063e-14,13.951681137084961,1.0,0.0,3.9761857986450195,2.7073304653167725,0.0014519706601276994,0.0007615506183356047,0.12999999523162842,0.14000000059604645,-0.9483609795570374,0.06122449040412903,0.0,,,,,,,,,,,,,,,,,,,,,,,,,,,,,,,,
teacher,0,15,4.273245811462402,4.273245811462402,1.3642420221662063e-14,15.325170516967773,1.0,0.0,3.954141855239868,1.0041052103042603,0.0008352758595719934,0.00043483226909302175,0.12999999523162842,0.17000000178813934,-0.8232844471931458,0.09183673560619354,0.0,,,,,,,,,,,,,,,,,,,,,,,,,,,,,,,,
teacher,0,16,4.043134689331055,4.043134689331055,6.92068608367305e-14,15.991777420043945,1.0000001192092896,0.0,3.7805001735687256,0.6472174525260925,0.0007008155225776136,0.000322809093631804,0.17000000178813934,0.19999998807907104,-0.8149628043174744,0.05102040618658066,0.0,,,,,,,,,,,,,,,,,,,,,,,,,,,,,,,,
teacher,0,17,5.233570098876953,5.233570098876953,2.259199771703635e-13,12.303762435913086,1.0000001192092896,0.0,3.5917131900787354,4.668887615203857,0.004285428673028946,0.0020706404466181993,0.28999999165534973,0.32999998331069946,-0.679053544998169,0.19387754797935486,0.0,,,,,,,,,,,,,,,,,,,,,,,,,,,,,,,,
teacher,0,18,4.171051025390625,4.171051025390625,0.0,16.378629684448242,1.0,0.0,3.4225192070007324,1.9804607629776,0.0016384365735575557,0.001046526012942195,0.1899999976158142,0.20999999344348907,-0.573927104473114,0.15306122601032257,0.0,,,,,,,,,,,,,,,,,,,,,,,,,,,,,,,,
teacher,0,19,3.7880804538726807,3.7880804538726807,3.465025033393132e-13,18.262313842773438,1.0000001192092896,0.0,3.320695400238037,1.2171047925949097,0.0014652129029855132,0.0009496894781477749,0.10999999940395355,0.11999999731779099,-1.2639294862747192,0.08163265138864517,0.0,,,,,,,,,,,,,,,,,,,,,,,,,,,,,,,,
teacher,0,20,3.5401151180267334,3.5401151180267334,1.463717995008225e-14,20.84775161743164,1.0,0.0,3.2774319648742676,0.8955199122428894,0.002250393619760871,0.0014892186736688018,0.19999998807907104,0.22999998927116394,-0.5475274324417114,0.08163265138864517,0.0,,,,,,,,,,,,,,,,,,,,,,,,,,,,,,,,
teacher,0,21,4.045726776123047,4.045726776123047,0.0,9.926398277282715,1.0,0.0,3.0921144485473633,2.7737255096435547,0.0007855060393922031,0.00039537902921438217,0.14000000059604645,0.1599999964237213,-0.59367835521698,0.09183673560619354,0.0,,,,,,,,,,,,,,,,,,,,,,,,,,,,,,,,
teacher,0,22,3.287004232406616,3.287004232406616,0.0,14.138608932495117,1.0,0.0,2.5230631828308105,1.8083122968673706,0.0009555444703437388,0.0006152709829621017,0.11999999731779099,0.11999999731779099,-0.5091726779937744,0.1428571343421936,0.0,,,,,,,,,,,,,,,,,,,,,,,,,,,,,,,,
teacher,0,23,2.5771708488464355,2.5771708488464355,1.6991476856163118e-13,13.799346923828125,1.0,0.0,2.4387853145599365,0.0,6.907220813445747e-05,2.888709605031181e-05,0.09999999403953552,0.1899999976158142,-0.5489737391471863,0.0,0.0,,,,,,,,,,,,,,,,,,,,,,,,,,,,,,,,
teacher,0,24,2.7714483737945557,2.7714483737945557,4.508393509320037e-14,17.704795837402344,1.0,0.0,2.292630672454834,1.5849488973617554,0.0019857087172567844,0.0011529044713824987,0.08999999612569809,0.10999999940395355,-0.6370220184326172,0.06122449040412903,0.0,,,,,,,,,,,,,,,,,,,,,,,,,,,,,,,,
teacher,0,25,2.833710193634033,2.833710193634033,3.4094741076122535e-16,12.968843460083008,1.0,0.0,1.8926124572753906,2.49450945854187,0.0010240718256682158,0.0005202236934565008,0.14000000059604645,0.17999999225139618,-0.2674442529678345,0.23469386994838715,0.0,,,,,,,,,,,,,,,,,,,,,,,,,,,,,,,,
teacher,0,26,2.77779483795166,2.77779483795166,1.5080384010502431e-15,11.041036605834961,1.0,0.0,1.8607242107391357,2.2653656005859375,0.0007695779204368591,0.0004255825188010931,0.08999999612569809,0.09999999403953552,-0.4593610167503357,0.27551019191741943,0.0,,,,,,,,,,,,,,,,,,,,,,,,,,,,,,,,
teacher,0,27,2.3887875080108643,2.3887875080108643,2.6147971456244243e-14,16.608360290527344,1.0,0.0,1.8456411361694336,1.352016568183899,0.0009874246316030622,0.0005812348099425435,0.07999999821186066,0.09999999403953552,-0.5579525232315063,0.040816325694322586,0.0,,,,,,,,,,,,,,,,,,,,,,,,,,,,,,,,
teacher,0,28,1.8350242376327515,1.8350242376327515,5.258332289558021e-13,20.521196365356445,0.9999998807907104,0.0,1.6492111682891846,0.43857383728027344,0.0026152152568101883,0.0016658577369526029,0.09999999403953552,0.1599999964237213,-0.2851700782775879,0.08163265138864517,0.0,,,,,,,,,,,,,,,,,,,,,,,,,,,,,,,,
teacher,0,29,1.8948688507080078,1.8948688507080078,3.2130740667928037e-13,18.64101791381836,1.0,0.0,1.5492732524871826,0.8614723086357117,0.001058161142282188,0.0007494135061278939,0.07000000029802322,0.10999999940395355,-0.511137843132019,0.05102040618658066,0.0,,,,,,,,,,,,,,,,,,,,,,,,,,,,,,,,
teacher,0,30,1.7941043376922607,1.7941043376922607,2.4478531181204577e-13,15.15932846069336,1.0,0.0,1.5158799886703491,0.8999847769737244,0.000756595516577363,0.00037734885700047016,0.05999999865889549,0.07999999821186066,-0.4913738965988159,0.0714285671710968,0.0,,,,,,,,,,,,,,,,,,,,,,,,,,,,,,,,
teacher,0,31,2.2007994651794434,2.2007994651794434,1.6153647430100504e-13,15.737552642822266,1.0,0.0,1.5120130777359009,1.1433194875717163,0.0021278902422636747,0.0006508155493065715,0.07999999821186066,0.08999999612569809,-0.29543694853782654,0.09183673560619354,0.0,,,,,,,,,,,,,,,,,,,,,,,,,,,,,,,,
teacher,1,0,8.855141639709473,8.842496871948242,0.06322619318962097,17.718368530273438,0.9832134246826172,0.0,8.223832130432129,1.0046207904815674,0.001298392890021205,0.0011031434405595064,0.3799999952316284,0.38999998569488525,-1.2247209548950195,0.0714285671710968,0.0,,,,,,,,,,,,,,,,,,,,,,,,,,,,,,,,
teacher,1,1,7.628042221069336,7.605602741241455,0.11219622194766998,14.393853187561035,0.9457866549491882,0.0,7.17287015914917,0.41051793098449707,0.000984843005426228,0.0003654903848655522,0.1899999976158142,0.20999999344348907,-1.495187520980835,0.08163265138864517,0.0,,,,,,,,,,,,,,,,,,,,,,,,,,,,,,,,
teacher,1,2,7.095122814178467,7.0918121337890625,0.01655450463294983,10.710373878479004,1.0118104219436646,0.0,6.583999156951904,0.7940546870231628,0.0009214417077600956,0.0007328226347453892,0.1599999964237213,0.17000000178813934,-1.4676498174667358,0.06122449040412903,0.0,,,,,,,,,,,,,,,,,,,,,,,,,,,,,,,,
teacher,1,3,6.724745273590088,6.706007957458496,0.09368734061717987,17.535959243774414,0.998702347278595,0.0,6.236138343811035,0.2626859247684479,0.0012523181503638625,0.00047015200834721327,0.1599999964237213,0.17000000178813934,-1.4282256364822388,0.040816325694322586,0.0,,,,,,,,,,,,,,,,,,,,,,,,,,,,,,,,
teacher,1,4,4.796560764312744,4.752403736114502,0.22078631818294525,20.007625579833984,1.0047539472579956,0.0,4.511967658996582,0.0,9.74796203081496e-05,3.429478965699673e-05,0.2199999988079071,0.22999998927116394,-0.9234121441841125,0.0,0.0,,,,,,,,,,,,,,,,,,,,,,,,,,,,,,,,
teacher,1,5,5.411444664001465,5.405364036560059,0.030404170975089073,17.36321258544922,0.9933454990386963,0.0,5.2064290046691895,0.39056161046028137,0.0010075069731101394,0.0006332159973680973,0.2199999988079071,0.23999999463558197,-0.859708845615387,0.040816325694322586,0.0,,,,,,,,,,,,,,,,,,,,,,,,,,,,,,,,
teacher,1,6,5.4581522941589355,5.412843704223633,0.22654369473457336,11.262480735778809,0.9765669107437134,0.0,4.578990936279297,0.5046207308769226,0.001581559656187892,0.0017032792093232274,0.14000000059604645,0.19999998807907104,-0.9737865924835205,0.06122449040412903,0.0,,,,,,,,,,,,,,,,,,,,,,,,,,,,,,,,
teacher,1,7,13.257261276245117,8.435287475585938,0.818070650100708,10.201004981994629,1.3026164770126343,0.023291796445846558,3.7131450176239014,13.984845161437988,0.1445854753255844,0.084633469581604,0.25,0.26999998092651367,-0.571138322353363,0.17346937954425812,0.0,,,,,,,,,,,,,,,,,,,,,,,,,,,,,,,,
teacher,1,8,4.6284308433532715,4.6142473220825195,0.07091645151376724,13.642276763916016,0.99609375,0.0,4.369993209838867,0.0,0.00021567997464444488,0.00012061875168001279,0.20999999344348907,0.22999998927116394,-0.8207145929336548,0.0,0.0,,,,,,,,,,,,,,,,,,,,,,,,,,,,,,,,
teacher,1,9,4.7120819091796875,4.700569152832031,0.057564523071050644,10.045948028564453,0.9935927987098694,0.0,3.8794796466827393,0.9144808053970337,0.0014273684937506914,0.0015958856092765927,0.11999999731779099,0.12999999523162842,-0.8049942255020142,0.08163265138864517,0.0,,,,,,,,,,,,,,,,,,,,,,,,,,,,,,,,
teacher,1,10,4.872282028198242,4.862712860107422,0.04784601181745529,15.392206192016602,0.9995599985122681,0.0,4.348362445831299,0.4756714999675751,0.0013346164487302303,0.0004594442725647241,0.2199999988079071,0.26999998092651367,-0.8207066655158997,0.06122449040412903,0.0,,,,,,,,,,,,,,,,,,,,,,,,,,,,,,,,
teacher,1,11,4.777758598327637,4.773730278015137,0.02014162577688694,10.813918113708496,1.040238857269287,0.0,4.315877437591553,0.21941618621349335,0.0004890597192570567,0.0002501760027371347,0.17999999225139618,0.2199999988079071,-0.7445665597915649,0.17346937954425812,0.0,,,,,,,,,,,,,,,,,,,,,,,,,,,,,,,,
teacher,1,12,3.8887996673583984,3.8617844581604004,0.13507625460624695,21.05270767211914,1.0317424535751343,0.0,3.6494407653808594,0.26841485500335693,0.002630645874887705,0.0015280295629054308,0.20999999344348907,0.23999999463558197,-0.5903955698013306,0.05102040618658066,0.0,,,,,,,,,,,,,,,,,,,,,,,,,,,,,,,,
teacher,1,13,4.311158180236816,4.303293228149414,0.0393245555460453,19.513181686401367,0.9876375794410706,0.0,3.9780220985412598,0.5265878438949585,0.0022693525534123182,0.001558384275995195,0.17000000178813934,0.23999999463558197,-0.8205243349075317,0.08163265138864517,0.0,,,,,,,,,,,,,,,,,,,,,,,,,,,,,,,,
teacher,1,14,4.389451503753662,4.369631290435791,0.09909997135400772,13.801087379455566,0.989206075668335,0.0,4.125489234924316,0.3119867742061615,0.00044098671060055494,0.0002707839594222605,0.20999999344348907,0.22999998927116394,-0.8863117694854736,0.040816325694322586,0.0,,,,,,,,,,,,,,,,,,,,,,,,,,,,,,,,
teacher,1,15,4.013261318206787,3.99196195602417,0.10649747401475906,15.111601829528809,0.9860641956329346,0.0,3.2870631217956543,0.8106525540351868,0.0016065638046711683,0.0005484528373926878,0.10999999940395355,0.10999999940395355,-0.8764438033103943,0.09183673560619354,0.0,,,,,,,,,,,,,,,,,,,,,,,,,,,,,,,,
teacher,1,16,4.075626373291016,4.046182155609131,0.14722006022930145,15.993890762329102,1.0001322031021118,0.0,3.693418502807617,0.757830023765564,0.0005491178017109632,0.00038019742351025343,0.1599999964237213,0.1899999976158142,-0.7631513476371765,0.09183673560619354,0.0,,,,,,,,,,,,,,,,,,,,,,,,,,,,,,,,
teacher,1,17,3.6436946392059326,3.6228532791137695,0.10420680791139603,13.748147964477539,1.1173938512802124,0.0,2.8852429389953613,1.3650121688842773,0.0022907759994268417,0.002370148664340377,0.1599999964237213,0.25999999046325684,-0.613248348236084,0.17346937954425812,0.0,,,,,,,,,,,,,,,,,,,,,,,,,,,,,,,,
teacher,1,18,3.163766860961914,3.1421022415161133,0.10832353681325912,17.227252960205078,1.0518128871917725,0.0,2.788015365600586,0.5064247846603394,0.001960866851732135,0.0007996684871613979,0.14000000059604645,0.1599999964237213,-0.5130200982093811,0.09183673560619354,0.0,,,,,,,,,,,,,,,,,,,,,,,,,,,,,,,,
teacher,1,19,2.533566474914551,2.4954833984375,0.19041575491428375,18.053787231445312,0.9885817170143127,0.0,2.077847719192505,0.3670078217983246,0.0011092227650806308,0.0006216198671609163,0.08999999612569809,0.08999999612569809,-0.6140678524971008,0.05102040618658066,0.0,,,,,,,,,,,,,,,,,,,,,,,,,,,,,,,,
teacher,1,20,1.397037148475647,1.3592067956924438,0.18915198743343353,21.07216453552246,1.0107643604278564,0.0,0.8723283410072327,1.2603940963745117,0.00277632474899292,0.002020354615524411,0.03999999910593033,0.04999999701976776,-0.37349310517311096,0.08163265138864517,0.0,,,,,,,,,,,,,,,,,,,,,,,,,,,,,,,,
teacher,1,21,3.549119234085083,3.543102264404297,0.03008498065173626,9.859127044677734,0.9932230114936829,0.0,3.186032772064209,0.7074483633041382,0.0006550737307406962,0.0005022569675929844,0.14000000059604645,0.1599999964237213,-0.5802710652351379,0.040816325694322586,0.0,,,,,,,,,,,,,,,,,,,,,,,,,,,,,,,,
teacher,1,22,0.7392795085906982,0.7211183905601501,0.09080563485622406,13.987064361572266,0.9892815351486206,0.0,0.3660981059074402,0.6241297125816345,0.0010821035830304027,0.00037326509482227266,0.009999999776482582,0.04999999701976776,-0.015950344502925873,0.12244898080825806,0.0,,,,,,,,,,,,,,,,,,,,,,,,,,,,,,,,
teacher,1,23,2.3076136112213135,2.2896876335144043,0.08962983638048172,14.189831733703613,1.0282973051071167,0.0,1.4817579984664917,1.0193384885787964,0.0012416657991707325,0.0020548978354781866,0.07000000029802322,0.11999999731779099,-0.384513258934021,0.040816325694322586,0.0,,,,,,,,,,,,,,,,,,,,,,,,,,,,,,,,
teacher,1,24,2.551379680633545,2.5487711429595947,0.013042835518717766,17.592906951904297,0.9936802983283997,0.0,2.0552048683166504,0.3726477324962616,0.0011417865753173828,0.0005639039445668459,0.07999999821186066,0.09999999403953552,-0.6159124374389648,0.040816325694322586,0.0,,,,,,,,,,,,,,,,,,,,,,,,,,,,,,,,
teacher,1,25,1.858728289604187,1.8217183351516724,0.18504977226257324,12.00741958618164,0.9258666634559631,0.0,0.10279139876365662,4.640838146209717,0.0032954539638012648,0.0008645697962492704,0.0,0.0,0.23425599932670593,0.19387754797935486,0.0,,,,,,,,,,,,,,,,,,,,,,,,,,,,,,,,
teacher,1,26,1.8784898519515991,1.8608289957046509,0.08830448985099792,12.506549835205078,1.1327333450317383,0.0,1.5186549425125122,0.38557422161102295,0.0011884380364790559,0.0006491311942227185,0.07000000029802322,0.07999999821186066,-0.5242664813995361,0.17346937954425812,0.0,,,,,,,,,,,,,,,,,,,,,,,,,,,,,,,,
teacher,1,27,1.4185327291488647,1.4018737077713013,0.08329486846923828,16.58396339416504,0.9985310435295105,0.0,1.2427977323532104,0.016275454312562943,0.00040450002416037023,0.00017520274559501559,0.05999999865889549,0.05999999865889549,-0.46674713492393494,0.010204081423580647,0.0,,,,,,,,,,,,,,,,,,,,,,,,,,,,,,,,
teacher,1,28,0.9156237840652466,0.8656814098358154,0.2497119903564453,19.57705307006836,0.953991711139679,0.0,0.41216838359832764,0.22770272195339203,0.0027211301494389772,0.0012817509705200791,0.009999999776482582,0.04999999701976776,-0.13464456796646118,0.06122449040412903,0.0,,,,,,,,,,,,,,,,,,,,,,,,,,,,,,,,
teacher,1,29,1.4960588216781616,1.4614022970199585,0.1732826977968216,18.76876449584961,1.0068529844284058,0.0,1.2588413953781128,0.49442169070243835,0.0009226961992681026,0.0005946391029283404,0.04999999701976776,0.07000000029802322,-0.5793473124504089,0.05102040618658066,0.0,,,,,,,,,,,,,,,,,,,,,,,,,,,,,,,,
teacher,1,30,2.0892837047576904,2.0689401626586914,0.10171803086996078,15.031307220458984,0.9915549755096436,0.0,1.443880319595337,0.29325422644615173,0.0010863937204703689,0.0004967290442436934,0.07000000029802322,0.07999999821186066,-0.506023108959198,0.05102040618658066,0.0,,,,,,,,,,,,,,,,,,,,,,,,,,,,,,,,
teacher,1,31,1.33143150806427,1.2836376428604126,0.23896946012973785,16.919189453125,1.07508385181427,0.0,0.15377812087535858,2.592654228210449,0.0027970909141004086,0.003817688673734665,0.0,0.0,0.21362784504890442,0.13265305757522583,0.0,,,,,,,,,,,,,,,,,,,,,,,,,,,,,,,,
teacher,5,0,6.4004225730896,6.196477890014648,1.019722819328308,17.206783294677734,0.9548249244689941,0.0,5.503391265869141,1.9091824293136597,0.0043130917474627495,0.005486918147653341,0.17000000178813934,0.19999998807907104,-1.0319561958312988,0.040816325694322586,0.0,,,,,,,,,,,,,,,,,,,,,,,,,,,,,,,,
teacher,5,1,5.1850905418396,4.24194860458374,3.2689104080200195,18.080638885498047,1.1880367994308472,0.0014467999571934342,4.044899940490723,0.632609486579895,0.002091679722070694,0.0007831965340301394,0.10999999940395355,0.10999999940395355,-1.4009381532669067,0.11224489659070969,0.0,,,,,,,,,,,,,,,,,,,,,,,,,,,,,,,,
teacher,5,2,2.67037296295166,2.342237949371338,1.6406745910644531,12.099623680114746,1.1430530548095703,0.0,2.063354015350342,0.0,0.0006976289441809058,0.0002974779927171767,0.04999999701976776,0.04999999701976776,-1.4676498174667358,0.0,0.0,,,,,,,,,,,,,,,,,,,,,,,,,,,,,,,,
teacher,5,3,4.615687370300293,4.085151195526123,2.6526806354522705,18.400577545166016,1.0479438304901123,0.0,3.7806718349456787,0.8899626731872559,0.002198557835072279,0.0012336408253759146,0.09999999403953552,0.09999999403953552,-1.409658432006836,0.040816325694322586,0.0,,,,,,,,,,,,,,,,,,,,,,,,,,,,,,,,
teacher,5,4,3.768515110015869,3.1184287071228027,3.250431537628174,21.35586166381836,1.072460412979126,0.0,2.5041470527648926,0.4511689841747284,0.0006757030496373773,0.000843867426738143,0.07999999821186066,0.09999999403953552,-0.8123087286949158,0.020408162847161293,0.0,,,,,,,,,,,,,,,,,,,,,,,,,,,,,,,,
teacher,5,5,4.137510776519775,3.9453346729278564,0.9608802795410156,17.476587295532227,0.9998316168785095,0.0,3.569748640060425,1.1698496341705322,0.0014113294892013073,0.0011785452952608466,0.14999999105930328,0.17999999225139618,-0.7364606261253357,0.05102040618658066,0.0,,,,,,,,,,,,,,,,,,,,,,,,,,,,,,,,
teacher,5,6,3.876622200012207,3.532905101776123,1.71858549118042,12.004981994628906,1.0409489870071411,0.0,3.0599396228790283,0.6975330710411072,0.0008129498455673456,0.00030515750404447317,0.09999999403953552,0.10999999940395355,-0.9876963496208191,0.09183673560619354,0.0,,,,,,,,,,,,,,,,,,,,,,,,,,,,,,,,
teacher,5,7,5.368836402893066,5.019407272338867,0.4426858425140381,9.288681030273438,1.1861172914505005,0.0013044604565948248,3.54787278175354,3.166149854660034,0.00144768669269979,0.0005612162058241665,0.17000000178813934,0.19999998807907104,-0.6459301114082336,0.2142857164144516,0.0,,,,,,,,,,,,,,,,,,,,,,,,,,,,,,,,
teacher,5,8,2.654287815093994,2.293194532394409,1.8054665327072144,14.324827194213867,1.04593026638031,0.0,2.20382022857666,0.0,0.0008194238180294633,0.0003818777622655034,0.07000000029802322,0.07999999821186066,-0.8001818060874939,0.0,0.0,,,,,,,,,,,,,,,,,,,,,,,,,,,,,,,,
teacher,5,9,1.6982367038726807,1.4134913682937622,1.4237269163131714,10.373088836669922,1.0259486436843872,0.0,0.983671247959137,0.022665048018097878,0.0008416918572038412,0.00028488715179264545,0.029999999329447746,0.03999999910593033,-0.6866902112960815,0.030612245202064514,0.0,,,,,,,,,,,,,,,,,,,,,,,,,,,,,,,,
teacher,5,10,3.303104877471924,3.2189300060272217,0.4208739399909973,16.318204879760742,1.059693694114685,0.0,3.042023181915283,0.4230010211467743,0.0009421118884347379,0.0003644172684289515,0.12999999523162842,0.1599999964237213,-0.8282232880592346,0.0714285671710968,0.0,,,,,,,,,,,,,,,,,,,,,,,,,,,,,,,,
teacher,5,11,1.9884315729141235,1.7186942100524902,1.1585750579833984,12.098288536071777,1.163788080215454,0.00019011180847883224,1.0105407238006592,1.757076621055603,0.0006100592436268926,0.00014703997294418514,0.04999999701976776,0.07000000029802322,-0.3950212597846985,0.10204081237316132,0.0,,,,,,,,,,,,,,,,,,,,,,,,,,,,,,,,
teacher,5,12,2.3614883422851562,1.0685703754425049,1.9197919368743896,24.841358184814453,1.2174150943756104,0.004544798284769058,0.9734024405479431,0.1647326797246933,0.003669148311018944,0.001878603477962315,0.03999999910593033,0.07999999821186066,-0.4388258159160614,0.020408162847161293,0.0,,,,,,,,,,,,,,,,,,,,,,,,,,,,,,,,
teacher,5,13,3.452791213989258,3.335763692855835,0.5851373672485352,19.892126083374023,1.0068174600601196,0.0,3.162897825241089,0.5239723324775696,0.0019093776354566216,0.0013982168165966868,0.12999999523162842,0.12999999523162842,-0.8123244047164917,0.05102040618658066,0.0,,,,,,,,,,,,,,,,,,,,,,,,,,,,,,,,
teacher,5,14,3.150339126586914,2.881319522857666,1.3450978994369507,14.971765518188477,1.0731154680252075,0.0,2.536320209503174,0.4422008693218231,0.0011259508319199085,0.001002146047540009,0.08999999612569809,0.12999999523162842,-0.8570451736450195,0.030612245202064514,0.0,,,,,,,,,,,,,,,,,,,,,,,,,,,,,,,,
teacher,5,15,2.2786972522735596,2.204514503479004,0.3709137737751007,16.149433135986328,1.0537848472595215,0.0,2.059229850769043,0.21009664237499237,0.0011213755933567882,0.0005227578221820295,0.07000000029802322,0.07999999821186066,-0.8122150301933289,0.06122449040412903,0.0,,,,,,,,,,,,,,,,,,,,,,,,,,,,,,,,
teacher,5,16,2.5675008296966553,2.5202507972717285,0.23624984920024872,16.7037353515625,1.0445202589035034,0.0,2.4597063064575195,0.09489899128675461,0.0006209766725078225,0.00020434721955098212,0.08999999612569809,0.08999999612569809,-0.8406292796134949,0.040816325694322586,0.0,,,,,,,,,,,,,,,,,,,,,,,,,,,,,,,,
teacher,5,17,1.1306930780410767,0.6518746614456177,2.191096544265747,14.324625015258789,1.1642476320266724,0.00020299569587223232,0.16574791073799133,1.6331011056900024,0.0012886226177215576,0.0005051522748544812,0.0,0.0,0.1689871847629547,0.12244898080825806,0.0,,,,,,,,,,,,,,,,,,,,,,,,,,,,,,,,
teacher,5,18,3.115067958831787,0.7228355407714844,1.7283374071121216,20.492244720458984,1.2511574029922485,0.010232824832201004,0.549115777015686,0.40964755415916443,0.0023871585726737976,0.0011486889561638236,0.019999999552965164,0.029999999329447746,-0.3813064396381378,0.06122449040412903,0.0,,,,,,,,,,,,,,,,,,,,,,,,,,,,,,,,
teacher,5,19,1.6675801277160645,1.506428599357605,0.8057579398155212,19.85219955444336,1.087058424949646,0.0,1.1966263055801392,0.0,0.0009944732300937176,0.00023074662021826953,0.04999999701976776,0.04999999701976776,-0.5196498036384583,0.0,0.0,,,,,,,,,,,,,,,,,,,,,,,,,,,,,,,,
teacher,5,20,1.0869790315628052,1.0591007471084595,0.13939164578914642,21.24598503112793,1.0191019773483276,0.0,0.8442021012306213,0.4906144142150879,0.0021175381261855364,0.0014784915838390589,0.03999999910593033,0.03999999910593033,-0.380982905626297,0.08163265138864517,0.0,,,,,,,,,,,,,,,,,,,,,,,,,,,,,,,,
teacher,5,21,0.8210984468460083,0.752687394618988,0.34205520153045654,10.833890914916992,1.091422200202942,0.0,0.18295934796333313,0.2538108229637146,0.0005412313621491194,0.0004841451591346413,0.0,0.009999999776482582,0.11870629340410233,0.040816325694322586,0.0,,,,,,,,,,,,,,,,,,,,,,,,,,,,,,,,
teacher,5,22,0.6646025776863098,0.4718770384788513,0.9636275768280029,14.821962356567383,1.0483324527740479,0.0,0.05549773946404457,1.1618199348449707,0.001282788929529488,0.00067444535670802,0.0,0.0,0.16462862491607666,0.13265305757522583,0.0,,,,,,,,,,,,,,,,,,,,,,,,,,,,,,,,
teacher,5,23,0.579503059387207,0.4422740936279297,0.6861447095870972,15.195898056030273,1.1012041568756104,0.0,0.05394183099269867,0.0,0.00032245382317341864,9.432859951630235e-05,0.0,0.009999999776482582,0.10541687160730362,0.0,0.0,,,,,,,,,,,,,,,,,,,,,,,,,,,,,,,,
teacher,5,24,1.838573932647705,1.763256311416626,0.3765881359577179,18.70698356628418,1.0566054582595825,0.0,1.5517538785934448,0.13566330075263977,0.001377505250275135,0.0005933226202614605,0.05999999865889549,0.07999999821186066,-0.585372805595398,0.040816325694322586,0.0,,,,,,,,,,,,,,,,,,,,,,,,,,,,,,,,
teacher,5,25,0.715140700340271,0.6378225684165955,0.3865908086299896,13.826946258544922,1.0661665201187134,0.0,0.09641045331954956,0.9409683346748352,0.001338180503807962,0.0007086711702868342,0.0,0.0,0.2036590576171875,0.16326530277729034,0.0,,,,,,,,,,,,,,,,,,,,,,,,,,,,,,,,
teacher,5,26,1.538175344467163,1.4297271966934204,0.5422407984733582,12.378046989440918,1.1210945844650269,0.0,0.9881632924079895,0.6801542639732361,0.001432437333278358,0.0008505206787958741,0.03999999910593033,0.04999999701976776,-0.4143373370170593,0.17346937954425812,0.0,,,,,,,,,,,,,,,,,,,,,,,,,,,,,,,,
teacher,5,27,1.4522218704223633,1.269197940826416,0.9151193499565125,17.409358978271484,1.0482286214828491,0.0,0.9954765439033508,0.3950631022453308,0.0010094507597386837,0.0007907852414064109,0.04999999701976776,0.04999999701976776,-0.43827715516090393,0.040816325694322586,0.0,,,,,,,,,,,,,,,,,,,,,,,,,,,,,,,,
teacher,5,28,0.7348820567131042,0.5902237296104431,0.7232916355133057,19.482643127441406,0.9493911266326904,0.0,0.2275150567293167,0.7850099802017212,0.0023757063318043947,0.0015841089189052582,0.009999999776482582,0.019999999552965164,-0.13464581966400146,0.08163265138864517,0.0,,,,,,,,,,,,,,,,,,,,,,,,,,,,,,,,
teacher,5,29,1.2407965660095215,1.1991353034973145,0.20830649137496948,18.862653732299805,1.0118896961212158,0.0,0.9908068776130676,0.3182108402252197,0.0010063982335850596,0.0006324850837700069,0.03999999910593033,0.05999999865889549,-0.4926987588405609,0.05102040618658066,0.0,,,,,,,,,,,,,,,,,,,,,,,,,,,,,,,,
teacher,5,30,1.5283522605895996,1.4418485164642334,0.43251854181289673,15.542543411254883,1.02527916431427,0.0,1.2475638389587402,0.00879659689962864,0.000492387218400836,0.00018051416554953903,0.05999999865889549,0.07000000029802322,-0.4199419617652893,0.010204081423580647,0.0,,,,,,,,,,,,,,,,,,,,,,,,,,,,,,,,
teacher,5,31,0.22530603408813477,0.0894046425819397,0.6795069575309753,17.641361236572266,1.1209723949432373,0.0,0.019407710060477257,0.014693617820739746,0.0010305688483640552,0.00036915187956765294,0.0,0.0,0.31554433703422546,0.020408162847161293,0.0,,,,,,,,,,,,,,,,,,,,,,,,,,,,,,,,
teacher,10,0,5.192426681518555,4.783052921295166,2.0468695163726807,17.1707820892334,0.9528271555900574,0.0,4.045888423919678,2.1907832622528076,0.005083522293716669,0.006436099298298359,0.11999999731779099,0.11999999731779099,-0.930539608001709,0.05102040618658066,0.0,,,,,,,,,,,,,,,,,,,,,,,,,,,,,,,,
teacher,10,1,3.516353130340576,3.181652545928955,1.6735033988952637,16.25078582763672,1.0678013563156128,0.0,2.9632859230041504,0.8129146695137024,0.0019468883983790874,0.0005901709664613008,0.07000000029802322,0.07999999821186066,-1.3733690977096558,0.0714285671710968,0.0,,,,,,,,,,,,,,,,,,,,,,,,,,,,,,,,
teacher,10,2,2.0454485416412354,1.590354561805725,2.2543110847473145,12.22184944152832,1.1545997858047485,2.115824827342294e-05,1.2391331195831299,0.01162643451243639,0.00131130067165941,0.000280005915556103,0.029999999329447746,0.029999999329447746,-1.4676498174667358,0.010204081423580647,0.0,,,,,,,,,,,,,,,,,,,,,,,,,,,,,,,,
teacher,10,3,3.703047037124634,3.027836322784424,3.3760530948638916,19.26909637451172,1.0974074602127075,0.0,2.5794730186462402,1.5547199249267578,0.0023281718604266644,0.0008001779788173735,0.05999999865889549,0.07000000029802322,-1.2999567985534668,0.10204081237316132,0.0,,,,,,,,,,,,,,,,,,,,,,,,,,,,,,,,
teacher,10,4,2.783684492111206,2.2352302074432373,2.7422709465026855,21.478145599365234,1.078601360321045,0.0,1.9429553747177124,0.0,0.0002318506594747305,5.309062180458568e-05,0.05999999865889549,0.07999999821186066,-0.8324910402297974,0.0,0.0,,,,,,,,,,,,,,,,,,,,,,,,,,,,,,,,
teacher,10,5,3.238680362701416,2.697420120239258,2.7063004970550537,17.904529571533203,1.0243141651153564,0.0,2.312926769256592,1.2896872758865356,0.0030438408721238375,0.002820984460413456,0.08999999612569809,0.14999999105930328,-0.6129559278488159,0.05102040618658066,0.0,,,,,,,,,,,,,,,,,,,,,,,,,,,,,,,,
teacher,10,6,3.0112385749816895,2.2500722408294678,3.7989447116851807,13.292901992797852,1.152624249458313,6.8868102971464396e-06,1.686184287071228,1.5589475631713867,0.004937199875712395,0.0033141965977847576,0.04999999701976776,0.05999999865889549,-0.909562885761261,0.18367347121238708,0.0,,,,,,,,,,,,,,,,,,,,,,,,,,,,,,,,
teacher,10,7,3.978196144104004,3.817377805709839,0.47089943289756775,9.148786544799805,1.1682535409927368,0.0003331926418468356,2.615485191345215,2.1910359859466553,0.0027549983933568,0.001873914385214448,0.10999999940395355,0.2199999988079071,-0.649402916431427,0.3163265287876129,0.0,,,,,,,,,,,,,,,,,,,,,,,,,,,,,,,,
teacher,10,8,2.11954927444458,1.6416722536087036,2.389385223388672,15.411664962768555,1.1252859830856323,0.0,1.5609718561172485,0.15477792918682098,0.0012848457554355264,0.00046121361083351076,0.05999999865889549,0.05999999865889549,-0.8019974231719971,0.06122449040412903,0.0,,,,,,,,,,,,,,,,,,,,,,,,,,,,,,,,
teacher,10,9,1.356190800666809,0.8930701613426208,2.315603017807007,11.332876205444336,1.1208761930465698,0.0,0.5475531816482544,0.2697206139564514,0.002159376163035631,0.0004037050239276141,0.019999999552965164,0.019999999552965164,-0.6393219828605652,0.06122449040412903,0.0,,,,,,,,,,,,,,,,,,,,,,,,,,,,,,,,
teacher,10,10,2.4821617603302,1.9294971227645874,2.3749916553497314,18.012283325195312,1.169706106185913,0.00038833156577311456,1.776591420173645,0.08198612183332443,0.0014874404296278954,0.0004608547897078097,0.07000000029802322,0.07000000029802322,-0.790771484375,0.040816325694322586,0.0,,,,,,,,,,,,,,,,,,,,,,,,,,,,,,,,
teacher,10,11,1.2879709005355835,0.8985579013824463,1.9262131452560425,12.002422332763672,1.1545662879943848,2.0851204681093805e-05,0.1458699107170105,1.6418465375900269,0.00200514099560678,0.0019946107640862465,0.0,0.009999999776482582,0.04494018107652664,0.18367347121238708,0.0,,,,,,,,,,,,,,,,,,,,,,,,,,,,,,,,
teacher,10,12,1.6979631185531616,1.5305782556533813,0.8369242548942566,23.107105255126953,1.1324235200881958,0.0,1.254548192024231,0.019710851833224297,0.0030264060478657484,0.0013002933701500297,0.07000000029802322,0.10999999940395355,-0.4388257563114166,0.020408162847161293,0.0,,,,,,,,,,,,,,,,,,,,,,,,,,,,,,,,
teacher,10,13,3.032616376876831,2.697803497314453,1.674064040184021,20.73761749267578,1.04961097240448,0.0,2.498687982559204,0.44515377283096313,0.0027176609728485346,0.0019074124284088612,0.10999999940395355,0.10999999940395355,-0.7401434779167175,0.040816325694322586,0.0,,,,,,,,,,,,,,,,,,,,,,,,,,,,,,,,
teacher,10,14,2.049161672592163,1.872182846069336,0.8848941326141357,16.043750762939453,1.1499511003494263,0.0,1.365885615348816,0.7622541785240173,0.002050629584118724,0.0008560525602661073,0.04999999701976776,0.04999999701976776,-0.8052574992179871,0.10204081237316132,0.0,,,,,,,,,,,,,,,,,,,,,,,,,,,,,,,,
teacher,10,15,1.5544650554656982,1.2555251121520996,1.1454107761383057,17.910362243652344,1.168689250946045,0.0003492889809422195,1.2451505661010742,0.0,0.0015914724208414555,0.0006077529978938401,0.03999999910593033,0.03999999910593033,-0.7258791327476501,0.0,0.0,,,,,,,,,,,,,,,,,,,,,,,,,,,,,,,,
teacher,10,16,1.9357926845550537,1.8494631052017212,0.43164798617362976,17.481304168701172,1.093143343925476,0.0,1.8143781423568726,0.013208460994064808,0.0007685013115406036,0.00022662295668851584,0.05999999865889549,0.05999999865889549,-0.8286040425300598,0.020408162847161293,0.0,,,,,,,,,,,,,,,,,,,,,,,,,,,,,,,,
teacher,10,17,1.0094050168991089,0.6248522996902466,1.5967129468917847,14.371492385864258,1.168056845664978,0.0003260505327489227,0.20526538789272308,0.6858636736869812,0.001081440830603242,0.0005594902904704213,0.009999999776482582,0.019999999552965164,-0.02344818226993084,0.12244898080825806,0.0,,,,,,,,,,,,,,,,,,,,,,,,,,,,,,,,
teacher,10,18,1.010118842124939,0.8481358289718628,0.8090494871139526,18.850658416748047,1.1509301662445068,8.652535825603991e-07,0.6456496119499207,0.6167441606521606,0.0018493091920390725,0.0008235833956860006,0.029999999329447746,0.029999999329447746,-0.3813064992427826,0.10204081237316132,0.0,,,,,,,,,,,,,,,,,,,,,,,,,,,,,,,,
teacher,10,19,1.3692846298217773,1.1745548248291016,0.973649263381958,20.547191619873047,1.1251144409179688,0.0,0.9037147164344788,0.09095282852649689,0.0018723808461800218,0.0005163403693586588,0.03999999910593033,0.03999999910593033,-0.5615201592445374,0.020408162847161293,0.0,,,,,,,,,,,,,,,,,,,,,,,,,,,,,,,,
teacher,10,20,0.7256934642791748,0.6726951003074646,0.2649919390678406,21.89545440673828,1.0502549409866333,0.0,0.5579105019569397,0.3933200538158417,0.0021909147035330534,0.001521964673884213,0.019999999552965164,0.03999999910593033,-0.3673453629016876,0.06122449040412903,0.0,,,,,,,,,,,,,,,,,,,,,,,,,,,,,,,,
teacher,10,21,0.8450669050216675,0.5448925495147705,0.7445414066314697,11.688348770141602,1.1775014400482178,0.000756330497097224,0.013260040432214737,0.18697677552700043,0.0006280664820224047,0.00026662141317501664,0.0,0.0,0.42805635929107666,0.030612245202064514,0.0,,,,,,,,,,,,,,,,,,,,,,,,,,,,,,,,
teacher,10,22,0.2803889513015747,0.18321743607521057,0.4858575761318207,15.09537124633789,1.067670226097107,0.0,0.03540889173746109,0.3602255880832672,0.000736126909032464,0.00019412368419580162,0.0,0.0,0.16462862491607666,0.09183673560619354,0.0,,,,,,,,,,,,,,,,,,,,,,,,,,,,,,,,
teacher,10,23,0.3541814386844635,0.24538058042526245,0.5440043210983276,15.128350257873535,1.0963091850280762,0.0,0.06634536385536194,0.08859288692474365,0.0017451487947255373,0.0010924183297902346,0.0,0.009999999776482582,0.10541687905788422,0.020408162847161293,0.0,,,,,,,,,,,,,,,,,,,,,,,,,,,,,,,,
teacher,10,24,1.1037126779556274,0.07898721843957901,2.992960214614868,21.177753448486328,1.1961591243743896,0.002130666980519891,0.003823842853307724,0.08119960129261017,0.002344253472983837,0.0006457038689404726,0.0,0.0,0.5094444155693054,0.040816325694322586,0.0,,,,,,,,,,,,,,,,,,,,,,,,,,,,,,,,
teacher,10,25,0.48904111981391907,0.3531535267829895,0.18856017291545868,15.201504707336426,1.172155737876892,0.000490877777338028,0.16787467896938324,0.20707404613494873,0.0010903278598561883,0.00048506323946639895,0.0,0.009999999776482582,0.12770386040210724,0.12244898080825806,0.0,,,,,,,,,,,,,,,,,,,,,,,,,,,,,,,,
teacher,10,26,1.179508090019226,1.0259268283843994,0.7679064869880676,12.530078887939453,1.134864330291748,0.0,0.8260684013366699,0.6400161981582642,0.001072568935342133,0.00045514400699175894,0.029999999329447746,0.04999999701976776,-0.48579466342926025,0.13265305757522583,0.0,,,,,,,,,,,,,,,,,,,,,,,,,,,,,,,,
teacher,10,27,1.1573476791381836,1.0875377655029297,0.3490493595600128,16.815746307373047,1.0124868154525757,0.0,0.9620068073272705,0.0,0.0004041226638946682,0.0001119420921895653,0.04999999701976776,0.04999999701976776,-0.5076949596405029,0.0,0.0,,,,,,,,,,,,,,,,,,,,,,,,,,,,,,,,
teacher,10,28,0.5336986780166626,0.5070392489433289,0.13329724967479706,20.803346633911133,1.013749122619629,0.0,0.4052775204181671,0.27872833609580994,0.0026355634909123182,0.0014765668893232942,0.019999999552965164,0.019999999552965164,-0.15137052536010742,0.06122449040412903,0.0,,,,,,,,,,,,,,,,,,,,,,,,,,,,,,,,
teacher,10,29,0.9845927953720093,0.9063882827758789,0.3910224139690399,19.40382957458496,1.0409210920333862,0.0,0.8535390496253967,0.07996385544538498,0.0008898660889826715,0.0004669853369705379,0.03999999910593033,0.03999999910593033,-0.5081945657730103,0.030612245202064514,0.0,,,,,,,,,,,,,,,,,,,,,,,,,,,,,,,,
teacher,10,30,1.0473277568817139,0.9624527096748352,0.4243755340576172,16.48961639404297,1.0877537727355957,0.0,0.7732660174369812,0.03720087930560112,0.0014043282717466354,0.0006000740104354918,0.029999999329447746,0.03999999910593033,-0.48086118698120117,0.05102040618658066,0.0,,,,,,,,,,,,,,,,,,,,,,,,,,,,,,,,
teacher,10,31,0.13195155560970306,0.07345260679721832,0.2924947142601013,17.325424194335938,1.100896954536438,0.0,0.041548874229192734,0.040691472589969635,0.000991861685179174,0.0005162924062460661,0.0,0.0,0.2983444631099701,0.020408162847161293,0.0,,,,,,,,,,,,,,,,,,,,,,,,,,,,,,,,
teacher,20,0,4.097492694854736,3.5329766273498535,2.822580575942993,20.31475830078125,1.12729012966156,0.0,3.256321907043457,0.5982348322868347,0.005582339596003294,0.005667413584887981,0.10999999940395355,0.17999999225139618,-0.9253575801849365,0.06122449040412903,0.0,,,,,,,,,,,,,,,,,,,,,,,,,,,,,,,,
teacher,20,1,2.518742084503174,2.0584967136383057,2.3012266159057617,17.014806747436523,1.118003487586975,0.0,1.911970853805542,0.5044476389884949,0.003251483431085944,0.0011127307079732418,0.04999999701976776,0.04999999701976776,-1.3715680837631226,0.18367347121238708,0.0,,,,,,,,,,,,,,,,,,,,,,,,,,,,,,,,
teacher,20,2,1.5314784049987793,1.25603449344635,1.3619039058685303,12.214584350585938,1.1539134979248047,1.5315652490244247e-05,1.0087318420410156,0.11475973576307297,0.0030328137800097466,0.0006765087018720806,0.019999999552965164,0.019999999552965164,-1.4676498174667358,0.05102040618658066,0.0,,,,,,,,,,,,,,,,,,,,,,,,,,,,,,,,
teacher,20,3,2.788843870162964,2.360973358154297,2.10343074798584,20.297794342041016,1.1559934616088867,3.592186840251088e-05,2.0337436199188232,0.9049326181411743,0.003755935002118349,0.0012084560003131628,0.04999999701976776,0.05999999865889549,-1.237777829170227,0.08163265138864517,0.0,,,,,,,,,,,,,,,,,,,,,,,,,,,,,,,,
teacher,20,4,1.855250358581543,1.1564922332763672,3.16953706741333,23.25847625732422,1.1680070161819458,0.0003242534876335412,1.0157359838485718,0.3319624364376068,0.0024940369185060263,0.00286672031506896,0.03999999910593033,0.03999999910593033,-0.5679404139518738,0.020408162847161293,0.0,,,,,,,,,,,,,,,,,,,,,,,,,,,,,,,,
teacher,20,5,2.850184440612793,2.608121871948242,1.2103132009506226,18.581241607666016,1.0630286931991577,0.0,1.6449310779571533,3.2930595874786377,0.01181404385715723,0.016031621024012566,0.07000000029802322,0.09999999403953552,-0.543761134147644,0.06122449040412903,0.0,,,,,,,,,,,,,,,,,,,,,,,,,,,,,,,,
teacher,20,6,2.7389793395996094,2.189600706100464,2.7468924522399902,12.393306732177734,1.0746206045150757,0.0,1.5175811052322388,2.2020792961120605,0.009082202799618244,0.009027257561683655,0.04999999701976776,0.05999999865889549,-0.8716011643409729,0.3163265287876129,0.0,,,,,,,,,,,,,,,,,,,,,,,,,,,,,,,,
teacher,20,7,3.5789308547973633,3.4224026203155518,0.782640814781189,8.902355194091797,1.1367855072021484,0.0,2.2270307540893555,3.9512887001037598,0.005501435603946447,0.004127585794776678,0.09999999403953552,0.11999999731779099,-0.5752328038215637,0.33673468232154846,0.0,,,,,,,,,,,,,,,,,,,,,,,,,,,,,,,,
teacher,20,8,1.8141658306121826,1.259207844734192,2.7747902870178223,15.630714416503906,1.141279935836792,0.0,1.1388015747070312,0.28562670946121216,0.002298762323334813,0.0006946950452402234,0.03999999910593033,0.04999999701976776,-0.7685774564743042,0.020408162847161293,0.0,,,,,,,,,,,,,,,,,,,,,,,,,,,,,,,,
teacher,20,9,1.0582698583602905,0.7381239533424377,1.6007293462753296,11.575431823730469,1.1448662281036377,0.0,0.5163096785545349,0.08367478847503662,0.003026127815246582,0.0007057998445816338,0.019999999552965164,0.019999999552965164,-0.6393219828605652,0.030612245202064514,0.0,,,,,,,,,,,,,,,,,,,,,,,,,,,,,,,,
teacher,20,10,1.8513480424880981,1.6007298231124878,0.7184721827507019,18.064882278442383,1.1731218099594116,0.0005346192046999931,1.456563115119934,0.40860477089881897,0.0018179352628067136,0.0007321542361751199,0.04999999701976776,0.04999999701976776,-0.7550789713859558,0.0714285671710968,0.0,,,,,,,,,,,,,,,,,,,,,,,,,,,,,,,,
teacher,20,11,1.230295181274414,0.6363791823387146,1.1714556217193604,12.395771026611328,1.1924042701721191,0.0017981241689994931,0.0778975561261177,1.4023373126983643,0.0028274222277104855,0.0020657414570450783,0.0,0.009999999776482582,0.04494017735123634,0.15306122601032257,0.0,,,,,,,,,,,,,,,,,,,,,,,,,,,,,,,,
teacher,20,12,1.0901604890823364,0.8300538659095764,0.9966756701469421,23.821441650390625,1.1674314737319946,0.00030385711579583585,0.7609239816665649,0.14478622376918793,0.003568052314221859,0.0016468609683215618,0.029999999329447746,0.05999999865889549,-0.4388244152069092,0.030612245202064514,0.0,,,,,,,,,,,,,,,,,,,,,,,,,,,,,,,,
teacher,20,13,2.4660091400146484,2.0845422744750977,1.4733190536499023,23.132652282714844,1.1708329916000366,0.0004340145387686789,1.7194100618362427,1.0978790521621704,0.007524598389863968,0.007066292688250542,0.05999999865889549,0.07999999821186066,-0.8597992658615112,0.06122449040412903,0.0,,,,,,,,,,,,,,,,,,,,,,,,,,,,,,,,
teacher,20,14,1.4975613355636597,1.339470386505127,0.7904546856880188,15.803396224975586,1.1327234506607056,0.0,1.1695960760116577,0.557581901550293,0.0028862967155873775,0.0016187619185075164,0.03999999910593033,0.03999999910593033,-0.7006881833076477,0.06122449040412903,0.0,,,,,,,,,,,,,,,,,,,,,,,,,,,,,,,,
teacher,20,15,1.1515567302703857,0.9269267320632935,1.1231498718261719,17.52328109741211,1.1434314250946045,0.0,0.8659430146217346,0.08183372020721436,0.002478286623954773,0.0010601162211969495,0.029999999329447746,0.03999999910593033,-0.6969103217124939,0.030612245202064514,0.0,,,,,,,,,,,,,,,,,,,,,,,,,,,,,,,,
teacher,20,16,1.3939822912216187,1.1079158782958984,1.1601085662841797,18.653423309326172,1.1664384603500366,0.0002702237688936293,1.0352579355239868,0.19222307205200195,0.001540038618259132,0.0003255163610447198,0.029999999329447746,0.03999999910593033,-0.816510796546936,0.0714285671710968,0.0,,,,,,,,,,,,,,,,,,,,,,,,,,,,,,,,
teacher,20,17,0.8094882965087891,0.4041811525821686,0.9687026143074036,14.5494966506958,1.18252432346344,0.0010578332003206015,0.12185054272413254,0.8232864737510681,0.0023609239142388105,0.0015647303080186248,0.0,0.0,0.20994867384433746,0.1428571343421936,0.0,,,,,,,,,,,,,,,,,,,,,,,,,,,,,,,,
teacher,20,18,0.81763756275177,0.7227924466133118,0.47422561049461365,18.75942611694336,1.1453598737716675,0.0,0.5871016979217529,0.34748905897140503,0.001923824311234057,0.0007783518522046506,0.019999999552965164,0.029999999329447746,-0.3813064694404602,0.08163265138864517,0.0,,,,,,,,,,,,,,,,,,,,,,,,,,,,,,,,
teacher,20,19,1.2045629024505615,1.059578537940979,0.7249220013618469,20.88922119140625,1.143843173980713,0.0,0.7241259813308716,0.18789608776569366,0.003127738833427429,0.001221269485540688,0.029999999329447746,0.029999999329447746,-0.5326647758483887,0.05102040618658066,0.0,,,,,,,,,,,,,,,,,,,,,,,,,,,,,,,,
teacher,20,20,0.5488206744194031,0.48693373799324036,0.3094346225261688,22.329294204711914,1.071064829826355,0.0,0.44397297501564026,0.09114529937505722,0.002113993978127837,0.0012268880382180214,0.019999999552965164,0.029999999329447746,-0.4011545777320862,0.030612245202064514,0.0,,,,,,,,,,,,,,,,,,,,,,,,,,,,,,,,
teacher,20,21,0.4417979419231415,0.2810271382331848,0.6373240351676941,11.54345417022705,1.1629046201705933,0.0001665298332227394,0.04368004947900772,0.018716072663664818,0.001020846189931035,0.00048608495853841305,0.0,0.0,0.2773124575614929,0.010204081423580647,0.0,,,,,,,,,,,,,,,,,,,,,,,,,,,,,,,,
teacher,20,22,0.134254589676857,0.0612272210419178,0.36513686180114746,16.22071647644043,1.147264003753662,0.0,0.03275449946522713,0.0,0.0007775126141496003,0.0001957494969246909,0.0,0.0,0.16462862491607666,0.0,0.0,,,,,,,,,,,,,,,,,,,,,,,,,,,,,,,,
teacher,20,23,0.21004250645637512,0.10255756974220276,0.537424623966217,15.642973899841309,1.133602499961853,0.0,0.08562591671943665,0.0014442921383306384,0.003918609581887722,0.0028284159488976,0.0,0.009999999776482582,0.10541686415672302,0.010204081423580647,0.0,,,,,,,,,,,,,,,,,,,,,,,,,,,,,,,,
teacher,20,24,0.3012961745262146,0.05133109912276268,1.249825358390808,19.489158630371094,1.100784182548523,0.0,0.00939529575407505,0.051284100860357285,0.0021282515954226255,0.0011147200129926205,0.0,0.0,0.3836725056171417,0.05102040618658066,0.0,,,,,,,,,,,,,,,,,,,,,,,,,,,,,,,,
teacher,20,25,0.40684911608695984,0.3100622296333313,0.2283833622932434,15.121488571166992,1.1659859418869019,0.00025555110187269747,0.1192208081483841,0.31238460540771484,0.0018851946806535125,0.001650721300393343,0.0,0.019999999552965164,0.12546539306640625,0.1428571343421936,0.0,,,,,,,,,,,,,,,,,,,,,,,,,,,,,,,,
teacher,20,26,0.884208083152771,0.6689093708992004,0.741034209728241,12.899415016174316,1.1683155298233032,0.00033545951009728014,0.5622390508651733,0.21051578223705292,0.0016893468564376235,0.0009086421923711896,0.029999999329447746,0.029999999329447746,-0.41505396366119385,0.06122449040412903,0.0,,,,,,,,,,,,,,,,,,,,,,,,,,,,,,,,
teacher,20,27,0.661994457244873,0.5380679965019226,0.6196321845054626,17.36713981628418,1.0456866025924683,0.0,0.45273515582084656,0.01491236686706543,0.0010560002410784364,0.00023419701028615236,0.019999999552965164,0.029999999329447746,-0.4139489233493805,0.020408162847161293,0.0,,,,,,,,,,,,,,,,,,,,,,,,,,,,,,,,
teacher,20,28,0.38477519154548645,0.35214728116989136,0.1631394922733307,20.957744598388672,1.021272897720337,0.0,0.2400396317243576,0.09426841884851456,0.002381413010880351,0.0011616749688982964,0.009999999776482582,0.019999999552965164,-0.13464456796646118,0.040816325694322586,0.0,,,,,,,,,,,,,,,,,,,,,,,,,,,,,,,,
teacher,20,29,0.7246719598770142,0.6194677352905273,0.5260211825370789,20.430461883544922,1.0959949493408203,0.0,0.5462860465049744,0.0,0.0016415163408964872,0.0007268229965120554,0.019999999552965164,0.029999999329447746,-0.46613314747810364,0.0,0.0,,,,,,,,,,,,,,,,,,,,,,,,,,,,,,,,
teacher,20,30,0.6985647678375244,0.5925838351249695,0.5299046039581299,16.912338256835938,1.1156389713287354,0.0,0.5346723198890686,0.0,0.0012886866461485624,0.00029161726706661284,0.019999999552965164,0.029999999329447746,-0.4269530177116394,0.0,0.0,,,,,,,,,,,,,,,,,,,,,,,,,,,,,,,,
teacher,20,31,0.092447929084301,0.05211412161588669,0.20166903734207153,17.516738891601562,1.113053560256958,0.0,0.03173618018627167,0.0,0.0012975243153050542,0.0007305777398869395,0.0,0.0,0.3168356120586395,0.0,0.0,,,,,,,,,,,,,,,,,,,,,,,,,,,,,,,,
teacher,40,0,3.025357246398926,2.6332480907440186,1.9605169296264648,20.727066040039062,1.1501696109771729,2.8775971827599278e-08,2.460129976272583,0.6346002817153931,0.010453292168676853,0.01233673095703125,0.07999999821186066,0.07999999821186066,-0.7533447742462158,0.040816325694322586,0.0,,,,,,,,,,,,,,,,,,,,,,,,,,,,,,,,
teacher,40,1,2.1508898735046387,1.716542363166809,2.112506866455078,17.618886947631836,1.1576961278915405,5.9230751503491774e-05,1.5504077672958374,0.510253369808197,0.004804638214409351,0.0027931658551096916,0.03999999910593033,0.03999999910593033,-1.298761248588562,0.12244898080825806,0.0,,,,,,,,,,,,,,,,,,,,,,,,,,,,,,,,
teacher,40,2,1.3657387495040894,1.1783863306045532,0.9122086763381958,12.225610733032227,1.1549551486968994,2.4553735784138553e-05,0.9511505365371704,0.15497682988643646,0.008210845291614532,0.0032055710908025503,0.019999999552965164,0.019999999552965164,-1.4676498174667358,0.0714285671710968,0.0,,,,,,,,,,,,,,,,,,,,,,,,,,,,,,,,
teacher,40,3,2.114353895187378,1.8379346132278442,1.3491195440292358,20.29338836669922,1.1557425260543823,3.2976880902424455e-05,1.6174545288085938,0.7553250789642334,0.005718324799090624,0.003737656632438302,0.03999999910593033,0.03999999910593033,-1.2144670486450195,0.08163265138864517,0.0,,,,,,,,,,,,,,,,,,,,,,,,,,,,,,,,
teacher,40,4,1.2127444744110107,0.752417266368866,2.3016357421875,22.585582733154297,1.134215235710144,0.0,0.6781989336013794,0.04038253054022789,0.002900056540966034,0.0011486975708976388,0.019999999552965164,0.019999999552965164,-0.5720146894454956,0.020408162847161293,0.0,,,,,,,,,,,,,,,,,,,,,,,,,,,,,,,,
teacher,40,5,2.6030967235565186,2.288159132003784,1.5746879577636719,18.324520111083984,1.0483416318893433,0.0,1.36422860622406,3.004028797149658,0.0043843211606144905,0.004856554791331291,0.05999999865889549,0.07999999821186066,-0.5564453601837158,0.0714285671710968,0.0,,,,,,,,,,,,,,,,,,,,,,,,,,,,,,,,
teacher,40,6,2.102905750274658,1.7969697713851929,1.529679536819458,12.701725006103516,1.1013634204864502,0.0,1.5174480676651,0.9066527485847473,0.007237705402076244,0.005727297626435757,0.03999999910593033,0.07000000029802322,-0.9318720102310181,0.11224489659070969,0.0,,,,,,,,,,,,,,,,,,,,,,,,,,,,,,,,
teacher,40,7,2.253537654876709,2.062286138534546,0.956257164478302,8.964662551879883,1.1447418928146362,0.0,1.381785273551941,2.008666753768921,0.0036306320689618587,0.0014877698849886656,0.04999999701976776,0.07000000029802322,-0.5816143155097961,0.47959181666374207,0.0,,,,,,,,,,,,,,,,,,,,,,,,,,,,,,,,
teacher,40,8,1.4781467914581299,1.1329978704452515,1.725744605064392,15.607110977172852,1.1395565271377563,0.0,0.9811229705810547,0.3901395797729492,0.0027273958548903465,0.0009063638863153756,0.029999999329447746,0.029999999329447746,-0.7636148929595947,0.040816325694322586,0.0,,,,,,,,,,,,,,,,,,,,,,,,,,,,,,,,
teacher,40,9,0.8171359300613403,0.6953285336494446,0.6090371012687683,11.472835540771484,1.134718894958496,0.0,0.5813193321228027,0.17553555965423584,0.004803299903869629,0.0023390669375658035,0.019999999552965164,0.019999999552965164,-0.6393219232559204,0.05102040618658066,0.0,,,,,,,,,,,,,,,,,,,,,,,,,,,,,,,,
teacher,40,10,1.4603074789047241,1.2869430780410767,0.840024471282959,17.788543701171875,1.1551766395568848,2.679784483916592e-05,1.1773972511291504,0.4190574586391449,0.0028303801082074642,0.0014556889655068517,0.03999999910593033,0.04999999701976776,-0.7283722162246704,0.0714285671710968,0.0,,,,,,,,,,,,,,,,,,,,,,,,,,,,,,,,
teacher,40,11,0.6108879446983337,0.45803630352020264,0.7193484902381897,12.024618148803711,1.1567014455795288,4.490969149628654e-05,0.13228555023670197,1.016385793685913,0.0034870377276092768,0.0030527254566550255,0.0,0.009999999776482582,0.04494018480181694,0.27551019191741943,0.0,,,,,,,,,,,,,,,,,,,,,,,,,,,,,,,,
teacher,40,12,0.9260491132736206,0.7196305990219116,0.711712658405304,23.83098602294922,1.1678991317749023,0.00032037976779974997,0.671760082244873,0.12967677414417267,0.00401860848069191,0.001432364690117538,0.019999999552965164,0.04999999701976776,-0.438825786113739,0.010204081423580647,0.0,,,,,,,,,,,,,,,,,,,,,,,,,,,,,,,,
teacher,40,13,1.9003239870071411,1.7047401666641235,0.9039839506149292,22.89093017578125,1.15859854221344,7.393534178845584e-05,1.5034067630767822,0.690260112285614,0.005201097112149,0.0021466785110533237,0.04999999701976776,0.08999999612569809,-0.6453153491020203,0.040816325694322586,0.0,,,,,,,,,,,,,,,,,,,,,,,,,,,,,,,,
teacher,40,14,1.161979079246521,1.0459049940109253,0.5803706645965576,15.520520210266113,1.11244797706604,0.0,1.0083212852478027,0.07434053719043732,0.002941484097391367,0.0013178656809031963,0.029999999329447746,0.029999999329447746,-0.8006799221038818,0.030612245202064514,0.0,,,,,,,,,,,,,,,,,,,,,,,,,,,,,,,,
teacher,40,15,0.9108145236968994,0.7238789796829224,0.9346777200698853,17.567697525024414,1.146329641342163,0.0,0.7168334722518921,0.01064291037619114,0.003657928202301264,0.001558011630550027,0.019999999552965164,0.029999999329447746,-0.6116691827774048,0.010204081423580647,0.0,,,,,,,,,,,,,,,,,,,,,,,,,,,,,,,,
teacher,40,16,0.9592751860618591,0.7721012234687805,0.9352009892463684,18.40361976623535,1.1508177518844604,6.687571385555202e-07,0.7465450167655945,0.0,0.002242313465103507,0.0006477085989899933,0.019999999552965164,0.029999999329447746,-0.6874372363090515,0.0,0.0,,,,,,,,,,,,,,,,,,,,,,,,,,,,,,,,
teacher,40,17,0.48239439725875854,0.2805556058883667,1.0091938972473145,13.95750617980957,1.1344096660614014,0.0,0.1187213882803917,0.5651180148124695,0.003588496707379818,0.003460171865299344,0.0,0.0,0.15591071546077728,0.18367347121238708,0.0,,,,,,,,,,,,,,,,,,,,,,,,,,,,,,,,
teacher,40,18,0.6384496688842773,0.5497527122497559,0.44348472356796265,18.791946411132812,1.1473454236984253,0.0,0.4598354995250702,0.3171287178993225,0.0024534715339541435,0.0008032930199988186,0.019999999552965164,0.029999999329447746,-0.3813064694404602,0.12244898080825806,0.0,,,,,,,,,,,,,,,,,,,,,,,,,,,,,,,,
teacher,40,19,1.1039944887161255,1.011552333831787,0.46221092343330383,20.216018676757812,1.1069802045822144,0.0,0.7491918206214905,0.0035078765358775854,0.0027005018200725317,0.0007655879016965628,0.029999999329447746,0.029999999329447746,-0.4863690137863159,0.010204081423580647,0.0,,,,,,,,,,,,,,,,,,,,,,,,,,,,,,,,
teacher,40,20,0.3961220383644104,0.3123605251312256,0.4188075661659241,23.06387710571289,1.1063004732131958,0.0,0.30247074365615845,0.0,0.0029570155311375856,0.001339576207101345,0.009999999776482582,0.009999999776482582,-0.39809566736221313,0.0,0.0,,,,,,,,,,,,,,,,,,,,,,,,,,,,,,,,
teacher,40,21,0.26621589064598083,0.207760751247406,0.29227569699287415,11.17223834991455,1.1255077123641968,0.0,0.06938790529966354,0.272774338722229,0.0028624727856367826,0.0031336636748164892,0.0,0.0,0.185042604804039,0.040816325694322586,0.0,,,,,,,,,,,,,,,,,,,,,,,,,,,,,,,,
teacher,40,22,0.0938425064086914,0.05801175534725189,0.17915372550487518,15.493570327758789,1.0958341360092163,0.0,0.038752518594264984,0.006773948669433594,0.0009412912186235189,0.00023338514438364655,0.0,0.0,0.16462862491607666,0.020408162847161293,0.0,,,,,,,,,,,,,,,,,,,,,,,,,,,,,,,,
teacher,40,23,0.13723276555538177,0.0773654505610466,0.29933658242225647,15.244914054870605,1.104756236076355,0.0,0.06528758257627487,0.0002629995287861675,0.0038657011464238167,0.0037081437185406685,0.0,0.009999999776482582,0.10541687160730362,0.010204081423580647,0.0,,,,,,,,,,,,,,,,,,,,,,,,,,,,,,,,
teacher,40,24,0.20378351211547852,0.04217197000980377,0.8080576658248901,19.839111328125,1.1205501556396484,0.0,0.013876783661544323,0.009890580549836159,0.002370626898482442,0.0010021997150033712,0.0,0.0,0.3543469309806824,0.020408162847161293,0.0,,,,,,,,,,,,,,,,,,,,,,,,,,,,,,,,
teacher,40,25,0.2867407202720642,0.23894982039928436,0.23895446956157684,14.542860984802246,1.1213691234588623,0.0,0.07814767956733704,0.2958063781261444,0.0014557124814018607,0.0009580010082572699,0.0,0.0,0.20474930107593536,0.15306122601032257,0.0,,,,,,,,,,,,,,,,,,,,,,,,,,,,,,,,
teacher,40,26,0.6763890385627747,0.6090789437294006,0.3365504741668701,12.296806335449219,1.113736629486084,0.0,0.5027631521224976,0.24800482392311096,0.0019477471942082047,0.0010871690465137362,0.029999999329447746,0.029999999329447746,-0.4228884279727936,0.20408162474632263,0.0,,,,,,,,,,,,,,,,,,,,,,,,,,,,,,,,
teacher,40,27,0.5642400979995728,0.44549116492271423,0.5937445163726807,17.948486328125,1.080689787864685,0.0,0.3978944718837738,0.0025205134879797697,0.0025524511002004147,0.0009657614282332361,0.019999999552965164,0.019999999552965164,-0.36846670508384705,0.010204081423580647,0.0,,,,,,,,,,,,,,,,,,,,,,,,,,,,,,,,
teacher,40,28,0.26287317276000977,0.22671575844287872,0.18078704178333282,22.05134391784668,1.0745640993118286,0.0,0.1967194378376007,0.081403449177742,0.005547574255615473,0.003239857265725732,0.009999999776482582,0.009999999776482582,-0.13464456796646118,0.05102040618658066,0.0,,,,,,,,,,,,,,,,,,,,,,,,,,,,,,,,
teacher,40,29,0.5925889015197754,0.4927048981189728,0.49942007660865784,20.437301635742188,1.0963618755340576,0.0,0.4732282757759094,0.0,0.0021620371844619513,0.0006102081970311701,0.019999999552965164,0.019999999552965164,-0.4586712121963501,0.0,0.0,,,,,,,,,,,,,,,,,,,,,,,,,,,,,,,,
teacher,40,30,0.5567013025283813,0.46086394786834717,0.47918665409088135,17.022891998291016,1.1229318380355835,0.0,0.4406214952468872,0.0,0.002413023030385375,0.0006507366197183728,0.019999999552965164,0.019999999552965164,-0.3611167073249817,0.0,0.0,,,,,,,,,,,,,,,,,,,,,,,,,,,,,,,,
teacher,40,31,0.08374439179897308,0.052852194756269455,0.15446098148822784,17.470111846923828,1.110090732574463,0.0,0.027732696384191513,0.005183387082070112,0.0014621750451624393,0.0006595853483304381,0.0,0.0,0.31406480073928833,0.010204081423580647,0.0,,,,,,,,,,,,,,,,,,,,,,,,,,,,,,,,
teacher,80,0,2.6642069816589355,2.454064130783081,1.0507147312164307,20.124393463134766,1.1167266368865967,0.0,2.2892186641693115,0.589758038520813,0.017660409212112427,0.02468354068696499,0.07000000029802322,0.08999999612569809,-0.7225010991096497,0.05102040618658066,0.0,,,,,,,,,,,,,,,,,,,,,,,,,,,,,,,,
teacher,80,1,1.82623291015625,1.4160711765289307,1.9448554515838623,17.65841293334961,1.1602933406829834,0.00010595335334073752,1.3401374816894531,0.15954342484474182,0.005891272332519293,0.002273175399750471,0.03999999910593033,0.03999999910593033,-1.0616891384124756,0.0714285671710968,0.0,,,,,,,,,,,,,,,,,,,,,,,,,,,,,,,,
teacher,80,2,1.3763076066970825,1.2222579717636108,0.6795668005943298,12.273959159851074,1.1595226526260376,9.068136569112539e-05,0.9181233048439026,0.5755698084831238,0.015467103570699692,0.008425918407738209,0.019999999552965164,0.019999999552965164,-1.4676499366760254,0.0714285671710968,0.0,,,,,,,,,,,,,,,,,,,,,,,,,,,,,,,,
teacher,80,3,1.5038070678710938,1.2220337390899658,1.2841848134994507,20.38861846923828,1.1611660718917847,0.00012468169734347612,1.0804054737091064,0.5205791592597961,0.008712919428944588,0.0052798292599618435,0.019999999552965164,0.029999999329447746,-1.0065799951553345,0.040816325694322586,0.0,,,,,,,,,,,,,,,,,,,,,,,,,,,,,,,,
teacher,80,4,1.039657711982727,0.6038283705711365,2.1775929927825928,22.924724578857422,1.151246428489685,1.5536434148089029e-06,0.5610709190368652,0.11388247460126877,0.005669123027473688,0.003091992111876607,0.019999999552965164,0.019999999552965164,-0.42803409695625305,0.020408162847161293,0.0,,,,,,,,,,,,,,,,,,,,,,,,,,,,,,,,
teacher,80,5,1.7571791410446167,1.5032786130905151,1.2695026397705078,18.093120574951172,1.0351033210754395,0.0,1.0714006423950195,1.036722183227539,0.005671235267072916,0.004166341386735439,0.03999999910593033,0.05999999865889549,-0.502450168132782,0.040816325694322586,0.0,,,,,,,,,,,,,,,,,,,,,,,,,,,,,,,,
teacher,80,6,1.7802590131759644,1.5631061792373657,1.0835955142974854,13.279619216918945,1.1514724493026733,2.1681771613657475e-06,1.1321133375167847,1.6124485731124878,0.01761646941304207,0.01968330331146717,0.029999999329447746,0.04999999701976776,-0.820327639579773,0.17346937954425812,0.0,,,,,,,,,,,,,,,,,,,,,,,,,,,,,,,,
teacher,80,7,1.7133270502090454,1.5310931205749512,0.8873752355575562,9.044039726257324,1.1548779010772705,2.3794151275069453e-05,1.0248559713363647,1.2253388166427612,0.0038061721716076136,0.001563472324050963,0.03999999910593033,0.04999999701976776,-0.46334540843963623,0.37755101919174194,0.0,,,,,,,,,,,,,,,,,,,,,,,,,,,,,,,,
teacher,80,8,1.4092298746109009,1.0785653591156006,1.653322458267212,15.376327514648438,1.1227058172225952,0.0,0.9339256882667542,0.2936002016067505,0.003359180176630616,0.0016928486293181777,0.03999999910593033,0.03999999910593033,-0.702174186706543,0.0714285671710968,0.0,,,,,,,,,,,,,,,,,,,,,,,,,,,,,,,,
teacher,80,9,0.7320825457572937,0.6380756497383118,0.4700343608856201,11.578946113586426,1.1452137231826782,0.0,0.5442169308662415,0.10442028194665909,0.008213524706661701,0.003313258057460189,0.019999999552965164,0.019999999552965164,-0.6393219232559204,0.010204081423580647,0.0,,,,,,,,,,,,,,,,,,,,,,,,,,,,,,,,
teacher,80,10,1.172349214553833,1.0061100721359253,0.8044293522834778,17.788496017456055,1.1551735401153564,2.676576332305558e-05,0.9283079504966736,0.2560507357120514,0.0037790797650814056,0.0017387507250532508,0.029999999329447746,0.029999999329447746,-0.6392471790313721,0.040816325694322586,0.0,,,,,,,,,,,,,,,,,,,,,,,,,,,,,,,,
teacher,80,11,0.5375894904136658,0.4213278293609619,0.5813083052635193,11.700716972351074,1.1255439519882202,0.0,0.20190398395061493,0.8095297813415527,0.002338286256417632,0.0019973034504801035,0.0,0.019999999552965164,0.04494017735123634,0.23469386994838715,0.0,,,,,,,,,,,,,,,,,,,,,,,,,,,,,,,,
teacher,80,12,0.8899498581886292,0.6716596484184265,0.6822537183761597,23.878517150878906,1.1702286005020142,0.00040919723687693477,0.584554135799408,0.14725278317928314,0.005020165350288153,0.0019098652992397547,0.009999999776482582,0.05999999865889549,-0.4388258755207062,0.030612245202064514,0.0,,,,,,,,,,,,,,,,,,,,,,,,,,,,,,,,
teacher,80,13,1.3822890520095825,1.1237125396728516,1.2928826808929443,22.692766189575195,1.1485686302185059,0.0,0.9696474075317383,0.507447361946106,0.006982281804084778,0.003648668760433793,0.029999999329447746,0.05999999865889549,-0.7249113917350769,0.05102040618658066,0.0,,,,,,,,,,,,,,,,,,,,,,,,,,,,,,,,
teacher,80,14,1.1322859525680542,1.0555752515792847,0.383553683757782,15.575767517089844,1.1164079904556274,0.0,0.9991503953933716,0.07537217438220978,0.0031447240617126226,0.0016657828819006681,0.029999999329447746,0.029999999329447746,-0.8072015643119812,0.020408162847161293,0.0,,,,,,,,,,,,,,,,,,,,,,,,,,,,,,,,
teacher,80,15,0.9371261596679688,0.7493834495544434,0.9234074354171753,17.683902740478516,1.1539123058319092,1.530632289359346e-05,0.7121242880821228,0.0289992094039917,0.004586154129356146,0.0016538483323529363,0.019999999552965164,0.029999999329447746,-0.7273573279380798,0.020408162847161293,0.0,,,,,,,,,,,,,,,,,,,,,,,,,,,,,,,,
teacher,80,16,0.8136131167411804,0.681364119052887,0.6612448692321777,18.295013427734375,1.144026279449463,0.0,0.6563775539398193,0.01134414691478014,0.003613578388467431,0.0012688682181760669,0.019999999552965164,0.019999999552965164,-0.6752089858055115,0.030612245202064514,0.0,,,,,,,,,,,,,,,,,,,,,,,,,,,,,,,,
teacher,80,17,0.604432225227356,0.24543561041355133,1.0814106464385986,14.47799301147461,1.1767127513885498,0.00071357237175107,0.09408410638570786,0.4167119562625885,0.0037198453210294247,0.0034016871359199286,0.0,0.0,0.15338745713233948,0.17346937954425812,0.0,,,,,,,,,,,,,,,,,,,,,,,,,,,,,,,,
teacher,80,18,0.4694107174873352,0.38200369477272034,0.43236082792282104,18.870834350585938,1.152161955833435,4.674156116379891e-06,0.32321590185165405,0.21820655465126038,0.005059057381004095,0.0025406512431800365,0.009999999776482582,0.009999999776482582,-0.3813064694404602,0.11224489659070969,0.0,,,,,,,,,,,,,,,,,,,,,,,,,,,,,,,,
teacher,80,19,1.055760383605957,0.9724306464195251,0.4166485071182251,19.69412612915039,1.0784026384353638,0.0,0.7056214213371277,0.020499421283602715,0.004022236447781324,0.0016129978466778994,0.029999999329447746,0.029999999329447746,-0.48865705728530884,0.030612245202064514,0.0,,,,,,,,,,,,,,,,,,,,,,,,,,,,,,,,
teacher,80,20,0.34697017073631287,0.25932249426841736,0.43823832273483276,23.054981231689453,1.105873703956604,0.0,0.23980937898159027,0.0,0.004309441428631544,0.0020342040807008743,0.009999999776482582,0.009999999776482582,-0.29801511764526367,0.0,0.0,,,,,,,,,,,,,,,,,,,,,,,,,,,,,,,,
teacher,80,21,0.21518009901046753,0.16274359822273254,0.2621825039386749,11.293906211853027,1.137764811515808,0.0,0.05485455319285393,0.29428422451019287,0.0032336923759430647,0.003603697521612048,0.0,0.0,0.19018860161304474,0.020408162847161293,0.0,,,,,,,,,,,,,,,,,,,,,,,,,,,,,,,,
teacher,80,22,0.07196187227964401,0.03986738994717598,0.16047240793704987,15.81024169921875,1.1182317733764648,0.0,0.035983551293611526,0.0,0.0013836455764248967,0.0004192499618511647,0.0,0.0,0.16462862491607666,0.0,0.0,,,,,,,,,,,,,,,,,,,,,,,,,,,,,,,,
teacher,80,23,0.13914839923381805,0.08669321984052658,0.2622758746147156,15.040313720703125,1.0899293422698975,0.0,0.05981886014342308,0.0,0.0018207903485745192,0.0012391639174893498,0.0,0.009999999776482582,0.10541687160730362,0.0,0.0,,,,,,,,,,,,,,,,,,,,,,,,,,,,,,,,
teacher,80,24,0.17734219133853912,0.07306762784719467,0.5213727951049805,19.862125396728516,1.1218500137329102,0.0,0.024364382028579712,0.0004858732281718403,0.0030301783699542284,0.0012747899163514376,0.0,0.0,0.3351229131221771,0.010204081423580647,0.0,,,,,,,,,,,,,,,,,,,,,,,,,,,,,,,,
teacher,80,25,0.27018022537231445,0.2073589265346527,0.20388251543045044,15.050326347351074,1.1604987382888794,0.00011022400576621294,0.11512146890163422,0.28119194507598877,0.001617827801965177,0.0009752381592988968,0.0,0.009999999776482582,0.11889037489891052,0.0714285671710968,0.0,,,,,,,,,,,,,,,,,,,,,,,,,,,,,,,,
teacher,80,26,0.5738776922225952,0.4576184153556824,0.5808350443840027,12.704690933227539,1.1506792306900024,4.6138671905282536e-07,0.4185257852077484,0.06460785865783691,0.0015784325078129768,0.0005636661662720144,0.019999999552965164,0.019999999552965164,-0.31674298644065857,0.05102040618658066,0.0,,,,,,,,,,,,,,,,,,,,,,,,,,,,,,,,
teacher,80,27,0.4051932394504547,0.33480527997016907,0.35193976759910583,18.232189178466797,1.0977717638015747,0.0,0.29364246129989624,0.005484723951667547,0.003700343193486333,0.0014203472528606653,0.009999999776482582,0.009999999776482582,-0.4098814129829407,0.010204081423580647,0.0,,,,,,,,,,,,,,,,,,,,,,,,,,,,,,,,
teacher,80,28,0.24948817491531372,0.22679652273654938,0.11345827579498291,21.558671951293945,1.0505561828613281,0.0,0.19761763513088226,0.09370467811822891,0.005725456401705742,0.003975624684244394,0.009999999776482582,0.009999999776482582,-0.13464456796646118,0.09183673560619354,0.0,,,,,,,,,,,,,,,,,,,,,,,,,,,,,,,,
teacher,80,29,0.4593876302242279,0.3713214695453644,0.44033083319664,20.011754989624023,1.0735334157943726,0.0,0.3604339361190796,0.003154969308525324,0.002814847743138671,0.0006574856233783066,0.009999999776482582,0.019999999552965164,-0.4846799969673157,0.010204081423580647,0.0,,,,,,,,,,,,,,,,,,,,,,,,,,,,,,,,
teacher,80,30,0.6034355759620667,0.3941221833229065,1.0465668439865112,17.389232635498047,1.1470978260040283,0.0,0.37383005023002625,0.0,0.0030969881918281317,0.0008963218424469233,0.019999999552965164,0.019999999552965164,-0.3901313841342926,0.0,0.0,,,,,,,,,,,,,,,,,,,,,,,,,,,,,,,,
teacher,80,31,0.06449791043996811,0.03582092374563217,0.1433849185705185,17.891071319580078,1.136839509010315,0.0,0.02790750563144684,0.0,0.001955673098564148,0.0007560004596598446,0.0,0.0,0.29217493534088135,0.0,0.0,,,,,,,,,,,,,,,,,,,,,,,,,,,,,,,,
teacher,160,0,2.4605884552001953,2.237290620803833,1.1164896488189697,20.703731536865234,1.1488747596740723,0.0,2.043978691101074,0.6909835338592529,0.026410814374685287,0.03656499832868576,0.07000000029802322,0.07999999821186066,-0.7384350299835205,0.05102040618658066,0.0,,,,,,,,,,,,,,,,,,,,,,,,,,,,,,,,
teacher,160,1,1.599609613418579,1.3099387884140015,1.4483543634414673,17.466779708862305,1.1477015018463135,0.0,1.0577892065048218,0.5839009284973145,0.011658824048936367,0.00683914078399539,0.019999999552965164,0.029999999329447746,-1.12198805809021,0.11224489659070969,0.0,,,,,,,,,,,,,,,,,,,,,,,,,,,,,,,,
teacher,160,2,1.117687702178955,0.9385859966278076,0.8879072666168213,12.202342987060547,1.1527570486068726,7.601448487548623e-06,0.7430679202079773,0.14074325561523438,0.02526014670729637,0.01829044334590435,0.009999999776482582,0.009999999776482582,-1.4676499366760254,0.020408162847161293,0.0,,,,,,,,,,,,,,,,,,,,,,,,,,,,,,,,
teacher,160,3,1.39799964427948,1.1710296869277954,1.1304447650909424,20.229408264160156,1.1520987749099731,4.404956143844174e-06,1.0519466400146484,0.4144458770751953,0.008942433632910252,0.0047157080844044685,0.019999999552965164,0.029999999329447746,-0.978550374507904,0.10204081237316132,0.0,,,,,,,,,,,,,,,,,,,,,,,,,,,,,,,,
teacher,160,4,0.9455825090408325,0.5492912530899048,1.9766870737075806,22.943389892578125,1.1521837711334229,4.768960479850648e-06,0.5029872059822083,0.1108025535941124,0.010780674405395985,0.006098105572164059,0.019999999552965164,0.019999999552965164,-0.4176490902900696,0.020408162847161293,0.0,,,,,,,,,,,,,,,,,,,,,,,,,,,,,,,,
teacher,160,5,1.7777215242385864,1.5503088235855103,1.13706374168396,18.185815811157227,1.0404064655303955,0.0,1.121880292892456,0.872121274471283,0.009151900187134743,0.006178350653499365,0.04999999701976776,0.05999999865889549,-0.509350597858429,0.06122449040412903,0.0,,,,,,,,,,,,,,,,,,,,,,,,,,,,,,,,
teacher,160,6,1.8133659362792969,1.5866318941116333,1.0960804224014282,13.333345413208008,1.1561310291290283,3.758980892598629e-05,1.1371979713439941,1.7089262008666992,0.018247151747345924,0.02161780558526516,0.029999999329447746,0.03999999910593033,-0.8729392886161804,0.17346937954425812,0.0,,,,,,,,,,,,,,,,,,,,,,,,,,,,,,,,
teacher,160,7,1.9653165340423584,1.8073441982269287,0.7898619174957275,8.83619499206543,1.1283371448516846,0.0,1.1190623044967651,1.5622166395187378,0.002772447420284152,0.0015155142173171043,0.04999999701976776,0.04999999701976776,-0.5872916579246521,0.36734694242477417,0.0,,,,,,,,,,,,,,,,,,,,,,,,,,,,,,,,
teacher,160,8,1.4190677404403687,1.2199524641036987,0.9955766201019287,15.184310913085938,1.1086857318878174,0.0,0.873954176902771,0.49755850434303284,0.0041023436933755875,0.002996494760736823,0.029999999329447746,0.03999999910593033,-0.6590410470962524,0.030612245202064514,0.0,,,,,,,,,,,,,,,,,,,,,,,,,,,,,,,,
teacher,160,9,0.6684640645980835,0.5547899603843689,0.5683706402778625,11.552215576171875,1.1425700187683105,0.0,0.3744829595088959,0.36727866530418396,0.019109070301055908,0.01375971082597971,0.009999999776482582,0.009999999776482582,-0.6393219828605652,0.05102040618658066,0.0,,,,,,,,,,,,,,,,,,,,,,,,,,,,,,,,
teacher,160,10,1.1078522205352783,0.9793604612350464,0.642341136932373,17.714101791381836,1.150342345237732,1.1721658665919676e-07,0.9129842519760132,0.22557023167610168,0.0059432098641991615,0.0030920866411179304,0.029999999329447746,0.029999999329447746,-0.6860076785087585,0.040816325694322586,0.0,,,,,,,,,,,,,,,,,,,,,,,,,,,,,,,,
teacher,160,11,0.5771414637565613,0.40655434131622314,0.8225624561309814,12.01224422454834,1.1555111408233643,3.037293572560884e-05,0.1034378632903099,0.9180458188056946,0.0023055553901940584,0.0016700270352885127,0.0,0.009999999776482582,0.044940169900655746,0.2142857164144516,0.0,,,,,,,,,,,,,,,,,,,,,,,,,,,,,,,,
teacher,160,12,0.9036087393760681,0.7651346921920776,0.6003490090370178,23.6614933013916,1.1595927476882935,9.202126238960773e-05,0.6624937057495117,0.12351181358098984,0.005420166067779064,0.002204878954216838,0.009999999776482582,0.07000000029802322,-0.4388274550437927,0.030612245202064514,0.0,,,,,,,,,,,,,,,,,,,,,,,,,,,,,,,,
teacher,160,13,0.9501871466636658,0.7666757702827454,0.9063859581947327,22.787078857421875,1.1533422470092773,1.1170774087077007e-05,0.6733920574188232,0.315229594707489,0.006781280972063541,0.0032004602253437042,0.019999999552965164,0.029999999329447746,-0.6507490873336792,0.0714285671710968,0.0,,,,,,,,,,,,,,,,,,,,,,,,,,,,,,,,
teacher,160,14,1.1602387428283691,1.06427800655365,0.47980397939682007,15.521742820739746,1.1125357151031494,0.0,0.9358996748924255,0.18140029907226562,0.0042347670532763,0.0024254622403532267,0.029999999329447746,0.03999999910593033,-0.7001892328262329,0.040816325694322586,0.0,,,,,,,,,,,,,,,,,,,,,,,,,,,,,,,,
teacher,160,15,0.8405884504318237,0.6906501054763794,0.7496918439865112,17.528173446655273,1.1437506675720215,0.0,0.6570045948028564,0.008868241682648659,0.004822749178856611,0.001811599126085639,0.019999999552965164,0.019999999552965164,-0.7032924294471741,0.010204081423580647,0.0,,,,,,,,,,,,,,,,,,,,,,,,,,,,,,,,
teacher,160,16,0.7770763039588928,0.6509448885917664,0.6306570768356323,18.26528549194336,1.142167329788208,0.0,0.6230514645576477,0.05578918382525444,0.004838516935706139,0.0018966116476804018,0.019999999552965164,0.019999999552965164,-0.6579514145851135,0.040816325694322586,0.0,,,,,,,,,,,,,,,,,,,,,,,,,,,,,,,,
teacher,160,17,0.6779478788375854,0.4326176941394806,1.2266508340835571,14.069120407104492,1.1434812545776367,0.0,0.2176240086555481,0.4186099171638489,0.002596161561086774,0.0021593214478343725,0.009999999776482582,0.019999999552965164,-0.03985137864947319,0.13265305757522583,0.0,,,,,,,,,,,,,,,,,,,,,,,,,,,,,,,,
teacher,160,18,0.565004825592041,0.3513730764389038,0.6063704490661621,19.187387466430664,1.1714892387390137,0.00046178841148503125,0.27928492426872253,0.1615380048751831,0.0053543150424957275,0.0025478096213191748,0.009999999776482582,0.009999999776482582,-0.3813064992427826,0.11224489659070969,0.0,,,,,,,,,,,,,,,,,,,,,,,,,,,,,,,,
teacher,160,19,0.9661194086074829,0.835231602191925,0.5618771910667419,21.177358627319336,1.1596208810806274,9.256181510863826e-05,0.5820517539978027,0.06550507992506027,0.009370637126266956,0.0028928418178111315,0.019999999552965164,0.019999999552965164,-0.5881998538970947,0.020408162847161293,0.0,,,,,,,,,,,,,,,,,,,,,,,,,,,,,,,,
teacher,160,20,0.32336392998695374,0.20545904338359833,0.5895244479179382,23.264575958251953,1.1159273386001587,0.0,0.18349722027778625,0.005711245816200972,0.004832811653614044,0.0018369762692600489,0.009999999776482582,0.019999999552965164,-0.12138544023036957,0.010204081423580647,0.0,,,,,,,,,,,,,,,,,,,,,,,,,,,,,,,,
teacher,160,21,0.20935270190238953,0.16750647127628326,0.20923110842704773,11.10754680633545,1.1189906597137451,0.0,0.07689357548952103,0.2947194278240204,0.00408308207988739,0.004884046036750078,0.0,0.009999999776482582,0.14044189453125,0.040816325694322586,0.0,,,,,,,,,,,,,,,,,,,,,,,,,,,,,,,,
teacher,160,22,0.0758126825094223,0.04849773272871971,0.13657476007938385,15.579252243041992,1.1018942594528198,0.0,0.03891957178711891,0.0014828204875811934,0.001521475613117218,0.0006024208851158619,0.0,0.0,0.16462862491607666,0.010204081423580647,0.0,,,,,,,,,,,,,,,,,,,,,,,,,,,,,,,,
teacher,160,23,0.11181914806365967,0.07082301378250122,0.20498065650463104,15.158552169799805,1.098497748374939,0.0,0.06160491704940796,0.0,0.002079912694171071,0.001146515365689993,0.0,0.009999999776482582,0.10541687905788422,0.0,0.0,,,,,,,,,,,,,,,,,,,,,,,,,,,,,,,,
teacher,160,24,0.13810929656028748,0.03137921169400215,0.5336503982543945,20.189462661743164,1.140338659286499,0.0,0.006992061156779528,0.032218147069215775,0.004081645514816046,0.0019112542504444718,0.0,0.0,0.4954487383365631,0.05102040618658066,0.0,,,,,,,,,,,,,,,,,,,,,,,,,,,,,,,,
teacher,160,25,0.27369225025177,0.21805688738822937,0.21288448572158813,15.018961906433105,1.1580803394317627,6.529226811835542e-05,0.06929150223731995,0.1544043868780136,0.0016096786130219698,0.0008455320494249463,0.0,0.0,0.2105506807565689,0.13265305757522583,0.0,,,,,,,,,,,,,,,,,,,,,,,,,,,,,,,,
teacher,160,26,0.4838491678237915,0.4066660404205322,0.3859156370162964,12.627092361450195,1.143651008605957,0.0,0.3557232916355133,0.09583902359008789,0.002426456892862916,0.0012107647489756346,0.009999999776482582,0.019999999552965164,-0.4335158169269562,0.13265305757522583,0.0,,,,,,,,,,,,,,,,,,,,,,,,,,,,,,,,
teacher,160,27,0.3910963237285614,0.3128419518470764,0.3912718892097473,18.07271957397461,1.088170051574707,0.0,0.29515698552131653,0.00848779734224081,0.0042007253505289555,0.0016116687329486012,0.019999999552965164,0.019999999552965164,-0.28913116455078125,0.020408162847161293,0.0,,,,,,,,,,,,,,,,,,,,,,,,,,,,,,,,
teacher,160,28,0.24969497323036194,0.2318628877401352,0.08916042745113373,21.460678100585938,1.045780897140503,0.0,0.2007187306880951,0.0890587568283081,0.005933014675974846,0.004098932724446058,0.009999999776482582,0.009999999776482582,-0.13464270532131195,0.06122449040412903,0.0,,,,,,,,,,,,,,,,,,,,,,,,,,,,,,,,
teacher,160,29,0.38202133774757385,0.28849154710769653,0.4676489531993866,19.96725082397461,1.0711458921432495,0.0,0.2760607898235321,0.0,0.004160178359597921,0.0011955098016187549,0.009999999776482582,0.009999999776482582,-0.4030696749687195,0.0,0.0,,,,,,,,,,,,,,,,,,,,,,,,,,,,,,,,
teacher,160,30,0.4007059335708618,0.262510746717453,0.6909758448600769,17.39908218383789,1.14774751663208,0.0,0.24639686942100525,0.009096860885620117,0.005517489742487669,0.0026227592024952173,0.009999999776482582,0.009999999776482582,-0.33348777890205383,0.020408162847161293,0.0,,,,,,,,,,,,,,,,,,,,,,,,,,,,,,,,
teacher,160,31,0.06077466160058975,0.036492958664894104,0.12140851467847824,17.962051391601562,1.1413496732711792,0.0,0.02868511900305748,0.00036594868288375437,0.002478610025718808,0.0009622644865885377,0.0,0.0,0.2821601927280426,0.010204081423580647,0.0,,,,,,,,,,,,,,,,,,,,,,,,,,,,,,,,
teacher,240,0,2.4257476329803467,2.214783191680908,1.0430527925491333,20.785831451416016,1.1534305810928345,1.176905061583966e-05,2.0184388160705566,0.7381901144981384,0.030898936092853546,0.042842380702495575,0.07000000029802322,0.07999999821186066,-0.718202531337738,0.040816325694322586,0.0,,,,,,,,,,,,,,,,,,,,,,,,,,,,,,,,
teacher,240,1,1.7867343425750732,1.5337978601455688,1.264682650566101,17.162311553955078,1.1276956796646118,0.0,1.1300153732299805,1.2137055397033691,0.012524625286459923,0.00791187584400177,0.029999999329447746,0.029999999329447746,-1.0159828662872314,0.13265305757522583,0.0,,,,,,,,,,,,,,,,,,,,,,,,,,,,,,,,
teacher,240,2,1.201690435409546,1.0213996171951294,0.8998534679412842,12.18655014038086,1.151265025138855,1.6003489236027235e-06,0.7516736388206482,0.44918403029441833,0.02523135580122471,0.018897633999586105,0.009999999776482582,0.019999999552965164,-1.4676498174667358,0.06122449040412903,0.0,,,,,,,,,,,,,,,,,,,,,,,,,,,,,,,,
teacher,240,3,1.356881022453308,1.134538173675537,1.1117140054702759,20.135622024536133,1.1467574834823608,0.0,1.011713981628418,0.29121842980384827,0.011013776063919067,0.005106550175696611,0.019999999552965164,0.019999999552965164,-0.9689995050430298,0.06122449040412903,0.0,,,,,,,,,,,,,,,,,,,,,,,,,,,,,,,,
teacher,240,4,0.9308428764343262,0.5061023235321045,2.1237027645111084,22.876602172851562,1.1488298177719116,0.0,0.4278305768966675,0.10889380425214767,0.013312806375324726,0.00736177759245038,0.019999999552965164,0.019999999552965164,-0.5428597331047058,0.040816325694322586,0.0,,,,,,,,,,,,,,,,,,,,,,,,,,,,,,,,
teacher,240,5,1.7223891019821167,1.4894165992736816,1.1648627519607544,18.16209602355957,1.0390493869781494,0.0,1.1426743268966675,1.3326910734176636,0.008112343028187752,0.006270268466323614,0.04999999701976776,0.05999999865889549,-0.5226127505302429,0.08163265138864517,0.0,,,,,,,,,,,,,,,,,,,,,,,,,,,,,,,,
teacher,240,6,1.9274113178253174,1.681372046470642,1.2301961183547974,12.868001937866211,1.115781307220459,0.0,1.1588051319122314,1.8284114599227905,0.01801837980747223,0.019845612347126007,0.029999999329447746,0.03999999910593033,-0.8934558033943176,0.1428571343421936,0.0,,,,,,,,,,,,,,,,,,,,,,,,,,,,,,,,
teacher,240,7,1.5428695678710938,1.2819304466247559,1.3036166429519653,9.013975143432617,1.1510387659072876,1.0790840860863682e-06,0.725521981716156,0.2795480489730835,0.002387966262176633,0.0010363927576690912,0.03999999910593033,0.03999999910593033,-0.33927059173583984,0.09183673560619354,0.0,,,,,,,,,,,,,,,,,,,,,,,,,,,,,,,,
teacher,240,8,1.118688941001892,0.8138049840927124,1.5244197845458984,14.948606491088867,1.0914757251739502,0.0,0.7841623425483704,0.038144707679748535,0.0028806834015995264,0.0013899338664487004,0.019999999552965164,0.029999999329447746,-0.7156005501747131,0.020408162847161293,0.0,,,,,,,,,,,,,,,,,,,,,,,,,,,,,,,,
teacher,240,9,0.6561092138290405,0.5334493517875671,0.6132992506027222,11.60766315460205,1.1480540037155151,0.0,0.3751336634159088,0.1867002546787262,0.017171943560242653,0.01167756225913763,0.009999999776482582,0.009999999776482582,-0.6393219828605652,0.030612245202064514,0.0,,,,,,,,,,,,,,,,,,,,,,,,,,,,,,,,
teacher,240,10,1.116517186164856,0.9716945886611938,0.7136598229408264,17.758615493774414,1.1532330513000488,1.0452775313751772e-05,0.9024668335914612,0.2357749193906784,0.0057216668501496315,0.0028613691683858633,0.029999999329447746,0.029999999329447746,-0.6760812997817993,0.040816325694322586,0.0,,,,,,,,,,,,,,,,,,,,,,,,,,,,,,,,
teacher,240,11,0.4639017581939697,0.3453885316848755,0.5925661325454712,11.771944046020508,1.132395625114441,0.0,0.16696758568286896,0.6481446623802185,0.00222652405500412,0.0018193619325757027,0.0,0.009999999776482582,0.04494018107652664,0.2142857164144516,0.0,,,,,,,,,,,,,,,,,,,,,,,,,,,,,,,,
teacher,240,12,0.8883980512619019,0.6863822937011719,0.6461761593818665,23.855003356933594,1.1690762042999268,0.0003639024798758328,0.6028749942779541,0.13375012576580048,0.00582656916230917,0.00244208169169724,0.019999999552965164,0.04999999701976776,-0.4388274550437927,0.030612245202064514,0.0,,,,,,,,,,,,,,,,,,,,,,,,,,,,,,,,
teacher,240,13,0.8311514258384705,0.6248308420181274,0.9907895922660828,22.847267150878906,1.156388521194458,4.081350925844163e-05,0.5370340347290039,0.3031967580318451,0.010277164168655872,0.004815335385501385,0.009999999776482582,0.019999999552965164,-0.7288837432861328,0.040816325694322586,0.0,,,,,,,,,,,,,,,,,,,,,,,,,,,,,,,,
teacher,240,14,1.144736409187317,1.0195808410644531,0.6257777810096741,16.010902404785156,1.1475965976715088,0.0,0.7990075349807739,0.5489446520805359,0.005206732079386711,0.0029399774502962828,0.019999999552965164,0.03999999910593033,-0.6221771240234375,0.10204081237316132,0.0,,,,,,,,,,,,,,,,,,,,,,,,,,,,,,,,
teacher,240,15,0.8485015630722046,0.7052100300788879,0.716457724571228,17.424158096313477,1.1369633674621582,0.0,0.6734517216682434,0.03754089027643204,0.005369913764297962,0.002400514669716358,0.019999999552965164,0.019999999552965164,-0.5965726375579834,0.020408162847161293,0.0,,,,,,,,,,,,,,,,,,,,,,,,,,,,,,,,
teacher,240,16,0.7994241118431091,0.6787307858467102,0.6034667491912842,18.159103393554688,1.1355276107788086,0.0,0.6239575743675232,0.16127629578113556,0.0050606257282197475,0.00200194981880486,0.019999999552965164,0.019999999552965164,-0.5822311043739319,0.05102040618658066,0.0,,,,,,,,,,,,,,,,,,,,,,,,,,,,,,,,
teacher,240,17,0.49093711376190186,0.2249266505241394,0.97846919298172,14.380027770996094,1.168750524520874,0.0003515830612741411,0.08822541683912277,0.45171862840652466,0.004114102106541395,0.0039915344677865505,0.0,0.0,0.18048095703125,0.17346937954425812,0.0,,,,,,,,,,,,,,,,,,,,,,,,,,,,,,,,
teacher,240,18,0.46175187826156616,0.3544621169567108,0.46369561553001404,18.975126266479492,1.15852952003479,7.275312236743048e-05,0.30075323581695557,0.16459517180919647,0.00579569349065423,0.003058187896385789,0.009999999776482582,0.009999999776482582,-0.3813064694404602,0.1428571343421936,0.0,,,,,,,,,,,,,,,,,,,,,,,,,,,,,,,,
teacher,240,19,0.7034538984298706,0.576742947101593,0.6097525954246521,21.090755462646484,1.1548787355422974,2.3802293071639724e-05,0.2604066729545593,0.06818249076604843,0.018072746694087982,0.0058130486868321896,0.009999999776482582,0.009999999776482582,-0.3740280568599701,0.010204081423580647,0.0,,,,,,,,,,,,,,,,,,,,,,,,,,,,,,,,
teacher,240,20,0.29052066802978516,0.1521570086479187,0.6918182969093323,23.3475341796875,1.1199065446853638,0.0,0.14726893603801727,0.0,0.005343601107597351,0.0018734667683020234,0.0,0.019999999552965164,0.008665784262120724,0.0,0.0,,,,,,,,,,,,,,,,,,,,,,,,,,,,,,,,
teacher,240,21,0.19579941034317017,0.14610297977924347,0.24848218262195587,11.229654312133789,1.1312919855117798,0.0,0.050363924354314804,0.274884432554245,0.0041368803940713406,0.004662345629185438,0.0,0.0,0.21520614624023438,0.020408162847161293,0.0,,,,,,,,,,,,,,,,,,,,,,,,,,,,,,,,
teacher,240,22,0.07405990362167358,0.04560687765479088,0.14226511120796204,15.57038402557373,1.1012670993804932,0.0,0.03611535578966141,0.0,0.0015846999594941735,0.0006247898563742638,0.0,0.0,0.16462862491607666,0.0,0.0,,,,,,,,,,,,,,,,,,,,,,,,,,,,,,,,
teacher,240,23,0.1335679590702057,0.09172575920820236,0.20921097695827484,15.089393615722656,1.0934860706329346,0.0,0.06363117694854736,0.0,0.0021030870266258717,0.0011267904192209244,0.0,0.009999999776482582,0.10541688650846481,0.0,0.0,,,,,,,,,,,,,,,,,,,,,,,,,,,,,,,,
teacher,240,24,0.13559697568416595,0.04350974038243294,0.4604361653327942,20.003416061401367,1.1298303604125977,0.0,0.022371314465999603,0.0,0.0042139519937336445,0.0020341642666608095,0.0,0.0,0.3630540370941162,0.0,0.0,,,,,,,,,,,,,,,,,,,,,,,,,,,,,,,,
teacher,240,25,0.27192386984825134,0.22752560675144196,0.22199136018753052,14.88491439819336,1.1477441787719727,0.0,0.1031656339764595,0.4055187404155731,0.0020305069629102945,0.0013979655923321843,0.0,0.009999999776482582,0.13318940997123718,0.0714285671710968,0.0,,,,,,,,,,,,,,,,,,,,,,,,,,,,,,,,
teacher,240,26,0.5774810910224915,0.51932293176651,0.2907906770706177,12.073392868041992,1.0935018062591553,0.0,0.34646037220954895,0.2545561194419861,0.0022761723957955837,0.0011146549368277192,0.009999999776482582,0.019999999552965164,-0.42380452156066895,0.15306122601032257,0.0,,,,,,,,,,,,,,,,,,,,,,,,,,,,,,,,
teacher,240,27,0.37677544355392456,0.22634759545326233,0.7521392107009888,18.74517059326172,1.1286587715148926,0.0,0.20803259313106537,0.028461217880249023,0.007359902374446392,0.0032471828162670135,0.009999999776482582,0.009999999776482582,-0.2697570323944092,0.020408162847161293,0.0,,,,,,,,,,,,,,,,,,,,,,,,,,,,,,,,
teacher,240,28,0.2350212186574936,0.21678771078586578,0.09116756170988083,21.243453979492188,1.0351955890655518,0.0,0.1897924542427063,0.0706908255815506,0.006032525096088648,0.0039643277414143085,0.009999999776482582,0.009999999776482582,-0.13464395701885223,0.0714285671710968,0.0,,,,,,,,,,,,,,,,,,,,,,,,,,,,,,,,
teacher,240,29,0.37817370891571045,0.2672567367553711,0.554584801197052,20.032424926757812,1.0746421813964844,0.0,0.26227471232414246,8.664131019031629e-05,0.005737849045544863,0.002092197071760893,0.009999999776482582,0.009999999776482582,-0.3973185122013092,0.010204081423580647,0.0,,,,,,,,,,,,,,,,,,,,,,,,,,,,,,,,
teacher,240,30,0.39628690481185913,0.2638784646987915,0.6620422005653381,17.42644500732422,1.149552583694458,0.0,0.2292342334985733,0.014735126867890358,0.005116105545312166,0.0020342960488051176,0.019999999552965164,0.019999999552965164,-0.11196265369653702,0.020408162847161293,0.0,,,,,,,,,,,,,,,,,,,,,,,,,,,,,,,,
teacher,240,31,0.06224164366722107,0.03928074613213539,0.11480449140071869,17.86992073059082,1.1354955434799194,0.0,0.028711941093206406,0.0018712282180786133,0.002472651656717062,0.0009760172688402236,0.0,0.0,0.27303045988082886,0.010204081423580647,0.0,,,,,,,,,,,,,,,,,,,,,,,,,,,,,,,,
teacher,300,0,2.4301750659942627,2.2093563079833984,1.1040935516357422,20.648540496826172,1.1458121538162231,0.0,1.9993417263031006,0.7523379325866699,0.03371782600879669,0.047483693808317184,0.07000000029802322,0.07999999821186066,-0.6978607773780823,0.030612245202064514,0.0,,,,,,,,,,,,,,,,,,,,,,,,,,,,,,,,
teacher,300,1,1.7154613733291626,1.4549309015274048,1.30265212059021,16.853105545043945,1.1073784828186035,0.0,1.2805720567703247,0.43907713890075684,0.009073094464838505,0.004697822500020266,0.029999999329447746,0.03999999910593033,-1.3115949630737305,0.13265305757522583,0.0,,,,,,,,,,,,,,,,,,,,,,,,,,,,,,,,
teacher,300,2,1.1215285062789917,0.944530725479126,0.8785415291786194,12.200037002563477,1.1525391340255737,6.447322448366322e-06,0.7459737062454224,0.13744905591011047,0.025079673156142235,0.017968488857150078,0.009999999776482582,0.009999999776482582,-1.4676499366760254,0.020408162847161293,0.0,,,,,,,,,,,,,,,,,,,,,,,,,,,,,,,,
teacher,300,3,1.3366376161575317,1.0707132816314697,1.3096843957901,20.270957946777344,1.1544650793075562,1.993714613490738e-05,0.9635515809059143,0.23136842250823975,0.014004016295075417,0.00801661517471075,0.019999999552965164,0.019999999552965164,-0.9828283190727234,0.0714285671710968,0.0,,,,,,,,,,,,,,,,,,,,,,,,,,,,,,,,
teacher,300,4,0.9591663479804993,0.6148751974105835,1.721455693244934,22.845050811767578,1.1472454071044922,0.0,0.547633945941925,0.16689077019691467,0.013772256672382355,0.008499707095324993,0.009999999776482582,0.009999999776482582,-0.8023032546043396,0.05102040618658066,0.0,,,,,,,,,,,,,,,,,,,,,,,,,,,,,,,,
teacher,300,5,1.9803136587142944,1.7890223264694214,0.9564566016197205,18.11182403564453,1.0361733436584473,0.0,1.2482256889343262,1.1588340997695923,0.01124471053481102,0.008857914246618748,0.04999999701976776,0.05999999865889549,-0.5479544401168823,0.08163265138864517,0.0,,,,,,,,,,,,,,,,,,,,,,,,,,,,,,,,
teacher,300,6,1.8490118980407715,1.5892759561538696,1.2986799478530884,13.054502487182617,1.1319526433944702,0.0,1.1593220233917236,1.389082431793213,0.017416588962078094,0.020879872143268585,0.029999999329447746,0.03999999910593033,-0.8969540596008301,0.12244898080825806,0.0,,,,,,,,,,,,,,,,,,,,,,,,,,,,,,,,
teacher,300,7,1.5645992755889893,1.1844624280929565,1.1969935894012451,9.213578224182129,1.1765271425247192,0.0007036905735731125,0.6941859126091003,0.8969541788101196,0.0035805704537779093,0.001766442321240902,0.03999999910593033,0.03999999910593033,-0.33927059173583984,0.20408162474632263,0.0,,,,,,,,,,,,,,,,,,,,,,,,,,,,,,,,
teacher,300,8,1.0808029174804688,0.7564900517463684,1.6215640306472778,15.13612174987793,1.1051671504974365,0.0,0.7046826481819153,0.1291208118200302,0.0035584643483161926,0.0016830747481435537,0.019999999552965164,0.029999999329447746,-0.64644855260849,0.020408162847161293,0.0,,,,,,,,,,,,,,,,,,,,,,,,,,,,,,,,
teacher,300,9,0.6440066695213318,0.5264153480529785,0.5879567265510559,11.612058639526367,1.1484887599945068,0.0,0.37720775604248047,0.15972082316875458,0.017494065687060356,0.012113944627344608,0.009999999776482582,0.009999999776482582,-0.6393219232559204,0.020408162847161293,0.0,,,,,,,,,,,,,,,,,,,,,,,,,,,,,,,,
teacher,300,10,1.1317214965820312,1.0031026601791382,0.6292946338653564,17.766033172607422,1.1537147760391235,1.3799738553643692e-05,0.9119927287101746,0.2181914895772934,0.006106507498770952,0.0031769454944878817,0.029999999329447746,0.029999999329447746,-0.6830184459686279,0.0714285671710968,0.0,,,,,,,,,,,,,,,,,,,,,,,,,,,,,,,,
teacher,300,11,0.5073261857032776,0.29382699728012085,0.9046711325645447,12.087602615356445,1.1627602577209473,0.00016282478463836014,0.09602724760770798,0.7086912393569946,0.002217360306531191,0.001537324977107346,0.0,0.009999999776482582,0.04494017735123634,0.2448979616165161,0.0,,,,,,,,,,,,,,,,,,,,,,,,,,,,,,,,
teacher,300,12,0.9204787611961365,0.7810930609703064,0.6450986266136169,23.612653732299805,1.1571992635726929,5.182973836781457e-05,0.6887686252593994,0.164231538772583,0.005823239684104919,0.0024779862724244595,0.009999999776482582,0.07000000029802322,-0.4388274848461151,0.010204081423580647,0.0,,,,,,,,,,,,,,,,,,,,,,,,,,,,,,,,
teacher,300,13,0.8474785089492798,0.6603055596351624,0.9243988394737244,22.787946701049805,1.153386116027832,1.1465943316579796e-05,0.5649087429046631,0.27814170718193054,0.010924852453172207,0.005076887551695108,0.009999999776482582,0.029999999329447746,-0.7001368403434753,0.040816325694322586,0.0,,,,,,,,,,,,,,,,,,,,,,,,,,,,,,,,
teacher,300,14,1.1603199243545532,1.0435601472854614,0.5837987661361694,15.795806884765625,1.1321794986724854,0.0,0.8284724354743958,0.5351763963699341,0.005204171407967806,0.002986893756315112,0.029999999329447746,0.029999999329447746,-0.6519562005996704,0.08163265138864517,0.0,,,,,,,,,,,,,,,,,,,,,,,,,,,,,,,,
teacher,300,15,0.8054829239845276,0.6655675172805786,0.6995769143104553,17.373699188232422,1.1336708068847656,0.0,0.6608663201332092,0.013201809488236904,0.005183856002986431,0.002121721627190709,0.019999999552965164,0.019999999552965164,-0.6627980470657349,0.010204081423580647,0.0,,,,,,,,,,,,,,,,,,,,,,,,,,,,,,,,
teacher,300,16,0.7750201225280762,0.6405143141746521,0.6725291013717651,18.333271026611328,1.1464186906814575,0.0,0.6222342252731323,0.010326147079467773,0.00480696139857173,0.001751017407514155,0.019999999552965164,0.019999999552965164,-0.6653802394866943,0.030612245202064514,0.0,,,,,,,,,,,,,,,,,,,,,,,,,,,,,,,,
teacher,300,17,0.43035805225372314,0.20248942077159882,0.9236963391304016,14.330005645751953,1.1646848917007446,0.0002156467380700633,0.07981423288583755,0.3197460472583771,0.003750924253836274,0.0033186194486916065,0.0,0.0,0.21095198392868042,0.16326530277729034,0.0,,,,,,,,,,,,,,,,,,,,,,,,,,,,,,,,
teacher,300,18,0.4734227657318115,0.3713214099407196,0.42328351736068726,18.98838996887207,1.1593393087387085,8.722313214093447e-05,0.3049107789993286,0.21376097202301025,0.0063494229689240456,0.0034386469051241875,0.009999999776482582,0.009999999776482582,-0.3813064694404602,0.1428571343421936,0.0,,,,,,,,,,,,,,,,,,,,,,,,,,,,,,,,
teacher,300,19,0.6729017496109009,0.5583582520484924,0.5724518299102783,21.011066436767578,1.1505151987075806,2.654542754498834e-07,0.25643616914749146,0.05353124067187309,0.020742474123835564,0.007891671732068062,0.009999999776482582,0.009999999776482582,-0.3740263879299164,0.020408162847161293,0.0,,,,,,,,,,,,,,,,,,,,,,,,,,,,,,,,
teacher,300,20,0.3009885549545288,0.16615869104862213,0.6741493344306946,23.150196075439453,1.1104408502578735,0.0,0.16226594150066376,0.0,0.005336375907063484,0.0022963467054069042,0.009999999776482582,0.019999999552965164,-0.09562565386295319,0.0,0.0,,,,,,,,,,,,,,,,,,,,,,,,,,,,,,,,
teacher,300,21,0.22209791839122772,0.17382092773914337,0.24138493835926056,11.140199661254883,1.1222801208496094,0.0,0.04987061396241188,0.37910792231559753,0.004184390883892775,0.004985431209206581,0.0,0.0,0.21689054369926453,0.040816325694322586,0.0,,,,,,,,,,,,,,,,,,,,,,,,,,,,,,,,
teacher,300,22,0.06720562279224396,0.03764357045292854,0.14781026542186737,15.570402145385742,1.1012682914733887,0.0,0.03489670902490616,0.0010653019417077303,0.0016212305054068565,0.0007749313372187316,0.0,0.0,0.16462862491607666,0.020408162847161293,0.0,,,,,,,,,,,,,,,,,,,,,,,,,,,,,,,,
teacher,300,23,0.12793658673763275,0.08464965224266052,0.21643468737602234,15.152366638183594,1.098049521446228,0.0,0.05977584421634674,0.0,0.0021662621293216944,0.001074023311957717,0.0,0.009999999776482582,0.10541686415672302,0.0,0.0,,,,,,,,,,,,,,,,,,,,,,,,,,,,,,,,
teacher,300,24,0.12550312280654907,0.04456619173288345,0.4046846032142639,20.200347900390625,1.1409534215927124,0.0,0.021483978256583214,0.00030431748018600047,0.004806539975106716,0.002389085479080677,0.0,0.0,0.3761371970176697,0.010204081423580647,0.0,,,,,,,,,,,,,,,,,,,,,,,,,,,,,,,,
teacher,300,25,0.2636404037475586,0.22439421713352203,0.1962309628725052,14.725081443786621,1.1354197263717651,0.0,0.10179146379232407,0.42180177569389343,0.001989513635635376,0.0013026671949774027,0.0,0.009999999776482582,0.13818511366844177,0.13265305757522583,0.0,,,,,,,,,,,,,,,,,,,,,,,,,,,,,,,,
teacher,300,26,0.488511323928833,0.41460591554641724,0.3695269823074341,12.568582534790039,1.1383516788482666,0.0,0.31881335377693176,0.2891397178173065,0.002547371434047818,0.0010269873309880495,0.009999999776482582,0.019999999552965164,-0.42760390043258667,0.1428571343421936,0.0,,,,,,,,,,,,,,,,,,,,,,,,,,,,,,,,
teacher,300,27,0.38872599601745605,0.24430255591869354,0.7221171259880066,18.831695556640625,1.1338684558868408,0.0,0.22679300606250763,0.014725351706147194,0.007257754448801279,0.003078847425058484,0.009999999776482582,0.019999999552965164,-0.2669105529785156,0.020408162847161293,0.0,,,,,,,,,,,,,,,,,,,,,,,,,,,,,,,,
teacher,300,28,0.23398378491401672,0.21422241628170013,0.09880682826042175,21.117416381835938,1.029053807258606,0.0,0.18694332242012024,0.06313984841108322,0.006176953669637442,0.004072102718055248,0.009999999776482582,0.009999999776482582,-0.13464270532131195,0.040816325694322586,0.0,,,,,,,,,,,,,,,,,,,,,,,,,,,,,,,,
teacher,300,29,0.44263964891433716,0.32658687233924866,0.5802638530731201,19.895355224609375,1.067289113998413,0.0,0.287313848733902,0.0795421153306961,0.004606203641742468,0.0015207943506538868,0.019999999552965164,0.019999999552965164,-0.1882878988981247,0.030612245202064514,0.0,,,,,,,,,,,,,,,,,,,,,,,,,,,,,,,,
teacher,300,30,0.42861899733543396,0.2802676260471344,0.6535667777061462,17.57558822631836,1.159390926361084,8.818994683679193e-05,0.25908076763153076,0.004760718438774347,0.005573555827140808,0.00248564756475389,0.019999999552965164,0.019999999552965164,-0.2138267606496811,0.010204081423580647,0.0,,,,,,,,,,,,,,,,,,,,,,,,,,,,,,,,
teacher,300,31,0.05757191404700279,0.03198796138167381,0.1279197633266449,17.8813533782959,1.136222004890442,0.0,0.025820542126893997,0.00083670619642362,0.002629309892654419,0.001142153749242425,0.0,0.0,0.27842482924461365,0.010204081423580647,0.0,,,,,,,,,,,,,,,,,,,,,,,,,,,,,,,,
C1_cost_only,0,,,,,,,,,,,,,,,,,4.674721717834473,4.393946170806885,4.674721717834473,4.393946170806885,3.5413078719459534e-13,1.7871587456447235e-13,15.225357055664062,15.362075805664062,1.0,1.0,0.0,0.0,3.9863266944885254,3.8673205375671387,1.8871145248413086,1.284562110900879,0.0018637978937476873,0.0010411161929368973,0.0009732631733641028,0.0005982519942335784,0.17656250298023224,0.17000000178813934,0.2068749964237213,0.19499999284744263,-0.7943893671035767,-0.7749410271644592,0.0959821343421936,0.08163265138864517,0.0,0.0,1.0,1.0
C1_cost_only,1,,,,,,,,,,,,,,,,,4.518569469451904,4.440582275390625,4.517614364624023,4.440338134765625,0.004778436850756407,0.001011022599413991,15.142629623413086,15.296436309814453,0.9947699904441833,0.995742917060852,0.0,0.0,3.8940296173095703,3.8438563346862793,1.636793851852417,0.8795922994613647,0.0018496359698474407,0.0008514889050275087,0.0009350423933938146,0.0004642746935132891,0.17156249284744263,0.16499999165534973,0.19875000417232513,0.17999999225139618,-0.7807140350341797,-0.7769531011581421,0.08960458636283875,0.0714285671710968,0.0,0.0,0.9982441663742065,0.9995232820510864
C1_cost_only,5,,,,,,,,,,,,,,,,,4.199151992797852,4.198685646057129,4.194910526275635,4.197871208190918,0.02120741829276085,0.005838362500071526,15.18953800201416,15.329788208007812,0.9996486902236938,0.9955909252166748,0.0,0.0,3.7604117393493652,3.814272165298462,0.8786519169807434,0.2877466082572937,0.0011069535976275802,0.0009428043849766254,0.00061478849966079,0.00038090438465587795,0.16624999046325684,0.1599999964237213,0.19093750417232513,0.1899999976158142,-0.7562440633773804,-0.6912456154823303,0.0825892835855484,0.06122449040412903,0.0,0.0,0.995448887348175,0.9976528882980347
C1_cost_only,10,,,,,,,,,,,,,,,,,4.040835857391357,4.107743263244629,4.020309925079346,4.104789733886719,0.10263007879257202,0.016456764191389084,15.299352645874023,15.366531372070312,1.00844407081604,0.9963122606277466,0.0,0.0,3.6558547019958496,3.8083038330078125,0.6351916193962097,0.42987900972366333,0.0011557984398677945,0.0008417526260018349,0.0006301471730694175,0.00041234848322346807,0.1525000035762787,0.14999999105930328,0.1796875,0.17000000178813934,-0.7467095851898193,-0.7256877422332764,0.07557397335767746,0.06122449040412903,0.0,0.0,1.018296480178833,0.9972593784332275
C1_cost_only,20,,,,,,,,,,,,,,,,,3.7368226051330566,3.9817519187927246,3.6640806198120117,3.701789379119873,0.16095662117004395,0.04112909734249115,15.46268367767334,15.256402969360352,1.0195599794387817,1.001983404159546,0.00020275346469134092,0.0,3.3724236488342285,3.399986982345581,0.45125865936279297,0.353921115398407,0.0010510989231988788,0.0008441584650427103,0.0006134455325081944,0.00038044623215682805,0.1340624988079071,0.12999999523162842,0.16124999523162842,0.16499999165534973,-0.7099673748016357,-0.6802223324775696,0.06664539873600006,0.06122449040412903,0.0,0.0,1.0181069374084473,0.9965428709983826
C1_cost_only,40,,,,,,,,,,,,,,,,,3.302586078643799,3.210874557495117,3.241356134414673,3.1948206424713135,0.26194822788238525,0.1449885368347168,15.65518569946289,15.798942565917969,1.0324002504348755,1.01003098487854,4.420098412083462e-05,0.0,2.9754559993743896,3.0392167568206787,0.4665531516075134,0.34361574053764343,0.0010434307623654604,0.0009259461075998843,0.0006268780562095344,0.000478198955534026,0.12218749523162842,0.11499999463558197,0.1418749988079071,0.12999999523162842,-0.6509946584701538,-0.6548870801925659,0.06122448667883873,0.05102040618658066,0.0,0.0,1.009451150894165,0.9936569333076477
C1_cost_only,80,,,,,,,,,,,,,,,,,2.7018489837646484,2.78847599029541,2.6167426109313965,2.7783069610595703,0.39772170782089233,0.18601852655410767,15.918790817260742,16.174823760986328,1.0500054359436035,1.0336077213287354,2.7810448955278844e-05,0.0,2.3796887397766113,2.5503900051116943,0.3883759081363678,0.22457659244537354,0.0013082302175462246,0.0009522502077743411,0.0007085215765982866,0.0004772728425450623,0.09562499821186066,0.08999999612569809,0.11343749612569809,0.09999999403953552,-0.5832068920135498,-0.6270517706871033,0.05994898080825806,0.05102040618658066,0.0,0.0,0.998236358165741,0.9842389822006226
C1_cost_only,160,,,,,,,,,,,,,,,,,2.1156184673309326,2.079533100128174,1.9725350141525269,2.0410783290863037,0.6725625991821289,0.5633624792098999,16.409332275390625,16.978466033935547,1.079566240310669,1.090273380279541,4.2854619096033275e-05,0.0,1.7665858268737793,1.87003755569458,0.2751883864402771,0.08100102096796036,0.001622705371119082,0.0010662454878911376,0.000840944005176425,0.000480797840282321,0.06499999761581421,0.07000000029802322,0.07999999821186066,0.07500000298023224,-0.5473368167877197,-0.617052435874939,0.04815050959587097,0.030612245202064514,0.0,0.0,0.9903032779693604,0.965257465839386
C1_cost_only,240,,,,,,,,,,,,,,,,,1.7403063774108887,1.774956226348877,1.5292466878890991,1.4643261432647705,1.005393624305725,0.8042608499526978,16.643007278442383,17.028812408447266,1.0934152603149414,1.1131170988082886,4.990491652279161e-05,0.0,1.335986852645874,1.2829432487487793,0.1986246258020401,0.07511279731988907,0.001725284499116242,0.0013810774544253945,0.0008052708581089973,0.0004816403961740434,0.04781249910593033,0.04999999701976776,0.058437496423721313,0.05999999865889549,-0.5341557860374451,-0.5874705910682678,0.04783163219690323,0.02551020309329033,0.0,0.0,0.9656980633735657,0.9429501295089722
C1_cost_only,320,,,,,,,,,,,,,,,,,1.467527151107788,1.4071674346923828,1.2657732963562012,1.1278505325317383,1.0033042430877686,0.9219185709953308,16.494558334350586,16.912017822265625,1.0829260349273682,1.1028599739074707,5.465101367008174e-06,0.0,1.0972850322723389,1.0534260272979736,0.19835269451141357,0.03397950157523155,0.0017017638310790062,0.0013741252478212118,0.000765052274800837,0.0005120277055539191,0.038749996572732925,0.03999999910593033,0.052812498062849045,0.04999999701976776,-0.4942212402820587,-0.5779926776885986,0.04591836780309677,0.02551020309329033,0.0,0.0,0.9510030746459961,0.9317624568939209
C1_cost_only,400,,,,,,,,,,,,,,,,,1.3459219932556152,1.187720775604248,1.158341884613037,1.072770118713379,0.9345661401748657,0.691170334815979,16.431682586669922,16.795228958129883,1.078723430633545,1.0898823738098145,3.333781933179125e-06,0.0,0.9870840311050415,0.9257292747497559,0.1834927797317505,0.07397206127643585,0.0018302073003724217,0.001447692047804594,0.0008032877231016755,0.0005900199757888913,0.03531249985098839,0.029999999329447746,0.04468749836087227,0.03999999910593033,-0.49291926622390747,-0.508908748626709,0.04815050959587097,0.030612245202064514,0.0,0.0,0.9400378465652466,0.9210256338119507
C2_teacher,0,,,,,,,,,,,,,,,,,4.674721717834473,4.393946170806885,4.674721717834473,4.393946170806885,3.5413078719459534e-13,1.7871587456447235e-13,15.225357055664062,15.362075805664062,1.0,1.0,0.0,0.0,3.9863266944885254,3.8673205375671387,1.8871145248413086,1.284562110900879,0.0018637978937476873,0.0010411161929368973,0.0009732631733641028,0.0005982519942335784,0.17656250298023224,0.17000000178813934,0.2068749964237213,0.19499999284744263,-0.7943893671035767,-0.7749410271644592,0.0959821343421936,0.08163265138864517,0.0,0.0,1.0,1.0
C2_teacher,1,,,,,,,,,,,,,,,,,4.580636024475098,4.456934452056885,4.580009460449219,4.456779479980469,0.003131114412099123,0.0009235137840732932,15.115071296691895,15.293659210205078,0.9929037094116211,0.9933965802192688,0.0,0.0,3.940174102783203,3.856316328048706,1.7091059684753418,1.0089863538742065,0.0018297649221494794,0.0009083971381187439,0.0009138528257608414,0.0004734757822006941,0.17374998331069946,0.1550000011920929,0.20281249284744263,0.19499999284744263,-0.7880604267120361,-0.7785583734512329,0.09183672815561295,0.0714285671710968,0.0,0.0,0.9979954957962036,0.9991455674171448
C2_teacher,5,,,,,,,,,,,,,,,,,4.418912887573242,4.243989944458008,4.4145402908325195,4.242444038391113,0.021862780675292015,0.01140945591032505,14.977167129516602,15.16472053527832,0.9839659929275513,0.9847795963287354,0.0,0.0,3.821345806121826,3.7686691284179688,1.1897724866867065,0.8099195957183838,0.0014012015890330076,0.0012379647232592106,0.0006930675590410829,0.0004722854355350137,0.17031249403953552,0.16499999165534973,0.19812500476837158,0.19499999284744263,-0.759539783000946,-0.6918158531188965,0.08322703838348389,0.06632652878761292,0.0,0.0,0.9909979104995728,0.9951051473617554
C2_teacher,10,,,,,,,,,,,,,,,,,4.1453070640563965,3.9701147079467773,4.137078285217285,3.9648172855377197,0.04114614799618721,0.02616470865905285,15.036236763000488,15.213227272033691,0.9879162907600403,0.9851744174957275,0.0,0.0,3.6795055866241455,3.4603371620178223,0.7246402502059937,0.694075345993042,0.001120078144595027,0.0010046828538179398,0.0005901682889088988,0.000422345707193017,0.1640625,0.1599999964237213,0.1915625035762787,0.19499999284744263,-0.7387793064117432,-0.6606748700141907,0.07653061300516129,0.06122449040412903,0.0,0.0,0.9793550372123718,0.9860458374023438
C2_teacher,20,,,,,,,,,,,,,,,,,3.9152469635009766,4.071512222290039,3.903339147567749,4.067411422729492,0.05953999608755112,0.02949383109807968,15.134766578674316,15.167890548706055,0.9940292835235596,0.9903315305709839,0.0,0.0,3.557246208190918,3.6704134941101074,0.5260018706321716,0.35139793157577515,0.0010084586683660746,0.0007296153344213963,0.0007191819604486227,0.0003701552632264793,0.15437498688697815,0.14999999105930328,0.1824999898672104,0.17000000178813934,-0.7113392353057861,-0.6338253021240234,0.07270408421754837,0.05102040618658066,0.0,0.0,0.958715558052063,0.9771280288696289
C2_teacher,40,,,,,,,,,,,,,,,,,3.712031126022339,3.6069462299346924,3.68988037109375,3.5962226390838623,0.11075357347726822,0.07961373031139374,15.306713104248047,15.286105155944824,1.0033317804336548,0.998476505279541,0.0,0.0,3.3645882606506348,3.3413100242614746,0.4294585585594177,0.2276058793067932,0.001605781726539135,0.0008279660250991583,0.0018287356942892075,0.00043384137097746134,0.1484375,0.125,0.1731249988079071,0.14999999105930328,-0.6875081062316895,-0.6612776517868042,0.05548468977212906,0.030612245202064514,0.0,0.0,0.923296332359314,0.9560070037841797
C2_teacher,80,,,,,,,,,,,,,,,,,3.2771718502044678,3.0546863079071045,3.230020046234131,3.0409600734710693,0.23575925827026367,0.15981100499629974,15.580766677856445,15.524494171142578,1.021989107131958,1.0140132904052734,0.0,0.0,2.9471945762634277,2.84521484375,0.31663966178894043,0.08082985877990723,0.0020952438935637474,0.0008387010311707854,0.0025798827409744263,0.0003837833646684885,0.11999999731779099,0.10499999672174454,0.14874997735023499,0.13499999046325684,-0.6153312921524048,-0.6046001315116882,0.0491071417927742,0.02551020309329033,0.0,0.0,0.8570152521133423,0.9216516613960266
C2_teacher,160,,,,,,,,,,,,,,,,,2.814739942550659,2.0278167724609375,2.690685749053955,1.980170488357544,0.45072245597839355,0.2779739201068878,16.046627044677734,15.958236694335938,1.052116870880127,1.0431170463562012,0.0001695475511951372,0.0,2.4429497718811035,1.8867112398147583,0.3875621557235718,0.14835503697395325,0.003117889631539583,0.001463289838284254,0.0027972226962447166,0.0007927095284685493,0.10093750059604645,0.07000000029802322,0.12218749523162842,0.07999999821186066,-0.5695563554763794,-0.5532528162002563,0.05006377398967743,0.0357142835855484,0.0,0.0,0.7392173409461975,0.8474687337875366
C2_teacher,240,,,,,,,,,,,,,,,,,2.3019964694976807,1.804304599761963,2.1933794021606445,1.6345657110214233,0.5125076770782471,0.4533342123031616,16.316532135009766,16.490161895751953,1.0717601776123047,1.076375961303711,3.057695721508935e-05,0.0,1.957337498664856,1.368124008178711,0.3504754602909088,0.26866769790649414,0.0036045119632035494,0.0019424171186983585,0.0031359856948256493,0.001076386426575482,0.07906249910593033,0.054999999701976776,0.09718749672174454,0.06499999761581421,-0.5437669157981873,-0.5594775676727295,0.05325254797935486,0.040816325694322586,0.0,0.0,0.6053187847137451,0.6412018537521362
C2_teacher,320,,,,,,,,,,,,,,,,,1.7229293584823608,1.1536201238632202,1.583853006362915,1.0379893779754639,0.68445885181427,0.5105858445167542,16.560527801513672,16.743114471435547,1.0881531238555908,1.0868630409240723,1.0922627552645281e-05,0.0,1.3187401294708252,0.9372447729110718,0.46970334649086,0.21970589458942413,0.004660014994442463,0.0028832678217440844,0.003587322309613228,0.0018506774213165045,0.046562500298023224,0.03999999910593033,0.06312499940395355,0.054999999701976776,-0.49868643283843994,-0.5497835874557495,0.0691964328289032,0.04591836780309677,0.0,0.0,0.446378231048584,0.44139397144317627
C2_teacher,400,,,,,,,,,,,,,,,,,1.4180225133895874,0.9934489727020264,1.261497139930725,0.8692594170570374,0.720731258392334,0.5186444520950317,16.72100830078125,17.748859405517578,1.0979180335998535,1.104501485824585,6.189556734170765e-05,0.0,1.021465539932251,0.7192670702934265,0.4652884602546692,0.25676870346069336,0.005065499804913998,0.0031273693311959505,0.003928075544536114,0.0015988483792170882,0.03531249985098839,0.02499999850988388,0.04593750089406967,0.03500000014901161,-0.5128650665283203,-0.5431286692619324,0.06792092323303223,0.05102040618658066,0.0,0.0,0.35592174530029297,0.23473964631557465
