sample_index,environment,path_num,method,lr,iterations,initial_total,final_total,total_improvement,total_improvement_pct,initial_cp_error_m,initial_obstacle,final_obstacle,initial_curvature,final_curvature,initial_curvature_max,final_curvature_max,initial_out_of_bound,final_out_of_bound,initial_endpoint,final_endpoint,initial_weighted_obstacle,final_weighted_obstacle,initial_weighted_curvature,final_weighted_curvature,initial_weighted_out_of_bound,final_weighted_out_of_bound,initial_weighted_endpoint,final_weighted_endpoint,initial_feasible,final_feasible,initial_smoothness,final_smoothness,initial_jerk,final_jerk,initial_quality,final_quality,initial_cost,final_cost,initial_dangerous_ratio,final_dangerous_ratio,initial_unsafe_margin_ratio,final_unsafe_margin_ratio,initial_min_esdf,final_min_esdf,initial_path_length,final_path_length,initial_curvature_violation_ratio,final_curvature_violation_ratio,initial_control_oob_ratio,final_control_oob_ratio,initial_control_oob_max,final_control_oob_max,initial_cp_error_max,init_target_alpha,init_initialized_alpha,init_rho,init_alpha_clipped,final_x_norm,final_rho,final_slack,final_hard_boundary_margin,final_active_flat_index,final_active_control_point,final_active_coordinate,final_active_is_upper
0,env000028,18,P,0.003,300,14.120255470275879,4.853025913238525,9.267229557037354,65.63074992903292,0.0,9.246241569519043,4.761014938354492,14.658866882324219,0.24427087604999542,86.41881561279297,1.9350329637527466,0.0,0.0,1.2092915773391724,0.030943259596824646,9.246241569519043,4.761014938354492,3.6647167205810547,0.061067719012498856,0.0,0.0,1.2092915773391724,0.030943259596824646,14.12024974822998,4.853025913238525,0.058035608381032944,0.0021872040815651417,0.052785083651542664,0.0008859287481755018,0.052785083651542664,0.0008859287481755018,14.120255470275879,4.853025913238525,0.4399999976158142,0.27000001072883606,0.4699999988079071,0.33000001311302185,-1.6023300886154175,-1.555902123451233,12.17909049987793,13.663468360900879,0.06122449040412903,0.16326530277729034,0.0,0.0,0.0,0.0,0.0,,,,,,,,,,,,
1,env000053,3,P,0.003,300,9.467486381530762,5.35016393661499,4.1173224449157715,43.48907702627249,6.743495646333031e-07,9.181839942932129,4.944551944732666,0.9411609768867493,1.1795276403427124,4.595371723175049,4.895850658416748,0.0,0.0,0.050355568528175354,0.11072952300310135,9.181839942932129,4.944551944732666,0.23529024422168732,0.2948819100856781,0.0,0.0,0.050355568528175354,0.11072952300310135,9.467486381530762,5.350163459777832,0.001515784882940352,0.0051274653524160385,0.0009940899908542633,0.002677906071767211,0.0009940899908542633,0.002677906071767211,9.467486381530762,5.35016393661499,0.3100000023841858,0.1599999964237213,0.33000001311302185,0.18000000715255737,-1.449889063835144,-1.407750129699707,18.278919219970703,21.2514705657959,0.0714285746216774,0.040816325694322586,0.0,0.0,0.0,0.0,6.743495646333031e-07,,,,,,,,,,,,
2,env000071,1,P,0.003,300,9.585968017578125,2.717799425125122,6.868168592453003,71.64814841713014,2.384185791015625e-07,8.704936981201172,2.7022769451141357,2.1023285388946533,0.05902507156133652,9.352002143859863,1.7203328609466553,0.0,0.0,0.355448842048645,0.0007660436676815152,8.704936981201172,2.7022769451141357,0.5255821347236633,0.01475626789033413,0.0,0.0,0.355448842048645,0.0007660436676815152,9.585968017578125,2.717799186706543,0.002335905795916915,0.0034454744309186935,0.0013696287060156465,0.0016532386653125286,0.0013696287060156465,0.0016532386653125286,9.585968017578125,2.717799425125122,0.46000000834465027,0.07000000029802322,0.47999998927116394,0.07999999821186066,-1.420353889465332,-1.377012014389038,16.846967697143555,20.087596893310547,0.13265305757522583,0.040816325694322586,0.0,0.0,0.0,0.0,2.384185791015625e-07,,,,,,,,,,,,
3,env000098,15,P,0.003,300,9.555397987365723,2.743570566177368,6.8118274211883545,71.28774154875647,2.384185791015625e-07,8.304899215698242,2.5910446643829346,3.0685720443725586,0.5993365049362183,18.43829917907715,2.2814536094665527,0.0,0.0,0.48335573077201843,0.002691492671146989,8.304899215698242,2.5910446643829346,0.7671430110931396,0.14983412623405457,0.0,0.0,0.48335573077201843,0.002691492671146989,9.555397987365723,2.743570327758789,0.003083831164985895,0.0058317603543400764,0.0013566215056926012,0.002803786424919963,0.0013566215056926012,0.002803786424919963,9.555397987365723,2.743570566177368,0.4300000071525574,0.07999999821186066,0.46000000834465027,0.15000000596046448,-1.275104284286499,-1.1234843730926514,15.69437313079834,19.541988372802734,0.09183673560619354,0.15306122601032257,0.0,0.0,0.0,0.0,2.384185791015625e-07,,,,,,,,,,,,
4,env000079,19,P,0.003,300,8.78853988647461,6.882892608642578,1.9056472778320312,21.683320579392092,7.539457556049456e-07,8.09712028503418,6.836984157562256,1.5660032033920288,0.07078542560338974,6.3347344398498535,1.6007345914840698,0.0,0.0,0.2999192774295807,0.02821228839457035,8.09712028503418,6.836984157562256,0.3915008008480072,0.017696356400847435,0.0,0.0,0.2999192774295807,0.02821228839457035,8.78853988647461,6.882892608642578,0.0022381783928722143,0.0020832207519561052,0.001185613451525569,0.0005568352644331753,0.001185613451525569,0.0005568352644331753,8.78853988647461,6.882892608642578,0.1899999976158142,0.18000000715255737,0.20000000298023224,0.18000000715255737,-1.3750029802322388,-1.3445152044296265,17.062971115112305,18.469249725341797,0.13265305757522583,0.08163265138864517,0.0,0.0,0.0,0.0,7.539457556049456e-07,,,,,,,,,,,,
5,env000064,16,P,0.003,300,8.92863941192627,3.3938241004943848,5.534815311431885,61.98945949187795,5.331201577973843e-07,7.7443342208862305,3.042041063308716,3.550551652908325,1.403333306312561,14.371979713439941,7.089470863342285,0.0,0.0,0.296662837266922,0.0009483338217251003,7.7443342208862305,3.042041063308716,0.8876379132270813,0.35083332657814026,0.0,0.0,0.296662837266922,0.0009483338217251003,8.928635597229004,3.3938229084014893,0.021138811483979225,0.012066483497619629,0.039418093860149384,0.012633697129786015,0.039418093860149384,0.012633697129786015,8.92863941192627,3.3938241004943848,0.3499999940395355,0.07999999821186066,0.36000001430511475,0.10999999940395355,-1.517952561378479,-1.2619963884353638,20.390674591064453,21.62843894958496,0.09183673560619354,0.1428571492433548,0.0,0.0,0.0,0.0,5.331201577973843e-07,,,,,,,,,,,,
6,env000073,2,P,0.003,300,8.008231163024902,4.347803115844727,3.660428047180176,45.70832150901028,5.960464477539062e-07,7.717954635620117,4.33686637878418,0.45072659850120544,0.014666533097624779,2.4534785747528076,1.5026657581329346,0.0,0.0,0.17759491503238678,0.007270356640219688,7.717954635620117,4.33686637878418,0.11268164962530136,0.0036666332744061947,0.0,0.0,0.17759491503238678,0.007270356640219688,8.008231163024902,4.347803115844727,0.0009809486800804734,0.002369664376601577,0.00032115637441165745,0.0011396119371056557,0.00032115637441165745,0.0011396119371056557,8.008231163024902,4.347803115844727,0.44999998807907104,0.2800000011920929,0.46000000834465027,0.3700000047683716,-1.1630653142929077,-1.1686903238296509,13.463128089904785,15.014256477355957,0.08163265138864517,0.010204081423580647,0.0,0.0,0.0,0.0,5.960464477539062e-07,,,,,,,,,,,,
7,env000098,8,P,0.003,300,7.787880897521973,4.095227241516113,3.6926536560058594,47.41538429511455,0.0,7.642445087432861,3.722358465194702,0.48315685987472534,1.0537668466567993,3.610280752182007,3.029144048690796,0.0,0.0,0.024646813049912453,0.10942628979682922,7.642445087432861,3.722358465194702,0.12078921496868134,0.26344171166419983,0.0,0.0,0.024646813049912453,0.10942628979682922,7.787880897521973,4.095226764678955,0.00018326443387195468,0.005373924504965544,5.838513243361376e-05,0.002602754393592477,5.838513243361376e-05,0.002602754393592477,7.787880897521973,4.095227241516113,0.6499999761581421,0.47999998927116394,0.6800000071525574,0.5400000214576721,-1.0417883396148682,-0.7162425518035889,10.432659149169922,12.560253143310547,0.08163265138864517,0.2142857164144516,0.0,0.0,0.0,0.0,0.0,,,,,,,,,,,,
8,env000075,2,P,0.003,300,7.496397018432617,5.14847469329834,2.3479223251342773,31.32067737822659,5.331201577973843e-07,7.366703510284424,4.905671119689941,0.4088095724582672,0.34543749690055847,3.9958178997039795,2.7790939807891846,0.0,0.0,0.02749105542898178,0.15644419193267822,7.366703510284424,4.905671119689941,0.1022023931145668,0.08635937422513962,0.0,0.0,0.02749105542898178,0.15644419193267822,7.496397018432617,5.14847469329834,0.00021959489095024765,0.0009181913919746876,0.00011937230010516942,0.0003370640042703599,0.00011937230010516942,0.0003370640042703599,7.496397018432617,5.14847469329834,0.23999999463558197,0.1899999976158142,0.23999999463558197,0.20000000298023224,-1.2015327215194702,-0.9103594422340393,13.131914138793945,13.224810600280762,0.020408162847161293,0.040816325694322586,0.0,0.0,0.0,0.0,5.331201577973843e-07,,,,,,,,,,,,
9,env000096,17,P,0.003,300,9.09707260131836,4.195555686950684,4.901516914367676,53.880156058745115,1.1920928955078125e-07,7.362326622009277,3.981219530105591,6.255550384521484,0.8515049815177917,20.397174835205078,2.8495888710021973,0.0,0.0,0.17085610330104828,0.0014602943556383252,7.362326622009277,3.981219530105591,1.563887596130371,0.21287624537944794,0.0,0.0,0.17085610330104828,0.0014602943556383252,9.097070693969727,4.195555686950684,0.010512541979551315,0.005457427818328142,0.016807854175567627,0.002075742930173874,0.016807854175567627,0.002075742930173874,9.09707260131836,4.195555686950684,0.5299999713897705,0.3400000035762787,0.5699999928474426,0.4000000059604645,-1.1404790878295898,-0.7699697613716125,12.051583290100098,15.169848442077637,0.1734693944454193,0.36734694242477417,0.0,0.0,0.0,0.0,1.1920928955078125e-07,,,,,,,,,,,,
10,env000064,13,P,0.003,300,7.484281539916992,4.164130210876465,3.3201513290405273,44.36165731249804,0.0,7.218011856079102,3.8420181274414062,0.9054061770439148,1.2793289422988892,4.711853504180908,7.118287563323975,0.0,0.0,0.0399177223443985,0.0022786790505051613,7.218011856079102,3.8420181274414062,0.2263515442609787,0.3198322355747223,0.0,0.0,0.0399177223443985,0.0022786790505051613,7.484281539916992,4.164129257202148,0.0009170506964437664,0.008260317146778107,0.0005336567992344499,0.009592436254024506,0.0005336567992344499,0.009592436254024506,7.484281539916992,4.164130210876465,0.3499999940395355,0.20999999344348907,0.36000001430511475,0.25,-1.1648136377334595,-0.6092893481254578,17.778169631958008,19.239280700683594,0.051020409911870956,0.040816325694322586,0.0,0.0,0.0,0.0,0.0,,,,,,,,,,,,
11,env000065,9,P,0.003,300,8.620216369628906,1.8193292617797852,6.800887107849121,78.89462185439197,0.0,7.197836399078369,1.7993600368499756,3.9372096061706543,0.07621030509471893,15.7604398727417,1.7880046367645264,0.0,0.0,0.43807774782180786,0.0009165354422293603,7.197836399078369,1.7993600368499756,0.9843024015426636,0.019052576273679733,0.0,0.0,0.43807774782180786,0.0009165354422293603,8.620216369628906,1.8193291425704956,0.0006508479127660394,0.0018340825336053967,0.00038926940760575235,0.000901397957932204,0.00038926940760575235,0.000901397957932204,8.620216369628906,1.8193292617797852,0.30000001192092896,0.05999999865889549,0.33000001311302185,0.09000000357627869,-1.1581223011016846,-0.774700403213501,9.151106834411621,11.22407054901123,0.23469388484954834,0.030612245202064514,0.0,0.0,0.0,0.0,0.0,,,,,,,,,,,,
12,env000065,15,P,0.003,300,7.356253623962402,5.175568580627441,2.180685043334961,29.643962196077027,0.0,7.1496710777282715,4.877802848815918,0.5131604075431824,0.40174978971481323,4.190434455871582,3.3569176197052,0.0,0.0,0.07829213887453079,0.1973278820514679,7.1496710777282715,4.877802848815918,0.1282901018857956,0.10043744742870331,0.0,0.0,0.07829213887453079,0.1973278820514679,7.356253623962402,5.175568580627441,0.0005930943298153579,0.0010744499741122127,0.0005902958801016212,0.00028663253760896623,0.0005902958801016212,0.00028663253760896623,7.356253623962402,5.175568580627441,0.3499999940395355,0.20000000298023224,0.3700000047683716,0.2199999988079071,-1.3337466716766357,-1.2909760475158691,17.014572143554688,17.1868896484375,0.020408162847161293,0.020408162847161293,0.0,0.0,0.0,0.0,0.0,,,,,,,,,,,,
13,env000040,9,P,0.003,300,7.489537715911865,2.3775155544281006,5.112022161483765,68.25550995788485,2.384185791015625e-07,7.1184797286987305,2.3739702701568604,1.082521677017212,0.0005418300861492753,5.784343242645264,1.4037928581237793,0.0,0.0,0.10042756795883179,0.0034098580945283175,7.1184797286987305,2.3739702701568604,0.270630419254303,0.00013545752153731883,0.0,0.0,0.10042756795883179,0.0034098580945283175,7.489537715911865,2.3775155544281006,0.0007529027061536908,0.002343307249248028,0.00031376429251395166,0.0009838981786742806,0.00031376429251395166,0.0009838981786742806,7.489537715911865,2.3775155544281006,0.20000000298023224,0.05999999865889549,0.20000000298023224,0.05999999865889549,-1.3597196340560913,-1.2899256944656372,14.400762557983398,15.199366569519043,0.09183673560619354,0.010204081423580647,0.0,0.0,0.0,0.0,2.384185791015625e-07,,,,,,,,,,,,
14,env000070,19,P,0.003,300,7.523976802825928,3.0885708332061768,4.435405969619751,58.95028767172512,4.76837158203125e-07,7.09885311126709,3.085016965866089,1.2345690727233887,0.005995297338813543,5.928017616271973,1.4260926246643066,0.0,0.0,0.1164812445640564,0.0020546535961329937,7.09885311126709,3.085016965866089,0.30864226818084717,0.0014988243347033858,0.0,0.0,0.1164812445640564,0.0020546535961329937,7.523976802825928,3.0885705947875977,0.0022400931920856237,0.004174206405878067,0.0012174027506262064,0.001925193122588098,0.0012174027506262064,0.001925193122588098,7.523976802825928,3.0885708332061768,0.25,0.12999999523162842,0.2800000011920929,0.14000000059604645,-1.1937187910079956,-0.8002140522003174,19.23587417602539,20.55541229248047,0.0714285746216774,0.030612245202064514,0.0,0.0,0.0,0.0,4.76837158203125e-07,,,,,,,,,,,,
15,env000071,13,P,0.003,300,7.703134536743164,2.7423079013824463,4.960826635360718,64.4001037720175,1.3486991292666062e-06,6.839238166809082,2.5795373916625977,1.830457329750061,0.6381654739379883,7.129632472991943,2.362403154373169,0.0,0.0,0.4062812626361847,0.003228896064683795,6.839238166809082,2.5795373916625977,0.45761433243751526,0.15954136848449707,0.0,0.0,0.4062812626361847,0.003228896064683795,7.703134059906006,2.742307662963867,0.0025863877963274717,0.0028986784163862467,0.002672641770914197,0.0013255627127364278,0.002672641770914197,0.0013255627127364278,7.703134536743164,2.7423079013824463,0.18000000715255737,0.07000000029802322,0.2199999988079071,0.07000000029802322,-1.4003098011016846,-1.3800817728042603,19.29998779296875,19.302722930908203,0.0714285746216774,0.11224489659070969,0.0,0.0,0.0,0.0,1.3486991292666062e-06,,,,,,,,,,,,
16,env000065,10,P,0.003,300,7.071628093719482,2.8499162197113037,4.221711874008179,59.69929156423827,7.152557373046875e-07,6.756982803344727,2.618079423904419,1.12558913230896,0.1327521800994873,3.999455690383911,2.1980667114257812,0.0,0.0,0.03324776515364647,0.1986485868692398,6.756982803344727,2.618079423904419,0.28139728307724,0.033188045024871826,0.0,0.0,0.03324776515364647,0.1986485868692398,7.071628093719482,2.8499162197113037,0.0022806725464761257,0.002944665029644966,0.0017824330134317279,0.0011192073579877615,0.0017824330134317279,0.0011192073579877615,7.071628093719482,2.8499162197113037,0.20000000298023224,0.05999999865889549,0.20999999344348907,0.09000000357627869,-1.3281208276748657,-1.2866030931472778,19.30569076538086,20.54203987121582,0.10204081982374191,0.040816325694322586,0.0,0.0,0.0,0.0,7.152557373046875e-07,,,,,,,,,,,,
17,env000075,7,P,0.003,300,7.0244855880737305,3.55645489692688,3.4680306911468506,49.37060013383644,4.76837158203125e-07,6.667773246765137,3.54591965675354,1.072521686553955,0.03553290292620659,6.4588623046875,1.5254220962524414,0.0,0.0,0.0885821282863617,0.0016519950004294515,6.667773246765137,3.54591965675354,0.26813042163848877,0.008883225731551647,0.0,0.0,0.0885821282863617,0.0016519950004294515,7.0244855880737305,3.55645489692688,0.0011678581358864903,0.0022885126527398825,0.0006918186554685235,0.000811611651442945,0.0006918186554685235,0.000811611651442945,7.0244855880737305,3.55645489692688,0.3499999940395355,0.1599999964237213,0.3499999940395355,0.1899999976158142,-0.985809326171875,-0.8003435730934143,17.328445434570312,18.878509521484375,0.06122449040412903,0.020408162847161293,0.0,0.0,0.0,0.0,4.76837158203125e-07,,,,,,,,,,,,
18,env000040,2,P,0.003,300,6.724930286407471,2.8590877056121826,3.865842580795288,57.48524395277356,4.76837158203125e-07,6.594912528991699,2.8527886867523193,0.14460313320159912,0.0029424906242638826,2.412221908569336,1.4205974340438843,0.0,0.0,0.09386701881885529,0.005563606508076191,6.594912528991699,2.8527886867523193,0.03615078330039978,0.0007356226560659707,0.0,0.0,0.09386701881885529,0.005563606508076191,6.724930286407471,2.8590877056121826,0.0002974335220642388,0.002259036060422659,0.0002380073710810393,0.0008370309369638562,0.0002380073710810393,0.0008370309369638562,6.724930286407471,2.8590877056121826,0.23000000417232513,0.09000000357627869,0.25,0.10000000149011612,-1.262349247932434,-0.9911405444145203,19.834102630615234,20.257808685302734,0.010204081423580647,0.010204081423580647,0.0,0.0,0.0,0.0,4.76837158203125e-07,,,,,,,,,,,,
19,env000075,3,P,0.003,300,6.672563076019287,2.0148627758026123,4.657700300216675,69.80376576665293,1.3486991292666062e-06,6.478545665740967,1.86545991897583,0.5160455703735352,0.5915787816047668,4.00889253616333,2.4155943393707275,0.0,0.0,0.0650056004524231,0.0015082195168361068,6.478545665740967,1.86545991897583,0.1290113925933838,0.1478946954011917,0.0,0.0,0.0650056004524231,0.0015082195168361068,6.672563076019287,2.0148627758026123,0.0009444071911275387,0.002512355102226138,0.0005373008316382766,0.001130127115175128,0.0005373008316382766,0.001130127115175128,6.672563076019287,2.0148627758026123,0.38999998569488525,0.05999999865889549,0.4300000071525574,0.07999999821186066,-0.9833016395568848,-0.7073943614959717,17.729267120361328,17.926050186157227,0.051020409911870956,0.13265305757522583,0.0,0.0,0.0,0.0,1.3486991292666062e-06,,,,,,,,,,,,
20,env000053,7,P,0.003,300,6.983806133270264,3.216582775115967,3.767223358154297,53.9422670999924,0.0,6.367966175079346,3.084362745285034,1.573495864868164,0.5101454257965088,7.635694980621338,2.7550392150878906,0.0,0.0,0.22246608138084412,0.0046834987588226795,6.367966175079346,3.084362745285034,0.393373966217041,0.1275363564491272,0.0,0.0,0.22246608138084412,0.0046834987588226795,6.983806133270264,3.2165825366973877,0.0011538192629814148,0.0028335240203887224,0.0006142366910353303,0.001727677066810429,0.0006142366910353303,0.001727677066810429,6.983806133270264,3.216582775115967,0.23999999463558197,0.10999999940395355,0.25999999046325684,0.14000000059604645,-0.9221231937408447,-0.7786922454833984,14.853523254394531,15.673041343688965,0.09183673560619354,0.051020409911870956,0.0,0.0,0.0,0.0,0.0,,,,,,,,,,,,
21,env000073,19,P,0.003,300,6.364980220794678,2.9201395511627197,3.444840669631958,54.12178121744209,4.76837158203125e-07,6.147644996643066,2.8721911907196045,0.6050187349319458,0.18011018633842468,3.70969820022583,2.0707056522369385,0.0,0.0,0.06608045101165771,0.0029205414466559887,6.147644996643066,2.8721911907196045,0.15125468373298645,0.04502754658460617,0.0,0.0,0.06608045101165771,0.0029205414466559887,6.364980220794678,2.9201393127441406,0.000620177888777107,0.004024073947221041,0.0002927319728769362,0.0015563422348350286,0.0002927319728769362,0.0015563422348350286,6.364980220794678,2.9201395511627197,0.4699999988079071,0.18000000715255737,0.550000011920929,0.27000001072883606,-0.8596760034561157,-0.7039221525192261,14.311005592346191,17.081966400146484,0.09183673560619354,0.08163265138864517,0.0,0.0,0.0,0.0,4.76837158203125e-07,,,,,,,,,,,,
22,env000079,2,P,0.003,300,6.7893171310424805,1.8915449380874634,4.897772192955017,72.13939337965463,1.0662403155947686e-06,6.101341247558594,1.8823820352554321,1.6279398202896118,0.030827093869447708,6.174586296081543,1.5543856620788574,0.0,0.0,0.2809908986091614,0.0014559377450495958,6.101341247558594,1.8823820352554321,0.40698495507240295,0.007706773467361927,0.0,0.0,0.2809908986091614,0.0014559377450495958,6.7893171310424805,1.8915446996688843,0.00209315144456923,0.003960452973842621,0.0016325260512530804,0.0018386865267530084,0.0016325260512530804,0.0018386865267530084,6.7893171310424805,1.8915449380874634,0.23000000417232513,0.05000000074505806,0.25,0.07999999821186066,-1.2548145055770874,-1.0277339220046997,18.694568634033203,20.62431526184082,0.12244898080825806,0.020408162847161293,0.0,0.0,0.0,0.0,1.0662403155947686e-06,,,,,,,,,,,,
23,env000070,11,P,0.003,300,6.266687870025635,1.245486855506897,5.021201014518738,80.12527699896752,1.430511474609375e-06,5.864142417907715,1.2440623044967651,1.183672308921814,0.0008414983749389648,5.702882289886475,1.4058904647827148,0.0,0.0,0.10662756115198135,0.0012140281032770872,5.864142417907715,1.2440623044967651,0.2959180772304535,0.0002103745937347412,0.0,0.0,0.10662756115198135,0.0012140281032770872,6.266687870025635,1.2454867362976074,0.0015367827145382762,0.003314160043373704,0.0010147077264264226,0.001448485185392201,0.0010147077264264226,0.001448485185392201,6.266687870025635,1.245486855506897,0.15000000596046448,0.03999999910593033,0.1599999964237213,0.05000000074505806,-1.3546222448349,-0.7532744407653809,18.023086547851562,19.78114891052246,0.12244898080825806,0.010204081423580647,0.0,0.0,0.0,0.0,1.430511474609375e-06,,,,,,,,,,,,
24,env000028,13,P,0.003,300,6.207947731018066,1.8043261766433716,4.403621554374695,70.93522280111928,9.555351425660774e-07,5.815141201019287,1.8029725551605225,1.059112310409546,0.0012172699207440019,6.427130222320557,1.4085209369659424,0.0,0.0,0.12802855670452118,0.0010491929715499282,5.815141201019287,1.8029725551605225,0.2647780776023865,0.00030431748018600047,0.0,0.0,0.12802855670452118,0.0010491929715499282,6.207947731018066,1.804326057434082,0.0011470462195575237,0.0034148620907217264,0.00048763497034087777,0.0016764374449849129,0.00048763497034087777,0.0016764374449849129,6.207947731018066,1.8043261766433716,0.25,0.07000000029802322,0.25999999046325684,0.07000000029802322,-0.9878916144371033,-0.6701116561889648,15.4537992477417,17.294713973999023,0.09183673560619354,0.010204081423580647,0.0,0.0,0.0,0.0,9.555351425660774e-07,,,,,,,,,,,,
25,env000079,12,P,0.003,300,6.091620445251465,2.1641297340393066,3.927490711212158,64.4736609332532,7.152557373046875e-07,5.7524495124816895,2.142887592315674,0.5848804116249084,0.043387554585933685,4.15732479095459,1.5451425313949585,0.0,0.0,0.19295062124729156,0.010395320132374763,5.7524495124816895,2.142887592315674,0.1462201029062271,0.010846888646483421,0.0,0.0,0.19295062124729156,0.010395320132374763,6.091620445251465,2.1641297340393066,0.0006182498182170093,0.0020323344506323338,0.0001306762860622257,0.0007179990061558783,0.0001306762860622257,0.0007179990061558783,6.091620445251465,2.1641297340393066,0.3199999928474426,0.07999999821186066,0.3499999940395355,0.12999999523162842,-0.946955144405365,-0.5163440704345703,11.135222434997559,12.643206596374512,0.08163265138864517,0.040816325694322586,0.0,0.0,0.0,0.0,7.152557373046875e-07,,,,,,,,,,,,
26,env000028,14,P,0.003,300,6.223657131195068,2.605722665786743,3.617934465408325,58.131969501886886,9.610960205463925e-07,5.712491512298584,2.598008155822754,0.9094993472099304,0.010649776086211205,5.455227375030518,1.47454833984375,0.0,0.0,0.28379079699516296,0.005052024964243174,5.712491512298584,2.598008155822754,0.2273748368024826,0.002662444021552801,0.0,0.0,0.28379079699516296,0.005052024964243174,6.223657131195068,2.605722665786743,0.0010685987072065473,0.0013379749143496156,0.0002656886645127088,0.0007660419796593487,0.0002656886645127088,0.0007660419796593487,6.223657131195068,2.605722665786743,0.15000000596046448,0.07999999821186066,0.1899999976158142,0.07999999821186066,-0.999423623085022,-0.8929872512817383,11.715460777282715,13.53585433959961,0.13265305757522583,0.010204081423580647,0.0,0.0,0.0,0.0,9.610960205463925e-07,,,,,,,,,,,,
27,env000028,1,P,0.003,300,6.269633769989014,2.9159605503082275,3.353673219680786,53.49073554716838,0.0,5.542807102203369,2.8082919120788574,1.9245684146881104,0.40185022354125977,8.285565376281738,2.949503183364868,0.0,0.0,0.24568462371826172,0.0072061531245708466,5.542807102203369,2.8082919120788574,0.4811421036720276,0.10046255588531494,0.0,0.0,0.24568462371826172,0.0072061531245708466,6.269633769989014,2.9159605503082275,0.001287693390622735,0.001887914608232677,0.0009067155187949538,0.0005812458693981171,0.0009067155187949538,0.0005812458693981171,6.269633769989014,2.9159605503082275,0.23000000417232513,0.07999999821186066,0.23999999463558197,0.10999999940395355,-1.113179087638855,-1.0604652166366577,16.444599151611328,17.090194702148438,0.051020409911870956,0.051020409911870956,0.0,0.0,0.0,0.0,0.0,,,,,,,,,,,,
28,env000013,19,P,0.003,300,6.320464611053467,0.9461775422096252,5.3742870688438416,85.0299368727591,0.0,5.530374526977539,0.7766479253768921,2.2372710704803467,0.5675356984138489,14.650497436523438,3.1658403873443604,0.0,0.0,0.230772465467453,0.027645597234368324,5.530374526977539,0.7766479253768921,0.5593177676200867,0.14188392460346222,0.0,0.0,0.230772465467453,0.027645597234368324,6.320464611053467,0.9461774230003357,0.0017268251394852996,0.003804107429459691,0.0009968060767278075,0.0014146700268611312,0.0009968060767278075,0.0014146700268611312,6.320464611053467,0.9461775422096252,0.4399999976158142,0.029999999329447746,0.5099999904632568,0.07999999821186066,-0.7944350838661194,-0.2500024735927582,13.125657081604004,15.457564353942871,0.16326530277729034,0.13265305757522583,0.0,0.0,0.0,0.0,0.0,,,,,,,,,,,,
29,env000071,18,P,0.003,300,5.786039352416992,1.3267062902450562,4.459333062171936,77.07056227174029,4.76837158203125e-07,5.4339919090271,1.1933400630950928,1.1028525829315186,0.5157501101493835,5.40048885345459,3.4465534687042236,0.0,0.0,0.07633424550294876,0.00442854268476367,5.4339919090271,1.1933400630950928,0.27571314573287964,0.1289375275373459,0.0,0.0,0.07633424550294876,0.00442854268476367,5.786039352416992,1.326706051826477,0.0018261580262333155,0.0034374799579381943,0.0012026362819597125,0.0017980877310037613,0.0012026362819597125,0.0017980877310037613,5.786039352416992,1.3267062902450562,0.23999999463558197,0.03999999910593033,0.25,0.05000000074505806,-1.1245759725570679,-0.6186909079551697,20.093507766723633,21.38718032836914,0.0714285746216774,0.10204081982374191,0.0,0.0,0.0,0.0,4.76837158203125e-07,,,,,,,,,,,,
30,env000098,1,P,0.003,300,5.704447269439697,2.3756983280181885,3.328748941421509,58.353575450763444,4.76837158203125e-07,5.372555732727051,2.3244001865386963,1.1325700283050537,0.19894865155220032,3.917875289916992,1.7658418416976929,0.0,0.0,0.048748843371868134,0.0015606601955369115,5.372555732727051,2.3244001865386963,0.2831425070762634,0.04973716288805008,0.0,0.0,0.048748843371868134,0.0015606601955369115,5.704447269439697,2.3756980895996094,0.0025301743298768997,0.0037804236635565758,0.001680782763287425,0.0017583039589226246,0.001680782763287425,0.0017583039589226246,5.704447269439697,2.3756983280181885,0.2199999988079071,0.07999999821186066,0.23000000417232513,0.09000000357627869,-1.108766794204712,-0.7770487070083618,18.686616897583008,20.11675453186035,0.10204081982374191,0.1428571492433548,0.0,0.0,0.0,0.0,4.76837158203125e-07,,,,,,,,,,,,
31,env000098,16,P,0.003,300,5.565361022949219,1.185403823852539,4.37995719909668,78.70032475944633,4.76837158203125e-07,5.291801452636719,1.1229749917984009,0.6089732050895691,0.24046795070171356,3.949209451675415,1.9174734354019165,0.0,0.0,0.1213165670633316,0.002311696531251073,5.291801452636719,1.1229749917984009,0.15224330127239227,0.06011698767542839,0.0,0.0,0.1213165670633316,0.002311696531251073,5.565361022949219,1.1854037046432495,0.00039980633300729096,0.0033020037226378918,0.00013135719927959144,0.0015466371551156044,0.00013135719927959144,0.0015466371551156044,5.565361022949219,1.185403823852539,0.5,0.05000000074505806,0.5099999904632568,0.05000000074505806,-0.7831811904907227,-0.44292348623275757,10.90953254699707,13.812671661376953,0.19387754797935486,0.1428571492433548,0.0,0.0,0.0,0.0,4.76837158203125e-07,,,,,,,,,,,,
32,env000096,12,P,0.003,300,5.7118635177612305,1.6326425075531006,4.07922101020813,71.4166400776849,4.76837158203125e-07,5.290597438812256,1.6320239305496216,1.2809665203094482,1.2826919373765122e-05,5.755921363830566,1.4000897407531738,0.0,0.0,0.10102473944425583,0.0006152772693894804,5.290597438812256,1.6320239305496216,0.32024163007736206,3.2067298434412805e-06,0.0,0.0,0.10102473944425583,0.0006152772693894804,5.7118635177612305,1.632642388343811,0.001472978969104588,0.0031308962497860193,0.0009617224568501115,0.0012503971811383963,0.0009617224568501115,0.0012503971811383963,5.7118635177612305,1.6326425075531006,0.25,0.05000000074505806,0.25999999046325684,0.05000000074505806,-1.1398873329162598,-1.095731496810913,17.837799072265625,18.941036224365234,0.0714285746216774,0.010204081423580647,0.0,0.0,0.0,0.0,4.76837158203125e-07,,,,,,,,,,,,
33,env000079,8,P,0.003,300,7.90544319152832,2.896308183670044,5.009135007858276,63.363114331479814,0.0,5.261393070220947,2.8841447830200195,7.678278923034668,0.04601430892944336,29.865516662597656,1.5859758853912354,0.0,0.0,0.7244797945022583,0.0006597962346859276,5.261393070220947,2.8841447830200195,1.919569730758667,0.01150357723236084,0.0,0.0,0.7244797945022583,0.0006597962346859276,7.905442237854004,2.896308183670044,0.013744250871241093,0.002096048789098859,0.010130765847861767,0.0009776751976460218,0.010130765847861767,0.0009776751976460218,7.90544319152832,2.896308183670044,0.17000000178813934,0.07999999821186066,0.20000000298023224,0.09000000357627869,-0.9321944713592529,-0.844162106513977,14.330057144165039,16.677017211914062,0.18367347121238708,0.040816325694322586,0.0,0.0,0.0,0.0,0.0,,,,,,,,,,,,
34,env000099,0,P,0.003,300,5.478332996368408,2.240523099899292,3.237809896469116,59.10210092404867,0.0,5.261017799377441,2.1960408687591553,0.6094968914985657,0.15664458274841309,4.490671634674072,2.19136905670166,0.0,0.0,0.06494078040122986,0.005320897325873375,5.261017799377441,2.1960408687591553,0.15237422287464142,0.03916114568710327,0.0,0.0,0.06494078040122986,0.005320897325873375,5.478332996368408,2.240522861480713,0.0004743022145703435,0.0033164166379719973,0.0002943398430943489,0.001693578320555389,0.0002943398430943489,0.001693578320555389,5.478332996368408,2.240523099899292,0.33000001311302185,0.07999999821186066,0.3700000047683716,0.07999999821186066,-0.985522449016571,-0.9855225086212158,16.158056259155273,17.16783332824707,0.020408162847161293,0.051020409911870956,0.0,0.0,0.0,0.0,0.0,,,,,,,,,,,,
35,env000082,19,P,0.003,300,9.41952133178711,1.8942550420761108,7.5252662897109985,79.89011356995648,0.0,5.241971015930176,1.5402837991714478,15.901652336120605,1.3902229070663452,87.81346893310547,3.889467716217041,0.0,0.0,0.20212426781654358,0.006415292154997587,5.241971015930176,1.5402837991714478,3.9754130840301514,0.3475557267665863,0.0,0.0,0.20212426781654358,0.006415292154997587,9.419508934020996,1.8942548036575317,0.11758731305599213,0.005244074854999781,0.12666091322898865,0.0028712621424347162,0.12666091322898865,0.0028712621424347162,9.41952133178711,1.8942550420761108,0.18000000715255737,0.05000000074505806,0.1899999976158142,0.05000000074505806,-0.9981019496917725,-0.9262661933898926,10.83808422088623,12.061325073242188,0.09183673560619354,0.3571428656578064,0.0,0.0,0.0,0.0,0.0,,,,,,,,,,,,
36,env000099,14,P,0.003,300,5.648659706115723,1.877994179725647,3.7706655263900757,66.75327816805162,6.743495646333031e-07,5.134138584136963,1.181917667388916,1.2859346866607666,2.7262256145477295,6.893893718719482,6.3501996994018555,0.0,0.0,0.19303756952285767,0.014519919641315937,5.134138584136963,1.181917667388916,0.32148367166519165,0.6815564036369324,0.0,0.0,0.19303756952285767,0.014519919641315937,5.648659706115723,1.8779940605163574,0.0013719272101297975,0.0030403356067836285,0.0011773704318329692,0.0012636200990527868,0.0011773704318329692,0.0012636200990527868,5.648659706115723,1.877994179725647,0.33000001311302185,0.05000000074505806,0.3799999952316284,0.09000000357627869,-0.7734652161598206,-0.49761706590652466,17.89023208618164,17.611881256103516,0.12244898080825806,0.1428571492433548,0.0,0.0,0.0,0.0,6.743495646333031e-07,,,,,,,,,,,,
37,env000062,8,P,0.003,300,5.31779670715332,2.173267364501953,3.144529342651367,59.13218416983584,4.76837158203125e-07,5.088995933532715,1.9729728698730469,0.8687580227851868,0.7913921475410461,3.602137565612793,4.0707573890686035,0.0,0.0,0.011611586436629295,0.002446194179356098,5.088995933532715,1.9729728698730469,0.2171895056962967,0.19784803688526154,0.0,0.0,0.011611586436629295,0.002446194179356098,5.31779670715332,2.173267126083374,0.0024837974924594164,0.004594894126057625,0.0017286880174651742,0.0027018720284104347,0.0017286880174651742,0.0027018720284104347,5.31779670715332,2.173267364501953,0.14000000059604645,0.05999999865889549,0.20999999344348907,0.05999999865889549,-1.108399510383606,-0.7564268112182617,21.07982635498047,21.617921829223633,0.06122449040412903,0.12244898080825806,0.0,0.0,0.0,0.0,4.76837158203125e-07,,,,,,,,,,,,
38,env000098,5,P,0.003,300,5.320549488067627,1.6488490104675293,3.6717004776000977,69.00979843970259,8.596304041930125e-07,4.924315929412842,1.6470216512680054,1.1506017446517944,0.0,4.808611869812012,1.3935878276824951,0.0,0.0,0.10858277976512909,0.0018271893495693803,4.924315929412842,1.6470216512680054,0.2876504361629486,0.0,0.0,0.0,0.10858277976512909,0.0018271893495693803,5.320549488067627,1.6488488912582397,0.0014947816962376237,0.002401792909950018,0.000890483264811337,0.0007332104141823947,0.000890483264811337,0.0007332104141823947,5.320549488067627,1.6488490104675293,0.14000000059604645,0.05000000074505806,0.14000000059604645,0.05999999865889549,-1.1577627658843994,-0.9962161779403687,17.642255783081055,19.202434539794922,0.12244898080825806,0.0,0.0,0.0,0.0,0.0,8.596304041930125e-07,,,,,,,,,,,,
39,env000073,13,P,0.003,300,5.519256591796875,2.202814817428589,3.316441774368286,60.08855937767825,5.960464477539062e-07,4.815986633300781,1.6913304328918457,1.7466539144515991,1.8514213562011719,9.107224464416504,4.462077617645264,0.0,0.0,0.26660650968551636,0.048628706485033035,4.815986633300781,1.6913304328918457,0.4366634786128998,0.46285533905029297,0.0,0.0,0.26660650968551636,0.048628706485033035,5.519256591796875,2.2028145790100098,0.0011760153574869037,0.00481736334040761,0.0005749257397837937,0.0020332590211182833,0.0005749257397837937,0.0020332590211182833,5.519256591796875,2.202814817428589,0.36000001430511475,0.07999999821186066,0.38999998569488525,0.17000000178813934,-0.7322248816490173,-0.44383931159973145,13.819314002990723,14.000158309936523,0.15306122601032257,0.2448979616165161,0.0,0.0,0.0,0.0,5.960464477539062e-07,,,,,,,,,,,,
40,env000082,13,P,0.003,300,5.346995830535889,0.6222816705703735,4.724714159965515,88.36203187186688,5.960464477539062e-07,4.762782096862793,0.6180753111839294,1.414964199066162,0.0,8.570147514343262,1.340113878250122,0.0,0.0,0.2304723709821701,0.004206367302685976,4.762782096862793,0.6180753111839294,0.3537410497665405,0.0,0.0,0.0,0.2304723709821701,0.004206367302685976,5.346995830535889,0.6222816705703735,0.0007965219556353986,0.000591556541621685,0.0004388542438391596,0.00020370242418721318,0.0004388542438391596,0.00020370242418721318,5.346995830535889,0.6222816705703735,0.17000000178813934,0.029999999329447746,0.18000000715255737,0.029999999329447746,-0.8229737877845764,-0.35640260577201843,13.993376731872559,14.450338363647461,0.051020409911870956,0.0,0.0,0.0,0.0,0.0,5.960464477539062e-07,,,,,,,,,,,,
41,env000062,16,P,0.003,300,5.432032585144043,1.9797160625457764,3.4523165225982666,63.55478301142629,4.76837158203125e-07,4.7547760009765625,1.9010157585144043,1.448505163192749,0.30890870094299316,6.645833492279053,2.2983238697052,0.0,0.0,0.31513020396232605,0.0014730063267052174,4.7547760009765625,1.9010157585144043,0.36212629079818726,0.07722717523574829,0.0,0.0,0.31513020396232605,0.0014730063267052174,5.432032585144043,1.9797158241271973,0.0027631730772554874,0.004025040194392204,0.0023637902922928333,0.0022401202004402876,0.0023637902922928333,0.0022401202004402876,5.432032585144043,1.9797160625457764,0.20999999344348907,0.07000000029802322,0.23000000417232513,0.07000000029802322,-0.7984116077423096,-0.7471038699150085,18.971744537353516,19.821971893310547,0.08163265138864517,0.16326530277729034,0.0,0.0,0.0,0.0,4.76837158203125e-07,,,,,,,,,,,,
42,env000062,11,P,0.003,300,4.876251697540283,1.796730399131775,3.0795212984085083,63.15345247584132,0.0,4.752430438995361,1.5451679229736328,0.30102354288101196,0.0,2.678689479827881,1.3799813985824585,0.0,0.0,0.04856545105576515,0.2515624165534973,4.752430438995361,1.5451679229736328,0.07525588572025299,0.0,0.0,0.0,0.04856545105576515,0.2515624165534973,4.876251697540283,1.7967302799224854,0.0005959752597846091,0.002336872508749366,0.0003697732463479042,0.0007766669732518494,0.0003697732463479042,0.0007766669732518494,4.876251697540283,1.796730399131775,0.23000000417232513,0.05999999865889549,0.23000000417232513,0.07000000029802322,-0.8446717858314514,-0.803368330001831,16.938676834106445,17.57085418701172,0.030612245202064514,0.0,0.0,0.0,0.0,0.0,0.0,,,,,,,,,,,,
43,env000076,19,P,0.003,300,5.27645206451416,2.0728349685668945,3.2036170959472656,60.715364354252785,9.5367431640625e-07,4.6979594230651855,1.9220280647277832,1.2534003257751465,0.602861762046814,4.857631683349609,4.342156410217285,0.0,0.0,0.265142560005188,9.095534915104508e-05,4.6979594230651855,1.9220280647277832,0.3133500814437866,0.1507154405117035,0.0,0.0,0.265142560005188,9.095534915104508e-05,5.27645206451416,2.0728342533111572,0.0026341339107602835,0.008407633751630783,0.0023184495512396097,0.00684077525511384,0.0023184495512396097,0.00684077525511384,5.27645206451416,2.0728349685668945,0.23000000417232513,0.07000000029802322,0.23999999463558197,0.09000000357627869,-0.8125874996185303,-0.6915615797042847,19.888351440429688,21.755172729492188,0.08163265138864517,0.030612245202064514,0.0,0.0,0.0,0.0,9.5367431640625e-07,,,,,,,,,,,,
44,env000093,16,P,0.003,300,4.905327796936035,0.8628396987915039,4.042488098144531,82.4101520935981,4.76837158203125e-07,4.563063144683838,0.8610565662384033,0.735054612159729,0.0,4.517979145050049,1.379954218864441,0.0,0.0,0.15850122272968292,0.0017830682918429375,4.563063144683838,0.8610565662384033,0.18376365303993225,0.0,0.0,0.0,0.15850122272968292,0.0017830682918429375,4.905327796936035,0.8628396391868591,0.0008469442254863679,0.0014030167367309332,0.0005757275503128767,0.0006717112264595926,0.0005757275503128767,0.0006717112264595926,4.905327796936035,0.8628396987915039,0.14000000059604645,0.03999999910593033,0.14000000059604645,0.03999999910593033,-0.9861559867858887,-0.5395759344100952,17.940393447875977,18.456344604492188,0.040816325694322586,0.0,0.0,0.0,0.0,0.0,4.76837158203125e-07,,,,,,,,,,,,
45,env000065,12,P,0.003,300,5.09012508392334,1.5749117136001587,3.515213370323181,69.0594693129573,4.76837158203125e-07,4.499311447143555,1.5051674842834473,1.5651986598968506,0.27459144592285156,5.057396411895752,2.277874231338501,0.0,0.0,0.19951359927654266,0.001096169464290142,4.499311447143555,1.5051674842834473,0.39129966497421265,0.06864786148071289,0.0,0.0,0.19951359927654266,0.001096169464290142,5.090124607086182,1.5749114751815796,0.004168418701738119,0.004826457239687443,0.0035882717929780483,0.002244501607492566,0.0035882717929780483,0.002244501607492566,5.09012508392334,1.5749117136001587,0.1599999964237213,0.05000000074505806,0.20000000298023224,0.07000000029802322,-0.8833060264587402,-0.7179701328277588,20.27692413330078,22.460094451904297,0.1428571492433548,0.18367347121238708,0.0,0.0,0.0,0.0,4.76837158203125e-07,,,,,,,,,,,,
46,env000070,14,P,0.003,300,4.621960639953613,0.9007441997528076,3.7212164402008057,80.51164278712145,0.0,4.473478317260742,0.8400471210479736,0.4555228650569916,0.008848285302519798,3.169431686401367,1.4619379043579102,0.0,0.0,0.034601643681526184,0.05848497152328491,4.473478317260742,0.8400471210479736,0.1138807162642479,0.0022120713256299496,0.0,0.0,0.034601643681526184,0.05848497152328491,4.621960639953613,0.9007441401481628,0.00025759925483725965,0.001376488944515586,0.000202511582756415,0.00040688691660761833,0.000202511582756415,0.00040688691660761833,4.621960639953613,0.9007441997528076,0.25,0.03999999910593033,0.28999999165534973,0.07000000029802322,-0.6746786832809448,-0.2639300525188446,14.557154655456543,14.861444473266602,0.020408162847161293,0.010204081423580647,0.0,0.0,0.0,0.0,0.0,,,,,,,,,,,,
47,env000015,19,P,0.003,300,4.608753204345703,1.210439920425415,3.398313283920288,73.7360655527386,9.5367431640625e-07,4.382914066314697,1.2075364589691162,0.5529589653015137,0.006351113319396973,4.3992486000061035,1.444457769393921,0.0,0.0,0.08759935200214386,0.0013156082713976502,4.382914066314697,1.2075364589691162,0.13823974132537842,0.0015877783298492432,0.0,0.0,0.08759935200214386,0.0013156082713976502,4.608753204345703,1.2104398012161255,0.0008556596585549414,0.0029933969490230083,0.000531382451299578,0.0011713537387549877,0.000531382451299578,0.0011713537387549877,4.608753204345703,1.210439920425415,0.25,0.05000000074505806,0.25,0.05999999865889549,-0.7012516856193542,-0.5574637055397034,18.526248931884766,20.182424545288086,0.040816325694322586,0.010204081423580647,0.0,0.0,0.0,0.0,9.5367431640625e-07,,,,,,,,,,,,
48,env000064,8,P,0.003,300,4.928072452545166,1.2516669034957886,3.6764055490493774,74.60128852510378,0.0,4.340590953826904,1.2479051351547241,1.584726095199585,0.008070802316069603,8.100617408752441,1.44032621383667,0.0,0.0,0.1912999153137207,0.0017440887168049812,4.340590953826904,1.2479051351547241,0.39618152379989624,0.0020177005790174007,0.0,0.0,0.1912999153137207,0.0017440887168049812,4.928072452545166,1.2516669034957886,0.0007899244665168226,0.0011087505845353007,0.00045589666115120053,0.000437748443800956,0.00045589666115120053,0.000437748443800956,4.928072452545166,1.2516669034957886,0.20999999344348907,0.03999999910593033,0.23000000417232513,0.05000000074505806,-0.8734808564186096,-0.8000144362449646,13.895228385925293,14.496591567993164,0.06122449040412903,0.020408162847161293,0.0,0.0,0.0,0.0,0.0,,,,,,,,,,,,
49,env000070,12,P,0.003,300,4.42792272567749,1.8705767393112183,2.557345986366272,57.754982297596165,5.545554699892818e-07,4.305550575256348,1.8298324346542358,0.0,0.13122503459453583,1.1459593772888184,1.885872721672058,0.0,0.0,0.12237224727869034,0.007937969639897346,4.305550575256348,1.8298324346542358,0.0,0.03280625864863396,0.0,0.0,0.12237224727869034,0.007937969639897346,4.42792272567749,1.8705767393112183,0.0001569839660078287,0.0011487952433526516,7.62732233852148e-05,0.0004655121301766485,7.62732233852148e-05,0.0004655121301766485,4.42792272567749,1.8705767393112183,0.20999999344348907,0.05999999865889549,0.23000000417232513,0.07999999821186066,-0.8078479766845703,-0.77945476770401,13.998620986938477,14.355051040649414,0.0,0.030612245202064514,0.0,0.0,0.0,0.0,5.545554699892818e-07,,,,,,,,,,,,
0,env000028,18,P,0.01,300,14.120255470275879,3.48091459274292,10.639340877532959,75.34807638522909,0.0,9.246241569519043,3.2121357917785645,14.658866882324219,0.9201652407646179,86.41881561279297,3.642049551010132,0.0,0.0,1.2092915773391724,0.03873680904507637,9.246241569519043,3.2121357917785645,3.6647167205810547,0.23004131019115448,0.0,0.0,1.2092915773391724,0.03873680904507637,14.12024974822998,3.4809138774871826,0.058035608381032944,0.010377555154263973,0.052785083651542664,0.006540267262607813,0.052785083651542664,0.006540267262607813,14.120255470275879,3.48091459274292,0.4399999976158142,0.10999999940395355,0.4699999988079071,0.1899999976158142,-1.6023300886154175,-1.555902123451233,12.17909049987793,15.20783805847168,0.06122449040412903,0.27551019191741943,0.0,0.0,0.0,0.0,0.0,,,,,,,,,,,,
1,env000053,3,P,0.01,300,9.467486381530762,2.2842371463775635,7.183249235153198,75.87282353177007,6.743495646333031e-07,9.181839942932129,2.119335174560547,0.9411609768867493,0.22731006145477295,4.595371723175049,2.219731092453003,0.0,0.0,0.050355568528175354,0.1080734133720398,9.181839942932129,2.119335174560547,0.23529024422168732,0.05682751536369324,0.0,0.0,0.050355568528175354,0.1080734133720398,9.467486381530762,2.284236192703247,0.001515784882940352,0.017108257859945297,0.0009940899908542633,0.00868991669267416,0.0009940899908542633,0.00868991669267416,9.467486381530762,2.2842371463775635,0.3100000023841858,0.05000000074505806,0.33000001311302185,0.05000000074505806,-1.449889063835144,-1.3700237274169922,18.278919219970703,25.37779426574707,0.0714285746216774,0.040816325694322586,0.0,0.0,0.0,0.0,6.743495646333031e-07,,,,,,,,,,,,
2,env000071,1,P,0.01,300,9.585968017578125,1.2216423749923706,8.364325642585754,87.25593103636271,2.384185791015625e-07,8.704936981201172,1.2095471620559692,2.1023285388946533,0.035283684730529785,9.352002143859863,1.5949424505233765,0.0,0.0,0.355448842048645,0.0032734819687902927,8.704936981201172,1.2095471620559692,0.5255821347236633,0.008820921182632446,0.0,0.0,0.355448842048645,0.0032734819687902927,9.585968017578125,1.2216415405273438,0.002335905795916915,0.0125293442979455,0.0013696287060156465,0.008385829627513885,0.0013696287060156465,0.008385829627513885,9.585968017578125,1.2216423749923706,0.46000000834465027,0.029999999329447746,0.47999998927116394,0.029999999329447746,-1.420353889465332,-1.1170647144317627,16.846967697143555,24.120817184448242,0.13265305757522583,0.030612245202064514,0.0,0.0,0.0,0.0,2.384185791015625e-07,,,,,,,,,,,,
3,env000098,15,P,0.01,300,9.555397987365723,1.2205350399017334,8.33486294746399,87.22674825773305,2.384185791015625e-07,8.304899215698242,1.0990872383117676,3.0685720443725586,0.48210686445236206,18.43829917907715,2.1033945083618164,0.0,0.0,0.48335573077201843,0.0009200833737850189,8.304899215698242,1.0990872383117676,0.7671430110931396,0.12052671611309052,0.0,0.0,0.48335573077201843,0.0009200833737850189,9.555397987365723,1.2205339670181274,0.003083831164985895,0.017125379294157028,0.0013566215056926012,0.010857775807380676,0.0013566215056926012,0.010857775807380676,9.555397987365723,1.2205350399017334,0.4300000071525574,0.029999999329447746,0.46000000834465027,0.029999999329447746,-1.275104284286499,-0.8083637952804565,15.69437313079834,24.92893409729004,0.09183673560619354,0.2142857164144516,0.0,0.0,0.0,0.0,2.384185791015625e-07,,,,,,,,,,,,
4,env000079,19,P,0.01,300,8.78853988647461,3.383424758911133,5.405115127563477,61.50185579611288,7.539457556049456e-07,8.09712028503418,3.2079689502716064,1.5660032033920288,0.6910300254821777,6.3347344398498535,4.695034980773926,0.0,0.0,0.2999192774295807,0.0026977441739290953,8.09712028503418,3.2079689502716064,0.3915008008480072,0.17275750637054443,0.0,0.0,0.2999192774295807,0.0026977441739290953,8.78853988647461,3.3834240436553955,0.0022381783928722143,0.013121271505951881,0.001185613451525569,0.007815669290721416,0.001185613451525569,0.007815669290721416,8.78853988647461,3.383424758911133,0.1899999976158142,0.07999999821186066,0.20000000298023224,0.07999999821186066,-1.3750029802322388,-1.2842248678207397,17.062971115112305,24.611303329467773,0.13265305757522583,0.030612245202064514,0.0,0.0,0.0,0.0,7.539457556049456e-07,,,,,,,,,,,,
5,env000064,16,P,0.01,300,8.92863941192627,2.17863392829895,6.750005483627319,75.59948579187912,5.331201577973843e-07,7.7443342208862305,1.8212943077087402,3.550551652908325,1.4080251455307007,14.371979713439941,5.861823558807373,0.0,0.0,0.296662837266922,0.00533206295222044,7.7443342208862305,1.8212943077087402,0.8876379132270813,0.35200628638267517,0.0,0.0,0.296662837266922,0.00533206295222044,8.928635597229004,2.1786324977874756,0.021138811483979225,0.016096461564302444,0.039418093860149384,0.013459890149533749,0.039418093860149384,0.013459890149533749,8.92863941192627,2.17863392829895,0.3499999940395355,0.05000000074505806,0.36000001430511475,0.05000000074505806,-1.517952561378479,-1.1465896368026733,20.390674591064453,21.950063705444336,0.09183673560619354,0.20408163964748383,0.0,0.0,0.0,0.0,5.331201577973843e-07,,,,,,,,,,,,
6,env000073,2,P,0.01,300,8.008231163024902,2.7194418907165527,5.28878927230835,66.0419156820474,5.960464477539062e-07,7.717954635620117,2.673408031463623,0.45072659850120544,0.15518243610858917,2.4534785747528076,1.8492980003356934,0.0,0.0,0.17759491503238678,0.007237941958010197,7.717954635620117,2.673408031463623,0.11268164962530136,0.03879560902714729,0.0,0.0,0.17759491503238678,0.007237941958010197,8.008231163024902,2.7194416522979736,0.0009809486800804734,0.006519128568470478,0.00032115637441165745,0.002768472535535693,0.00032115637441165745,0.002768472535535693,8.008231163024902,2.7194418907165527,0.44999998807907104,0.07999999821186066,0.46000000834465027,0.10000000149011612,-1.1630653142929077,-1.254088282585144,13.463128089904785,17.207523345947266,0.08163265138864517,0.0714285746216774,0.0,0.0,0.0,0.0,5.960464477539062e-07,,,,,,,,,,,,
7,env000098,8,P,0.01,300,7.787880897521973,2.0963852405548096,5.691495656967163,73.08144194626989,0.0,7.642445087432861,1.643174648284912,0.48315685987472534,0.9328442811965942,3.610280752182007,3.5161893367767334,0.0,0.0,0.024646813049912453,0.2199985235929489,7.642445087432861,1.643174648284912,0.12078921496868134,0.23321107029914856,0.0,0.0,0.024646813049912453,0.2199985235929489,7.787880897521973,2.096384286880493,0.00018326443387195468,0.013655009679496288,5.838513243361376e-05,0.008489614352583885,5.838513243361376e-05,0.008489614352583885,7.787880897521973,2.0963852405548096,0.6499999761581421,0.07000000029802322,0.6800000071525574,0.07999999821186066,-1.0417883396148682,-0.4623352289199829,10.432659149169922,16.285676956176758,0.08163265138864517,0.22448979318141937,0.0,0.0,0.0,0.0,0.0,,,,,,,,,,,,
8,env000075,2,P,0.01,300,7.496397018432617,3.440904140472412,4.055492877960205,54.09922750873922,5.331201577973843e-07,7.366703510284424,2.918435573577881,0.4088095724582672,0.2642084062099457,3.9958178997039795,2.9131455421447754,0.0,0.0,0.02749105542898178,0.45641636848449707,7.366703510284424,2.918435573577881,0.1022023931145668,0.06605210155248642,0.0,0.0,0.02749105542898178,0.45641636848449707,7.496397018432617,3.440904140472412,0.00021959489095024765,0.0021300858352333307,0.00011937230010516942,0.0008413149043917656,0.00011937230010516942,0.0008413149043917656,7.496397018432617,3.440904140472412,0.23999999463558197,0.17000000178813934,0.23999999463558197,0.17000000178813934,-1.2015327215194702,-0.6663265228271484,13.131914138793945,13.922856330871582,0.020408162847161293,0.020408162847161293,0.0,0.0,0.0,0.0,5.331201577973843e-07,,,,,,,,,,,,
9,env000096,17,P,0.01,300,9.09707260131836,2.183616876602173,6.9134557247161865,75.99648840566887,1.1920928955078125e-07,7.362326622009277,1.6296573877334595,6.255550384521484,2.198683261871338,20.397174835205078,4.654752254486084,0.0,0.0,0.17085610330104828,0.004287024959921837,7.362326622009277,1.6296573877334595,1.563887596130371,0.5496708154678345,0.0,0.0,0.17085610330104828,0.004287024959921837,9.097070693969727,2.183615207672119,0.010512541979551315,0.020678861066699028,0.016807854175567627,0.016252949833869934,0.016807854175567627,0.016252949833869934,9.09707260131836,2.183616876602173,0.5299999713897705,0.05999999865889549,0.5699999928474426,0.10000000149011612,-1.1404790878295898,-0.6012783050537109,12.051583290100098,20.603675842285156,0.1734693944454193,0.3877550959587097,0.0,0.0,0.0,0.0,1.1920928955078125e-07,,,,,,,,,,,,
10,env000064,13,P,0.01,300,7.484281539916992,1.26102876663208,6.223252773284912,83.15097100628223,0.0,7.218011856079102,1.05962336063385,0.9054061770439148,0.044751834124326706,4.711853504180908,1.6441771984100342,0.0,0.0,0.0399177223443985,0.1902170181274414,7.218011856079102,1.05962336063385,0.2263515442609787,0.011187958531081676,0.0,0.0,0.0399177223443985,0.1902170181274414,7.484281539916992,1.2610282897949219,0.0009170506964437664,0.013615504838526249,0.0005336567992344499,0.004178383853286505,0.0005336567992344499,0.004178383853286505,7.484281539916992,1.26102876663208,0.3499999940395355,0.03999999910593033,0.36000001430511475,0.03999999910593033,-1.1648136377334595,-0.5672906637191772,17.778169631958008,24.030773162841797,0.051020409911870956,0.030612245202064514,0.0,0.0,0.0,0.0,0.0,,,,,,,,,,,,
11,env000065,9,P,0.01,300,8.620216369628906,0.912231981754303,7.707984387874603,89.41752802205389,0.0,7.197836399078369,0.8700949549674988,3.9372096061706543,0.12767954170703888,15.7604398727417,1.933849573135376,0.0,0.0,0.43807774782180786,0.010216938331723213,7.197836399078369,0.8700949549674988,0.9843024015426636,0.03191988542675972,0.0,0.0,0.43807774782180786,0.010216938331723213,8.620216369628906,0.9122318029403687,0.0006508479127660394,0.0036961049772799015,0.00038926940760575235,0.0016719726845622063,0.00038926940760575235,0.0016719726845622063,8.620216369628906,0.912231981754303,0.30000001192092896,0.029999999329447746,0.33000001311302185,0.03999999910593033,-1.1581223011016846,-0.59501051902771,9.151106834411621,13.092629432678223,0.23469388484954834,0.051020409911870956,0.0,0.0,0.0,0.0,0.0,,,,,,,,,,,,
12,env000065,15,P,0.01,300,7.356253623962402,3.241865396499634,4.1143882274627686,55.93048361003325,0.0,7.1496710777282715,2.905710458755493,0.5131604075431824,0.1771874874830246,4.190434455871582,2.085062026977539,0.0,0.0,0.07829213887453079,0.29185763001441956,7.1496710777282715,2.905710458755493,0.1282901018857956,0.04429687187075615,0.0,0.0,0.07829213887453079,0.29185763001441956,7.356253623962402,3.2418651580810547,0.0005930943298153579,0.0034372375812381506,0.0005902958801016212,0.0015333096962422132,0.0005902958801016212,0.0015333096962422132,7.356253623962402,3.241865396499634,0.3499999940395355,0.10999999940395355,0.3700000047683716,0.10999999940395355,-1.3337466716766357,-0.9510183334350586,17.014572143554688,17.8505802154541,0.020408162847161293,0.040816325694322586,0.0,0.0,0.0,0.0,0.0,,,,,,,,,,,,
13,env000040,9,P,0.01,300,7.489537715911865,1.2492823600769043,6.240255355834961,83.31963323420153,2.384185791015625e-07,7.1184797286987305,1.2351436614990234,1.082521677017212,0.0365634448826313,5.784343242645264,1.6113181114196777,0.0,0.0,0.10042756795883179,0.004997744224965572,7.1184797286987305,1.2351436614990234,0.270630419254303,0.009140861220657825,0.0,0.0,0.10042756795883179,0.004997744224965572,7.489537715911865,1.2492822408676147,0.0007529027061536908,0.004537074826657772,0.00031376429251395166,0.0017460070084780455,0.00031376429251395166,0.0017460070084780455,7.489537715911865,1.2492823600769043,0.20000000298023224,0.029999999329447746,0.20000000298023224,0.029999999329447746,-1.3597196340560913,-1.1767936944961548,14.400762557983398,16.151872634887695,0.09183673560619354,0.020408162847161293,0.0,0.0,0.0,0.0,2.384185791015625e-07,,,,,,,,,,,,
14,env000070,19,P,0.01,300,7.523976802825928,1.5515891313552856,5.972387671470642,79.37807130435962,4.76837158203125e-07,7.09885311126709,1.5212613344192505,1.2345690727233887,0.11112651973962784,5.928017616271973,1.782774806022644,0.0,0.0,0.1164812445640564,0.002546047791838646,7.09885311126709,1.5212613344192505,0.30864226818084717,0.02778162993490696,0.0,0.0,0.1164812445640564,0.002546047791838646,7.523976802825928,1.551589012145996,0.0022400931920856237,0.0041396841406822205,0.0012174027506262064,0.0016729494091123343,0.0012174027506262064,0.0016729494091123343,7.523976802825928,1.5515891313552856,0.25,0.05000000074505806,0.2800000011920929,0.05999999865889549,-1.1937187910079956,-0.8515605330467224,19.23587417602539,21.52163314819336,0.0714285746216774,0.040816325694322586,0.0,0.0,0.0,0.0,4.76837158203125e-07,,,,,,,,,,,,
15,env000071,13,P,0.01,300,7.703134536743164,1.3664463758468628,6.336688160896301,82.26116434382584,1.3486991292666062e-06,6.839238166809082,1.2058454751968384,1.830457329750061,0.6285809874534607,7.129632472991943,2.41876220703125,0.0,0.0,0.4062812626361847,0.003455202793702483,6.839238166809082,1.2058454751968384,0.45761433243751526,0.15714524686336517,0.0,0.0,0.4062812626361847,0.003455202793702483,7.703134059906006,1.3664458990097046,0.0025863877963274717,0.008983828127384186,0.002672641770914197,0.0050161476247012615,0.002672641770914197,0.0050161476247012615,7.703134536743164,1.3664463758468628,0.18000000715255737,0.029999999329447746,0.2199999988079071,0.029999999329447746,-1.4003098011016846,-1.0874693393707275,19.29998779296875,20.167943954467773,0.0714285746216774,0.2448979616165161,0.0,0.0,0.0,0.0,1.3486991292666062e-06,,,,,,,,,,,,
16,env000065,10,P,0.01,300,7.071628093719482,1.8776766061782837,5.193951487541199,73.44774666747672,7.152557373046875e-07,6.756982803344727,1.567697286605835,1.12558913230896,0.05106949806213379,3.999455690383911,1.5497599840164185,0.0,0.0,0.03324776515364647,0.29721176624298096,6.756982803344727,1.567697286605835,0.28139728307724,0.012767374515533447,0.0,0.0,0.03324776515364647,0.29721176624298096,7.071628093719482,1.8776763677597046,0.0022806725464761257,0.005984379909932613,0.0017824330134317279,0.0028282017447054386,0.0017824330134317279,0.0028282017447054386,7.071628093719482,1.8776766061782837,0.20000000298023224,0.029999999329447746,0.20999999344348907,0.03999999910593033,-1.3281208276748657,-1.3466397523880005,19.30569076538086,20.910503387451172,0.10204081982374191,0.040816325694322586,0.0,0.0,0.0,0.0,7.152557373046875e-07,,,,,,,,,,,,
17,env000075,7,P,0.01,300,7.0244855880737305,1.671766996383667,5.3527185916900635,76.20086232048057,4.76837158203125e-07,6.667773246765137,1.6435695886611938,1.072521686553955,0.07684890925884247,6.4588623046875,1.8997080326080322,0.0,0.0,0.0885821282863617,0.008984772488474846,6.667773246765137,1.6435695886611938,0.26813042163848877,0.019212227314710617,0.0,0.0,0.0885821282863617,0.008984772488474846,7.0244855880737305,1.6717666387557983,0.0011678581358864903,0.0070922039449214935,0.0006918186554685235,0.003495856886729598,0.0006918186554685235,0.003495856886729598,7.0244855880737305,1.671766996383667,0.3499999940395355,0.07000000029802322,0.3499999940395355,0.07999999821186066,-0.985809326171875,-0.5013411045074463,17.328445434570312,22.80118179321289,0.06122449040412903,0.030612245202064514,0.0,0.0,0.0,0.0,4.76837158203125e-07,,,,,,,,,,,,
18,env000040,2,P,0.01,300,6.724930286407471,1.1516200304031372,5.5733102560043335,82.87536106164835,4.76837158203125e-07,6.594912528991699,1.1166146993637085,0.14460313320159912,0.12256570160388947,2.412221908569336,1.8945467472076416,0.0,0.0,0.09386701881885529,0.004363656044006348,6.594912528991699,1.1166146993637085,0.03615078330039978,0.030641425400972366,0.0,0.0,0.09386701881885529,0.004363656044006348,6.724930286407471,1.151619791984558,0.0002974335220642388,0.005959027446806431,0.0002380073710810393,0.002405277919024229,0.0002380073710810393,0.002405277919024229,6.724930286407471,1.1516200304031372,0.23000000417232513,0.03999999910593033,0.25,0.05000000074505806,-1.262349247932434,-0.5734478235244751,19.834102630615234,21.626867294311523,0.010204081423580647,0.040816325694322586,0.0,0.0,0.0,0.0,4.76837158203125e-07,,,,,,,,,,,,
19,env000075,3,P,0.01,300,6.672563076019287,0.6660467982292175,6.00651627779007,90.01812660830525,1.3486991292666062e-06,6.478545665740967,0.4991953670978546,0.5160455703735352,0.6596598625183105,4.00889253616333,2.3554017543792725,0.0,0.0,0.0650056004524231,0.0019361688755452633,6.478545665740967,0.4991953670978546,0.1290113925933838,0.16491496562957764,0.0,0.0,0.0650056004524231,0.0019361688755452633,6.672563076019287,0.6660465002059937,0.0009444071911275387,0.005765728186815977,0.0005373008316382766,0.002898639999330044,0.0005373008316382766,0.002898639999330044,6.672563076019287,0.6660467982292175,0.38999998569488525,0.019999999552965164,0.4300000071525574,0.019999999552965164,-0.9833016395568848,-0.3879348635673523,17.729267120361328,18.820816040039062,0.051020409911870956,0.19387754797935486,0.0,0.0,0.0,0.0,1.3486991292666062e-06,,,,,,,,,,,,
20,env000053,7,P,0.01,300,6.983806133270264,2.443796157836914,4.54000997543335,65.00767473777837,0.0,6.367966175079346,2.3148486614227295,1.573495864868164,0.4409436285495758,7.635694980621338,2.4965622425079346,0.0,0.0,0.22246608138084412,0.01871124655008316,6.367966175079346,2.3148486614227295,0.393373966217041,0.11023590713739395,0.0,0.0,0.22246608138084412,0.01871124655008316,6.983806133270264,2.443795919418335,0.0011538192629814148,0.0036711622960865498,0.0006142366910353303,0.0023739177267998457,0.0006142366910353303,0.0023739177267998457,6.983806133270264,2.443796157836914,0.23999999463558197,0.07999999821186066,0.25999999046325684,0.07999999821186066,-0.9221231937408447,-0.8359057307243347,14.853523254394531,16.389575958251953,0.09183673560619354,0.06122449040412903,0.0,0.0,0.0,0.0,0.0,,,,,,,,,,,,
21,env000073,19,P,0.01,300,6.364980220794678,1.6387830972671509,4.726197123527527,74.25313134653314,4.76837158203125e-07,6.147644996643066,1.5878416299819946,0.6050187349319458,0.1570344716310501,3.70969820022583,1.9009419679641724,0.0,0.0,0.06608045101165771,0.011682270094752312,6.147644996643066,1.5878416299819946,0.15125468373298645,0.03925861790776253,0.0,0.0,0.06608045101165771,0.011682270094752312,6.364980220794678,1.6387825012207031,0.000620177888777107,0.011937637813389301,0.0002927319728769362,0.006137193646281958,0.0002927319728769362,0.006137193646281958,6.364980220794678,1.6387830972671509,0.4699999988079071,0.05999999865889549,0.550000011920929,0.07000000029802322,-0.8596760034561157,-0.6011216640472412,14.311005592346191,20.71340560913086,0.09183673560619354,0.08163265138864517,0.0,0.0,0.0,0.0,4.76837158203125e-07,,,,,,,,,,,,
22,env000079,2,P,0.01,300,6.7893171310424805,1.0644203424453735,5.724896788597107,84.32212957649932,1.0662403155947686e-06,6.101341247558594,1.042648196220398,1.6279398202896118,0.032735180109739304,6.174586296081543,1.5671741962432861,0.0,0.0,0.2809908986091614,0.013587990775704384,6.101341247558594,1.042648196220398,0.40698495507240295,0.008183795027434826,0.0,0.0,0.2809908986091614,0.013587990775704384,6.7893171310424805,1.0644199848175049,0.00209315144456923,0.008230073377490044,0.0016325260512530804,0.0036159821320325136,0.0016325260512530804,0.0036159821320325136,6.7893171310424805,1.0644203424453735,0.23000000417232513,0.029999999329447746,0.25,0.03999999910593033,-1.2548145055770874,-0.8384953737258911,18.694568634033203,22.028575897216797,0.12244898080825806,0.020408162847161293,0.0,0.0,0.0,0.0,1.0662403155947686e-06,,,,,,,,,,,,
23,env000070,11,P,0.01,300,6.266687870025635,0.663494884967804,5.603192985057831,89.41235148887206,1.430511474609375e-06,5.864142417907715,0.6554269194602966,1.183672308921814,0.0061484575271606445,5.702882289886475,1.4156988859176636,0.0,0.0,0.10662756115198135,0.006530533544719219,5.864142417907715,0.6554269194602966,0.2959180772304535,0.0015371143817901611,0.0,0.0,0.10662756115198135,0.006530533544719219,6.266687870025635,0.6634945869445801,0.0015367827145382762,0.006421932019293308,0.0010147077264264226,0.0028657540678977966,0.0010147077264264226,0.0028657540678977966,6.266687870025635,0.663494884967804,0.15000000596046448,0.019999999552965164,0.1599999964237213,0.019999999552965164,-1.3546222448349,-0.591194748878479,18.023086547851562,20.62381362915039,0.12244898080825806,0.051020409911870956,0.0,0.0,0.0,0.0,1.430511474609375e-06,,,,,,,,,,,,
24,env000028,13,P,0.01,300,6.207947731018066,1.4184514284133911,4.789496302604675,77.15104105458096,9.555351425660774e-07,5.815141201019287,1.3792153596878052,1.059112310409546,0.1281687319278717,6.427130222320557,1.884975552558899,0.0,0.0,0.12802855670452118,0.007193668745458126,5.815141201019287,1.3792153596878052,0.2647780776023865,0.032042182981967926,0.0,0.0,0.12802855670452118,0.007193668745458126,6.207947731018066,1.418451189994812,0.0011470462195575237,0.004634072072803974,0.00048763497034087777,0.00238526682369411,0.00048763497034087777,0.00238526682369411,6.207947731018066,1.4184514284133911,0.25,0.05000000074505806,0.25999999046325684,0.05999999865889549,-0.9878916144371033,-0.7880948185920715,15.4537992477417,18.20462989807129,0.09183673560619354,0.051020409911870956,0.0,0.0,0.0,0.0,9.555351425660774e-07,,,,,,,,,,,,
25,env000079,12,P,0.01,300,6.091620445251465,1.394176959991455,4.69744348526001,77.11320046083563,7.152557373046875e-07,5.7524495124816895,1.3021124601364136,0.5848804116249084,0.3637211322784424,4.15732479095459,3.275116443634033,0.0,0.0,0.19295062124729156,0.001134001067839563,5.7524495124816895,1.3021124601364136,0.1462201029062271,0.0909302830696106,0.0,0.0,0.19295062124729156,0.001134001067839563,6.091620445251465,1.3941768407821655,0.0006182498182170093,0.003177741076797247,0.0001306762860622257,0.001144798705354333,0.0001306762860622257,0.001144798705354333,6.091620445251465,1.394176959991455,0.3199999928474426,0.05000000074505806,0.3499999940395355,0.07000000029802322,-0.946955144405365,-0.4182804822921753,11.135222434997559,13.934478759765625,0.08163265138864517,0.030612245202064514,0.0,0.0,0.0,0.0,7.152557373046875e-07,,,,,,,,,,,,
26,env000028,14,P,0.01,300,6.223657131195068,0.9087269306182861,5.314930200576782,85.39882722549993,9.610960205463925e-07,5.712491512298584,0.8811277151107788,0.9094993472099304,0.0,5.455227375030518,1.3451974391937256,0.0,0.0,0.28379079699516296,0.02759866788983345,5.712491512298584,0.8811277151107788,0.2273748368024826,0.0,0.0,0.0,0.28379079699516296,0.02759866788983345,6.223657131195068,0.9087263941764832,0.0010685987072065473,0.014843488112092018,0.0002656886645127088,0.005469438154250383,0.0002656886645127088,0.005469438154250383,6.223657131195068,0.9087269306182861,0.15000000596046448,0.019999999552965164,0.1899999976158142,0.019999999552965164,-0.999423623085022,-0.8929872512817383,11.715460777282715,16.11860466003418,0.13265305757522583,0.0,0.0,0.0,0.0,0.0,9.610960205463925e-07,,,,,,,,,,,,
27,env000028,1,P,0.01,300,6.269633769989014,2.3932371139526367,3.876396656036377,61.828119444418036,0.0,5.542807102203369,2.2466800212860107,1.9245684146881104,0.5095198750495911,8.285565376281738,3.3916666507720947,0.0,0.0,0.24568462371826172,0.019176987931132317,5.542807102203369,2.2466800212860107,0.4811421036720276,0.12737996876239777,0.0,0.0,0.24568462371826172,0.019176987931132317,6.269633769989014,2.3932368755340576,0.001287693390622735,0.0038120958488434553,0.0009067155187949538,0.0016629277961328626,0.0009067155187949538,0.0016629277961328626,6.269633769989014,2.3932371139526367,0.23000000417232513,0.07000000029802322,0.23999999463558197,0.07999999821186066,-1.113179087638855,-1.0406146049499512,16.444599151611328,17.349315643310547,0.051020409911870956,0.09183673560619354,0.0,0.0,0.0,0.0,0.0,,,,,,,,,,,,
28,env000013,19,P,0.01,300,6.320464611053467,0.7851710319519043,5.5352935791015625,87.57732096816478,0.0,5.530374526977539,0.5500887036323547,2.2372710704803467,0.9065343737602234,14.650497436523438,4.166106224060059,0.0,0.0,0.230772465467453,0.008448498323559761,5.530374526977539,0.5500887036323547,0.5593177676200867,0.22663359344005585,0.0,0.0,0.230772465467453,0.008448498323559761,6.320464611053467,0.7851707935333252,0.0017268251394852996,0.004579781088978052,0.0009968060767278075,0.0022235619835555553,0.0009968060767278075,0.0022235619835555553,6.320464611053467,0.7851710319519043,0.4399999976158142,0.019999999552965164,0.5099999904632568,0.03999999910593033,-0.7944350838661194,-0.3183891475200653,13.125657081604004,16.366941452026367,0.16326530277729034,0.051020409911870956,0.0,0.0,0.0,0.0,0.0,,,,,,,,,,,,
29,env000071,18,P,0.01,300,5.786039352416992,0.7397792339324951,5.046260118484497,87.21441060328308,4.76837158203125e-07,5.4339919090271,0.5987927913665771,1.1028525829315186,0.5300925970077515,5.40048885345459,3.6307590007781982,0.0,0.0,0.07633424550294876,0.008462680503726006,5.4339919090271,0.5987927913665771,0.27571314573287964,0.13252314925193787,0.0,0.0,0.07633424550294876,0.008462680503726006,5.786039352416992,0.7397786378860474,0.0018261580262333155,0.006341159343719482,0.0012026362819597125,0.006074418779462576,0.0012026362819597125,0.006074418779462576,5.786039352416992,0.7397792339324951,0.23999999463558197,0.019999999552965164,0.25,0.019999999552965164,-1.1245759725570679,-0.5578827261924744,20.093507766723633,22.038509368896484,0.0714285746216774,0.030612245202064514,0.0,0.0,0.0,0.0,4.76837158203125e-07,,,,,,,,,,,,
30,env000098,1,P,0.01,300,5.704447269439697,1.907588005065918,3.7968592643737793,66.55963470316581,4.76837158203125e-07,5.372555732727051,1.7792435884475708,1.1325700283050537,0.493204265832901,3.917875289916992,3.1367194652557373,0.0,0.0,0.048748843371868134,0.005043183919042349,5.372555732727051,1.7792435884475708,0.2831425070762634,0.12330106645822525,0.0,0.0,0.048748843371868134,0.005043183919042349,5.704447269439697,1.9075877666473389,0.0025301743298768997,0.005083191208541393,0.001680782763287425,0.0019693151116371155,0.001680782763287425,0.0019693151116371155,5.704447269439697,1.907588005065918,0.2199999988079071,0.05999999865889549,0.23000000417232513,0.07999999821186066,-1.108766794204712,-0.7776695489883423,18.686616897583008,21.79457664489746,0.10204081982374191,0.020408162847161293,0.0,0.0,0.0,0.0,4.76837158203125e-07,,,,,,,,,,,,
31,env000098,16,P,0.01,300,5.565361022949219,0.8923723101615906,4.672988712787628,83.96559888061492,4.76837158203125e-07,5.291801452636719,0.8099655508995056,0.6089732050895691,0.3181811273097992,3.949209451675415,2.4908907413482666,0.0,0.0,0.1213165670633316,0.0028612990863621235,5.291801452636719,0.8099655508995056,0.15224330127239227,0.0795452818274498,0.0,0.0,0.1213165670633316,0.0028612990863621235,5.565361022949219,0.8923721313476562,0.00039980633300729096,0.004016302525997162,0.00013135719927959144,0.0017895858036354184,0.00013135719927959144,0.0017895858036354184,5.565361022949219,0.8923723101615906,0.5,0.029999999329447746,0.5099999904632568,0.05000000074505806,-0.7831811904907227,-0.3730328381061554,10.90953254699707,15.238554954528809,0.19387754797935486,0.051020409911870956,0.0,0.0,0.0,0.0,4.76837158203125e-07,,,,,,,,,,,,
32,env000096,12,P,0.01,300,5.7118635177612305,0.8238145112991333,4.888049006462097,85.57713242381485,4.76837158203125e-07,5.290597438812256,0.7967485785484314,1.2809665203094482,0.09502158313989639,5.755921363830566,2.0651509761810303,0.0,0.0,0.10102473944425583,0.00331037025898695,5.290597438812256,0.7967485785484314,0.32024163007736206,0.023755395784974098,0.0,0.0,0.10102473944425583,0.00331037025898695,5.7118635177612305,0.823814332485199,0.001472978969104588,0.0052740611135959625,0.0009617224568501115,0.0018838753458112478,0.0009617224568501115,0.0018838753458112478,5.7118635177612305,0.8238145112991333,0.25,0.019999999552965164,0.25999999046325684,0.029999999329447746,-1.1398873329162598,-0.6746199131011963,17.837799072265625,19.152515411376953,0.0714285746216774,0.010204081423580647,0.0,0.0,0.0,0.0,4.76837158203125e-07,,,,,,,,,,,,
33,env000079,8,P,0.01,300,7.90544319152832,1.1180946826934814,6.787348508834839,85.85664768432387,0.0,5.261393070220947,1.0979502201080322,7.678278923034668,0.0,29.865516662597656,1.3575056791305542,0.0,0.0,0.7244797945022583,0.020144276320934296,5.261393070220947,1.0979502201080322,1.919569730758667,0.0,0.0,0.0,0.7244797945022583,0.020144276320934296,7.905442237854004,1.1180944442749023,0.013744250871241093,0.00835923757404089,0.010130765847861767,0.0025723634753376245,0.010130765847861767,0.0025723634753376245,7.90544319152832,1.1180946826934814,0.17000000178813934,0.029999999329447746,0.20000000298023224,0.029999999329447746,-0.9321944713592529,-0.7607563138008118,14.330057144165039,19.697309494018555,0.18367347121238708,0.0,0.0,0.0,0.0,0.0,0.0,,,,,,,,,,,,
34,env000099,0,P,0.01,300,5.478332996368408,1.468078374862671,4.010254621505737,73.20209677221408,0.0,5.261017799377441,1.4219459295272827,0.6094968914985657,0.16791567206382751,4.490671634674072,1.9887020587921143,0.0,0.0,0.06494078040122986,0.004153105895966291,5.261017799377441,1.4219459295272827,0.15237422287464142,0.04197891801595688,0.0,0.0,0.06494078040122986,0.004153105895966291,5.478332996368408,1.4680780172348022,0.0004743022145703435,0.008394238539040089,0.0002943398430943489,0.0038033840246498585,0.0002943398430943489,0.0038033840246498585,5.478332996368408,1.468078374862671,0.33000001311302185,0.05000000074505806,0.3700000047683716,0.05000000074505806,-0.985522449016571,-0.985522449016571,16.158056259155273,18.233787536621094,0.020408162847161293,0.030612245202064514,0.0,0.0,0.0,0.0,0.0,,,,,,,,,,,,
35,env000082,19,P,0.01,300,9.41952133178711,1.2461588382720947,8.173362493515015,86.77046535191965,0.0,5.241971015930176,0.9085209369659424,15.901652336120605,1.2356599569320679,87.81346893310547,3.755589723587036,0.0,0.0,0.20212426781654358,0.02872246317565441,5.241971015930176,0.9085209369659424,3.9754130840301514,0.30891498923301697,0.0,0.0,0.20212426781654358,0.02872246317565441,9.419508934020996,1.2461583614349365,0.11758731305599213,0.008243821561336517,0.12666091322898865,0.004622928332537413,0.12666091322898865,0.004622928332537413,9.41952133178711,1.2461588382720947,0.18000000715255737,0.029999999329447746,0.1899999976158142,0.029999999329447746,-0.9981019496917725,-0.7217609882354736,10.83808422088623,13.449584007263184,0.09183673560619354,0.37755101919174194,0.0,0.0,0.0,0.0,0.0,,,,,,,,,,,,
36,env000099,14,P,0.01,300,5.648659706115723,1.3627147674560547,4.285944938659668,75.87543172443787,6.743495646333031e-07,5.134138584136963,0.6034621596336365,1.2859346866607666,2.9904396533966064,6.893893718719482,6.924203872680664,0.0,0.0,0.19303756952285767,0.011642171069979668,5.134138584136963,0.6034621596336365,0.32148367166519165,0.7476099133491516,0.0,0.0,0.19303756952285767,0.011642171069979668,5.648659706115723,1.3627142906188965,0.0013719272101297975,0.009915816597640514,0.0011773704318329692,0.005204277578741312,0.0011773704318329692,0.005204277578741312,5.648659706115723,1.3627147674560547,0.33000001311302185,0.009999999776482582,0.3799999952316284,0.05000000074505806,-0.7734652161598206,-0.4979785680770874,17.89023208618164,19.482303619384766,0.12244898080825806,0.18367347121238708,0.0,0.0,0.0,0.0,6.743495646333031e-07,,,,,,,,,,,,
37,env000062,8,P,0.01,300,5.31779670715332,1.3757153749465942,3.942081332206726,74.12997429751258,4.76837158203125e-07,5.088995933532715,1.191112756729126,0.8687580227851868,0.6831396222114563,3.602137565612793,3.0766561031341553,0.0,0.0,0.011611586436629295,0.013817339204251766,5.088995933532715,1.191112756729126,0.2171895056962967,0.17078490555286407,0.0,0.0,0.011611586436629295,0.013817339204251766,5.31779670715332,1.3757150173187256,0.0024837974924594164,0.008347926661372185,0.0017286880174651742,0.003799047088250518,0.0017286880174651742,0.003799047088250518,5.31779670715332,1.3757153749465942,0.14000000059604645,0.03999999910593033,0.20999999344348907,0.03999999910593033,-1.108399510383606,-0.6362699270248413,21.07982635498047,22.402202606201172,0.06122449040412903,0.23469388484954834,0.0,0.0,0.0,0.0,4.76837158203125e-07,,,,,,,,,,,,
38,env000098,5,P,0.01,300,5.320549488067627,0.821890115737915,4.498659372329712,84.5525332001673,8.596304041930125e-07,4.924315929412842,0.8181402087211609,1.1506017446517944,0.0,4.808611869812012,1.3825232982635498,0.0,0.0,0.10858277976512909,0.003749735886231065,4.924315929412842,0.8181402087211609,0.2876504361629486,0.0,0.0,0.0,0.10858277976512909,0.003749735886231065,5.320549488067627,0.8218899369239807,0.0014947816962376237,0.005662107840180397,0.000890483264811337,0.0020300536416471004,0.000890483264811337,0.0020300536416471004,5.320549488067627,0.821890115737915,0.14000000059604645,0.019999999552965164,0.14000000059604645,0.019999999552965164,-1.1577627658843994,-0.7341076731681824,17.642255783081055,20.012165069580078,0.12244898080825806,0.0,0.0,0.0,0.0,0.0,8.596304041930125e-07,,,,,,,,,,,,
39,env000073,13,P,0.01,300,5.519256591796875,1.8041956424713135,3.7150609493255615,67.31089391363247,5.960464477539062e-07,4.815986633300781,1.3099453449249268,1.7466539144515991,1.9196144342422485,9.107224464416504,9.281445503234863,0.0,0.0,0.26660650968551636,0.014343188144266605,4.815986633300781,1.3099453449249268,0.4366634786128998,0.47990360856056213,0.0,0.0,0.26660650968551636,0.014343188144266605,5.519256591796875,1.804192066192627,0.0011760153574869037,0.01968543417751789,0.0005749257397837937,0.03516877815127373,0.0005749257397837937,0.03516877815127373,5.519256591796875,1.8041956424713135,0.36000001430511475,0.05000000074505806,0.38999998569488525,0.09000000357627869,-0.7322248816490173,-0.45356568694114685,13.819314002990723,14.015657424926758,0.15306122601032257,0.030612245202064514,0.0,0.0,0.0,0.0,5.960464477539062e-07,,,,,,,,,,,,
40,env000082,13,P,0.01,300,5.346995830535889,0.27484315633773804,5.072152674198151,94.85985841305224,5.960464477539062e-07,4.762782096862793,0.2704138457775116,1.414964199066162,0.0029684542678296566,8.570147514343262,1.4207791090011597,0.0,0.0,0.2304723709821701,0.0036871731281280518,4.762782096862793,0.2704138457775116,0.3537410497665405,0.0007421135669574142,0.0,0.0,0.2304723709821701,0.0036871731281280518,5.346995830535889,0.27484312653541565,0.0007965219556353986,0.0009464676259085536,0.0004388542438391596,0.0002943935105577111,0.0004388542438391596,0.0002943935105577111,5.346995830535889,0.27484315633773804,0.17000000178813934,0.009999999776482582,0.18000000715255737,0.009999999776482582,-0.8229737877845764,-0.35863959789276123,13.993376731872559,14.627089500427246,0.051020409911870956,0.010204081423580647,0.0,0.0,0.0,0.0,5.960464477539062e-07,,,,,,,,,,,,
41,env000062,16,P,0.01,300,5.432032585144043,1.4162447452545166,4.015787839889526,73.92790409380504,4.76837158203125e-07,4.7547760009765625,1.215685486793518,1.448505163192749,0.7859764099121094,6.645833492279053,2.9069180488586426,0.0,0.0,0.31513020396232605,0.004064266104251146,4.7547760009765625,1.215685486793518,0.36212629079818726,0.19649410247802734,0.0,0.0,0.31513020396232605,0.004064266104251146,5.432032585144043,1.4162439107894897,0.0027631730772554874,0.009975768625736237,0.0023637902922928333,0.00825947429984808,0.0023637902922928333,0.00825947429984808,5.432032585144043,1.4162447452545166,0.20999999344348907,0.03999999910593033,0.23000000417232513,0.05999999865889549,-0.7984116077423096,-0.5919199585914612,18.971744537353516,20.33098030090332,0.08163265138864517,0.19387754797935486,0.0,0.0,0.0,0.0,4.76837158203125e-07,,,,,,,,,,,,
42,env000062,11,P,0.01,300,4.876251697540283,1.1612356901168823,3.715016007423401,76.18589518866219,0.0,4.752430438995361,0.8964737057685852,0.30102354288101196,0.0025655985809862614,2.678689479827881,1.417959213256836,0.0,0.0,0.04856545105576515,0.26412051916122437,4.752430438995361,0.8964737057685852,0.07525588572025299,0.0006413996452465653,0.0,0.0,0.04856545105576515,0.26412051916122437,4.876251697540283,1.1612355709075928,0.0005959752597846091,0.0037635506596416235,0.0003697732463479042,0.001451806165277958,0.0003697732463479042,0.001451806165277958,4.876251697540283,1.1612356901168823,0.23000000417232513,0.029999999329447746,0.23000000417232513,0.029999999329447746,-0.8446717858314514,-0.731244683265686,16.938676834106445,18.805301666259766,0.030612245202064514,0.010204081423580647,0.0,0.0,0.0,0.0,0.0,,,,,,,,,,,,
43,env000076,19,P,0.01,300,5.27645206451416,0.9013753533363342,4.375076711177826,82.91701805843411,9.5367431640625e-07,4.6979594230651855,0.8614955544471741,1.2534003257751465,0.15788519382476807,4.857631683349609,2.076115369796753,0.0,0.0,0.265142560005188,0.0004076484474353492,4.6979594230651855,0.8614955544471741,0.3133500814437866,0.03947129845619202,0.0,0.0,0.265142560005188,0.0004076484474353492,5.27645206451416,0.9013745188713074,0.0026341339107602835,0.014029801823198795,0.0023184495512396097,0.008402804844081402,0.0023184495512396097,0.008402804844081402,5.27645206451416,0.9013753533363342,0.23000000417232513,0.029999999329447746,0.23999999463558197,0.029999999329447746,-0.8125874996185303,-0.5508383512496948,19.888351440429688,25.20294952392578,0.08163265138864517,0.030612245202064514,0.0,0.0,0.0,0.0,9.5367431640625e-07,,,,,,,,,,,,
44,env000093,16,P,0.01,300,4.905327796936035,0.45990341901779175,4.445424377918243,90.62441006888353,4.76837158203125e-07,4.563063144683838,0.4557915925979614,0.735054612159729,0.0005938768154010177,4.517979145050049,1.4041571617126465,0.0,0.0,0.15850122272968292,0.0039631035178899765,4.563063144683838,0.4557915925979614,0.18376365303993225,0.00014846920385025442,0.0,0.0,0.15850122272968292,0.0039631035178899765,4.905327796936035,0.45990318059921265,0.0008469442254863679,0.004552696365863085,0.0005757275503128767,0.0023258740548044443,0.0005757275503128767,0.0023258740548044443,4.905327796936035,0.45990341901779175,0.14000000059604645,0.019999999552965164,0.14000000059604645,0.019999999552965164,-0.9861559867858887,-0.4136512577533722,17.940393447875977,18.999719619750977,0.040816325694322586,0.010204081423580647,0.0,0.0,0.0,0.0,4.76837158203125e-07,,,,,,,,,,,,
45,env000065,12,P,0.01,300,5.09012508392334,0.6578812003135681,4.432243883609772,87.07534315037913,4.76837158203125e-07,4.499311447143555,0.5309146046638489,1.5651986598968506,0.450573593378067,5.057396411895752,2.748526096343994,0.0,0.0,0.19951359927654266,0.014322925359010696,4.499311447143555,0.5309146046638489,0.39129966497421265,0.11264339834451675,0.0,0.0,0.19951359927654266,0.014322925359010696,5.090124607086182,0.657880961894989,0.004168418701738119,0.006433786824345589,0.0035882717929780483,0.0026607743930071592,0.0035882717929780483,0.0026607743930071592,5.09012508392334,0.6578812003135681,0.1599999964237213,0.019999999552965164,0.20000000298023224,0.019999999552965164,-0.8833060264587402,-0.3790299594402313,20.27692413330078,24.419157028198242,0.1428571492433548,0.040816325694322586,0.0,0.0,0.0,0.0,4.76837158203125e-07,,,,,,,,,,,,
46,env000070,14,P,0.01,300,4.621960639953613,0.3828079104423523,4.239152729511261,91.71762937284134,0.0,4.473478317260742,0.36498016119003296,0.4555228650569916,0.038724709302186966,3.169431686401367,1.62210214138031,0.0,0.0,0.034601643681526184,0.008146385662257671,4.473478317260742,0.36498016119003296,0.1138807162642479,0.009681177325546741,0.0,0.0,0.034601643681526184,0.008146385662257671,4.621960639953613,0.3828077018260956,0.00025759925483725965,0.004614620935171843,0.000202511582756415,0.0020158966071903706,0.000202511582756415,0.0020158966071903706,4.621960639953613,0.3828079104423523,0.25,0.019999999552965164,0.28999999165534973,0.03999999910593033,-0.6746786832809448,-0.22326353192329407,14.557154655456543,15.687689781188965,0.020408162847161293,0.020408162847161293,0.0,0.0,0.0,0.0,0.0,,,,,,,,,,,,
47,env000015,19,P,0.01,300,4.608753204345703,0.6906929612159729,3.9180602431297302,85.01345308391211,9.5367431640625e-07,4.382914066314697,0.6775246858596802,0.5529589653015137,0.013888383284211159,4.3992486000061035,1.4920450448989868,0.0,0.0,0.08759935200214386,0.00969583261758089,4.382914066314697,0.6775246858596802,0.13823974132537842,0.0034720958210527897,0.0,0.0,0.08759935200214386,0.00969583261758089,4.608753204345703,0.6906926035881042,0.0008556596585549414,0.00735450629144907,0.000531382451299578,0.003464264329522848,0.000531382451299578,0.003464264329522848,4.608753204345703,0.6906929612159729,0.25,0.029999999329447746,0.25,0.029999999329447746,-0.7012516856193542,-0.37273138761520386,18.526248931884766,21.964670181274414,0.040816325694322586,0.030612245202064514,0.0,0.0,0.0,0.0,9.5367431640625e-07,,,,,,,,,,,,
48,env000064,8,P,0.01,300,4.928072452545166,0.9690107703208923,3.9590616822242737,80.33692118669168,0.0,4.340590953826904,0.9294478297233582,1.584726095199585,0.15302935242652893,8.100617408752441,1.7365741729736328,0.0,0.0,0.1912999153137207,0.0013054577866569161,4.340590953826904,0.9294478297233582,0.39618152379989624,0.03825733810663223,0.0,0.0,0.1912999153137207,0.0013054577866569161,4.928072452545166,0.9690106511116028,0.0007899244665168226,0.0023596175014972687,0.00045589666115120053,0.0010254480876028538,0.00045589666115120053,0.0010254480876028538,4.928072452545166,0.9690107703208923,0.20999999344348907,0.029999999329447746,0.23000000417232513,0.029999999329447746,-0.8734808564186096,-0.8000848293304443,13.895228385925293,14.862967491149902,0.06122449040412903,0.040816325694322586,0.0,0.0,0.0,0.0,0.0,,,,,,,,,,,,
49,env000070,12,P,0.01,300,4.42792272567749,1.3814716339111328,3.0464510917663574,68.80090915092106,5.545554699892818e-07,4.305550575256348,1.3388407230377197,0.0,0.13574163615703583,1.1459593772888184,1.7559044361114502,0.0,0.0,0.12237224727869034,0.008695362135767937,4.305550575256348,1.3388407230377197,0.0,0.03393540903925896,0.0,0.0,0.12237224727869034,0.008695362135767937,4.42792272567749,1.3814715147018433,0.0001569839660078287,0.0028330464847385883,7.62732233852148e-05,0.001086997683160007,7.62732233852148e-05,0.001086997683160007,4.42792272567749,1.3814716339111328,0.20999999344348907,0.03999999910593033,0.23000000417232513,0.05999999865889549,-0.8078479766845703,-0.7854626774787903,13.998620986938477,14.564861297607422,0.0,0.08163265138864517,0.0,0.0,0.0,0.0,5.545554699892818e-07,,,,,,,,,,,,
0,env000028,18,P,0.03,300,14.120255470275879,3.152130365371704,10.968125104904175,77.67653445076006,0.0,9.246241569519043,2.5621843338012695,14.658866882324219,1.8837144374847412,86.41881561279297,5.838428974151611,0.0,0.0,1.2092915773391724,0.11901596933603287,9.246241569519043,2.5621843338012695,3.6647167205810547,0.4709286093711853,0.0,0.0,1.2092915773391724,0.11901596933603287,14.12024974822998,3.1521289348602295,0.058035608381032944,0.025685271248221397,0.052785083651542664,0.013830311596393585,0.052785083651542664,0.013830311596393585,14.120255470275879,3.152130365371704,0.4399999976158142,0.10000000149011612,0.4699999988079071,0.11999999731779099,-1.6023300886154175,-1.555902123451233,12.17909049987793,17.871936798095703,0.06122449040412903,0.40816327929496765,0.0,0.0,0.0,0.0,0.0,,,,,,,,,,,,
1,env000053,3,P,0.03,300,9.467486381530762,1.4893712997436523,7.978115081787109,84.26856675865805,6.743495646333031e-07,9.181839942932129,1.4753108024597168,0.9411609768867493,0.04305453225970268,4.595371723175049,1.6751453876495361,0.0,0.0,0.050355568528175354,0.0032952246256172657,9.181839942932129,1.4753108024597168,0.23529024422168732,0.01076363306492567,0.0,0.0,0.050355568528175354,0.0032952246256172657,9.467486381530762,1.4893696308135986,0.001515784882940352,0.03461142256855965,0.0009940899908542633,0.01610167697072029,0.0009940899908542633,0.01610167697072029,9.467486381530762,1.4893712997436523,0.3100000023841858,0.029999999329447746,0.33000001311302185,0.029999999329447746,-1.449889063835144,-1.3700237274169922,18.278919219970703,30.91567039489746,0.0714285746216774,0.030612245202064514,0.0,0.0,0.0,0.0,6.743495646333031e-07,,,,,,,,,,,,
2,env000071,1,P,0.03,300,9.585968017578125,0.7985681295394897,8.787399888038635,91.66940544684556,2.384185791015625e-07,8.704936981201172,0.7917333841323853,2.1023285388946533,0.0025865077041089535,9.352002143859863,1.4181054830551147,0.0,0.0,0.355448842048645,0.006186936981976032,8.704936981201172,0.7917333841323853,0.5255821347236633,0.0006466269260272384,0.0,0.0,0.355448842048645,0.006186936981976032,9.585968017578125,0.798566997051239,0.002335905795916915,0.022930704057216644,0.0013696287060156465,0.011332942172884941,0.0013696287060156465,0.011332942172884941,9.585968017578125,0.7985681295394897,0.46000000834465027,0.019999999552965164,0.47999998927116394,0.019999999552965164,-1.420353889465332,-0.8561003804206848,16.846967697143555,28.61691665649414,0.13265305757522583,0.010204081423580647,0.0,0.0,0.0,0.0,2.384185791015625e-07,,,,,,,,,,,,
3,env000098,15,P,0.03,300,9.555397987365723,0.6671113967895508,8.888286590576172,93.01848653848208,2.384185791015625e-07,8.304899215698242,0.5361377596855164,3.0685720443725586,0.4429587423801422,18.43829917907715,2.1309828758239746,0.0,0.0,0.48335573077201843,0.020230185240507126,8.304899215698242,0.5361377596855164,0.7671430110931396,0.11073968559503555,0.0,0.0,0.48335573077201843,0.020230185240507126,9.555397987365723,0.6671076416969299,0.003083831164985895,0.050454821437597275,0.0013566215056926012,0.03736403211951256,0.0013566215056926012,0.03736403211951256,9.555397987365723,0.6671113967895508,0.4300000071525574,0.019999999552965164,0.46000000834465027,0.019999999552965164,-1.275104284286499,-0.4363945424556732,15.69437313079834,31.50742530822754,0.09183673560619354,0.2857142984867096,0.0,0.0,0.0,0.0,2.384185791015625e-07,,,,,,,,,,,,
4,env000079,19,P,0.03,300,8.78853988647461,1.3893269300460815,7.399212956428528,84.19160693365882,7.539457556049456e-07,8.09712028503418,1.3715263605117798,1.5660032033920288,0.05235083028674126,6.3347344398498535,1.7664557695388794,0.0,0.0,0.2999192774295807,0.004710961598902941,8.09712028503418,1.3715263605117798,0.3915008008480072,0.013087707571685314,0.0,0.0,0.2999192774295807,0.004710961598902941,8.78853988647461,1.3893250226974487,0.0022381783928722143,0.03522577881813049,0.001185613451525569,0.019480697810649872,0.001185613451525569,0.019480697810649872,8.78853988647461,1.3893269300460815,0.1899999976158142,0.029999999329447746,0.20000000298023224,0.029999999329447746,-1.3750029802322388,-1.0203155279159546,17.062971115112305,30.885812759399414,0.13265305757522583,0.010204081423580647,0.0,0.0,0.0,0.0,7.539457556049456e-07,,,,,,,,,,,,
5,env000064,16,P,0.03,300,8.92863941192627,1.3065913915634155,7.622048020362854,85.36628783756056,5.331201577973843e-07,7.7443342208862305,1.2563140392303467,3.550551652908325,0.1893768310546875,14.371979713439941,1.9443936347961426,0.0,0.0,0.296662837266922,0.0029321243055164814,7.7443342208862305,1.2563140392303467,0.8876379132270813,0.047344207763671875,0.0,0.0,0.296662837266922,0.0029321243055164814,8.928635597229004,1.3065903186798096,0.021138811483979225,0.022563224658370018,0.039418093860149384,0.010251004248857498,0.039418093860149384,0.010251004248857498,8.92863941192627,1.3065913915634155,0.3499999940395355,0.029999999329447746,0.36000001430511475,0.029999999329447746,-1.517952561378479,-0.9327050447463989,20.390674591064453,27.77853012084961,0.09183673560619354,0.06122449040412903,0.0,0.0,0.0,0.0,5.331201577973843e-07,,,,,,,,,,,,
6,env000073,2,P,0.03,300,8.008231163024902,1.5308226346969604,6.477408528327942,80.88438503417612,5.960464477539062e-07,7.717954635620117,1.517691731452942,0.45072659850120544,0.0070729018189013,2.4534785747528076,1.4495103359222412,0.0,0.0,0.17759491503238678,0.011362285353243351,7.717954635620117,1.517691731452942,0.11268164962530136,0.001768225454725325,0.0,0.0,0.17759491503238678,0.011362285353243351,8.008231163024902,1.5308222770690918,0.0009809486800804734,0.008586008101701736,0.00032115637441165745,0.0035569127649068832,0.00032115637441165745,0.0035569127649068832,8.008231163024902,1.5308226346969604,0.44999998807907104,0.03999999910593033,0.46000000834465027,0.03999999910593033,-1.1630653142929077,-1.2604836225509644,13.463128089904785,21.17448616027832,0.08163265138864517,0.010204081423580647,0.0,0.0,0.0,0.0,5.960464477539062e-07,,,,,,,,,,,,
7,env000098,8,P,0.03,300,7.787880897521973,1.2796937227249146,6.508187174797058,83.5681395290457,0.0,7.642445087432861,0.9586706757545471,0.48315685987472534,0.9585574865341187,3.610280752182007,4.822684288024902,0.0,0.0,0.024646813049912453,0.08138134330511093,7.642445087432861,0.9586706757545471,0.12078921496868134,0.23963937163352966,0.0,0.0,0.024646813049912453,0.08138134330511093,7.787880897521973,1.2796913385391235,0.00018326443387195468,0.02981477789580822,5.838513243361376e-05,0.023834774270653725,5.838513243361376e-05,0.023834774270653725,7.787880897521973,1.2796937227249146,0.6499999761581421,0.03999999910593033,0.6800000071525574,0.05000000074505806,-1.0417883396148682,-0.5323165059089661,10.432659149169922,18.72723960876465,0.08163265138864517,0.30612245202064514,0.0,0.0,0.0,0.0,0.0,,,,,,,,,,,,
8,env000075,2,P,0.03,300,7.496397018432617,1.5264205932617188,5.969976425170898,79.63794354129779,5.331201577973843e-07,7.366703510284424,0.7349548935890198,0.4088095724582672,0.1457463949918747,3.9958178997039795,1.990295648574829,0.0,0.0,0.02749105542898178,0.7550287246704102,7.366703510284424,0.7349548935890198,0.1022023931145668,0.036436598747968674,0.0,0.0,0.02749105542898178,0.7550287246704102,7.496397018432617,1.52642023563385,0.00021959489095024765,0.007430948782712221,0.00011937230010516942,0.0030811987817287445,0.00011937230010516942,0.0030811987817287445,7.496397018432617,1.5264205932617188,0.23999999463558197,0.029999999329447746,0.23999999463558197,0.03999999910593033,-1.2015327215194702,-0.4871566891670227,13.131914138793945,17.33107566833496,0.020408162847161293,0.040816325694322586,0.0,0.0,0.0,0.0,5.331201577973843e-07,,,,,,,,,,,,
9,env000096,17,P,0.03,300,9.09707260131836,1.255349040031433,7.841723561286926,86.20051641833103,1.1920928955078125e-07,7.362326622009277,0.8353354930877686,6.255550384521484,1.5948548316955566,20.397174835205078,3.8551642894744873,0.0,0.0,0.17085610330104828,0.021296851336956024,7.362326622009277,0.8353354930877686,1.563887596130371,0.39871370792388916,0.0,0.0,0.17085610330104828,0.021296851336956024,9.097070693969727,1.2553460597991943,0.010512541979551315,0.04144462198019028,0.016807854175567627,0.0301632322371006,0.016807854175567627,0.0301632322371006,9.09707260131836,1.255349040031433,0.5299999713897705,0.029999999329447746,0.5699999928474426,0.05000000074505806,-1.1404790878295898,-0.4808260202407837,12.051583290100098,29.535877227783203,0.1734693944454193,0.4897959232330322,0.0,0.0,0.0,0.0,1.1920928955078125e-07,,,,,,,,,,,,
10,env000064,13,P,0.03,300,7.484281539916992,1.0022192001342773,6.482062339782715,86.60901257136042,0.0,7.218011856079102,0.8097502589225769,0.9054061770439148,0.03660731390118599,4.711853504180908,1.6281899213790894,0.0,0.0022478103637695312,0.0399177223443985,0.18106897175312042,7.218011856079102,0.8097502589225769,0.2263515442609787,0.009151828475296497,0.0,0.0022478103637695312,0.0399177223443985,0.18106897175312042,7.484281539916992,1.0022188425064087,0.0009170506964437664,0.012381372042000294,0.0005336567992344499,0.003170403651893139,0.0005336567992344499,0.003170403651893139,7.484281539916992,1.0022192001342773,0.3499999940395355,0.029999999329447746,0.36000001430511475,0.029999999329447746,-1.1648136377334595,-0.5623664259910583,17.778169631958008,25.303016662597656,0.051020409911870956,0.030612245202064514,0.0,0.0,0.0,0.0,0.0,,,,,,,,,,,,
11,env000065,9,P,0.03,300,8.620216369628906,0.6115710139274597,8.008645355701447,92.9053867362057,0.0,7.197836399078369,0.6077355742454529,3.9372096061706543,0.0,15.7604398727417,1.3885142803192139,0.0,0.0,0.43807774782180786,0.003834961447864771,7.197836399078369,0.6077355742454529,0.9843024015426636,0.0,0.0,0.0,0.43807774782180786,0.003834961447864771,8.620216369628906,0.6115705370903015,0.0006508479127660394,0.009682939387857914,0.00038926940760575235,0.004945448134094477,0.00038926940760575235,0.004945448134094477,8.620216369628906,0.6115710139274597,0.30000001192092896,0.029999999329447746,0.33000001311302185,0.029999999329447746,-1.1581223011016846,-0.5223221182823181,9.151106834411621,16.262388229370117,0.23469388484954834,0.0,0.0,0.0,0.0,0.0,0.0,,,,,,,,,,,,
12,env000065,15,P,0.03,300,7.356253623962402,0.8134429454803467,6.542810678482056,88.94215742058401,0.0,7.1496710777282715,0.6464712023735046,0.5131604075431824,0.6212859749794006,4.190434455871582,5.389932632446289,0.0,0.0,0.07829213887453079,0.011648128740489483,7.1496710777282715,0.6464712023735046,0.1282901018857956,0.15532149374485016,0.0,0.0,0.07829213887453079,0.011648128740489483,7.356253623962402,0.8134407997131348,0.0005930943298153579,0.030966414138674736,0.0005902958801016212,0.021170759573578835,0.0005902958801016212,0.021170759573578835,7.356253623962402,0.8134429454803467,0.3499999940395355,0.029999999329447746,0.3700000047683716,0.029999999329447746,-1.3337466716766357,-0.5171859264373779,17.014572143554688,22.64003562927246,0.020408162847161293,0.051020409911870956,0.0,0.0,0.0,0.0,0.0,,,,,,,,,,,,
13,env000040,9,P,0.03,300,7.489537715911865,0.9800641536712646,6.509473562240601,86.91422366978574,2.384185791015625e-07,7.1184797286987305,0.9390581250190735,1.082521677017212,0.02394132688641548,5.784343242645264,1.567589282989502,0.0,0.0,0.10042756795883179,0.03502039238810539,7.1184797286987305,0.9390581250190735,0.270630419254303,0.00598533172160387,0.0,0.0,0.10042756795883179,0.03502039238810539,7.489537715911865,0.9800638556480408,0.0007529027061536908,0.007941949181258678,0.00031376429251395166,0.002992131980136037,0.00031376429251395166,0.002992131980136037,7.489537715911865,0.9800641536712646,0.20000000298023224,0.019999999552965164,0.20000000298023224,0.019999999552965164,-1.3597196340560913,-0.988276481628418,14.400762557983398,18.011003494262695,0.09183673560619354,0.010204081423580647,0.0,0.0,0.0,0.0,2.384185791015625e-07,,,,,,,,,,,,
14,env000070,19,P,0.03,300,7.523976802825928,0.6517919898033142,6.8721848130226135,91.33713451165202,4.76837158203125e-07,7.09885311126709,0.6479476690292358,1.2345690727233887,0.00433084974065423,5.928017616271973,1.4303158521652222,0.0,0.0,0.1164812445640564,0.002761236624792218,7.09885311126709,0.6479476690292358,0.30864226818084717,0.0010827124351635575,0.0,0.0,0.1164812445640564,0.002761236624792218,7.523976802825928,0.6517916321754456,0.0022400931920856237,0.009225335903465748,0.0012174027506262064,0.0035959072411060333,0.0012174027506262064,0.0035959072411060333,7.523976802825928,0.6517919898033142,0.25,0.019999999552965164,0.2800000011920929,0.019999999552965164,-1.1937187910079956,-0.6772136688232422,19.23587417602539,24.352018356323242,0.0714285746216774,0.010204081423580647,0.0,0.0,0.0,0.0,4.76837158203125e-07,,,,,,,,,,,,
15,env000071,13,P,0.03,300,7.703134536743164,1.0160192251205444,6.68711531162262,86.81031442104202,1.3486991292666062e-06,6.839238166809082,0.8579935431480408,1.830457329750061,0.6040059924125671,7.129632472991943,2.310119867324829,0.0,0.0,0.4062812626361847,0.007023255806416273,6.839238166809082,0.8579935431480408,0.45761433243751526,0.15100149810314178,0.0,0.0,0.4062812626361847,0.007023255806416273,7.703134059906006,1.016018271446228,0.0025863877963274717,0.0184284970164299,0.002672641770914197,0.009627971798181534,0.002672641770914197,0.009627971798181534,7.703134536743164,1.0160192251205444,0.18000000715255737,0.019999999552965164,0.2199999988079071,0.019999999552965164,-1.4003098011016846,-0.8172290325164795,19.29998779296875,23.505590438842773,0.0714285746216774,0.2857142984867096,0.0,0.0,0.0,0.0,1.3486991292666062e-06,,,,,,,,,,,,
16,env000065,10,P,0.03,300,7.071628093719482,1.4109677076339722,5.66066038608551,80.04748427187378,7.152557373046875e-07,6.756982803344727,1.1382452249526978,1.12558913230896,0.09968407452106476,3.999455690383911,1.7010267972946167,0.0,0.0,0.03324776515364647,0.24780115485191345,6.756982803344727,1.1382452249526978,0.28139728307724,0.02492101863026619,0.0,0.0,0.03324776515364647,0.24780115485191345,7.071628093719482,1.410967469215393,0.0022806725464761257,0.007172546815127134,0.0017824330134317279,0.0023361591156572104,0.0017824330134317279,0.0023361591156572104,7.071628093719482,1.4109677076339722,0.20000000298023224,0.019999999552965164,0.20999999344348907,0.03999999910593033,-1.3281208276748657,-0.9690616130828857,19.30569076538086,21.1574649810791,0.10204081982374191,0.030612245202064514,0.0,0.0,0.0,0.0,7.152557373046875e-07,,,,,,,,,,,,
17,env000075,7,P,0.03,300,7.0244855880737305,0.9046140909194946,6.119871497154236,87.12198808614028,4.76837158203125e-07,6.667773246765137,0.8866026997566223,1.072521686553955,0.06041529029607773,6.4588623046875,1.8229070901870728,0.0,0.0,0.0885821282863617,0.0029063213150948286,6.667773246765137,0.8866026997566223,0.26813042163848877,0.015103822574019432,0.0,0.0,0.0885821282863617,0.0029063213150948286,7.0244855880737305,0.9046128392219543,0.0011678581358864903,0.02037164196372032,0.0006918186554685235,0.012456581927835941,0.0006918186554685235,0.012456581927835941,7.0244855880737305,0.9046140909194946,0.3499999940395355,0.029999999329447746,0.3499999940395355,0.03999999910593033,-0.985809326171875,-0.47577422857284546,17.328445434570312,29.051637649536133,0.06122449040412903,0.010204081423580647,0.0,0.0,0.0,0.0,4.76837158203125e-07,,,,,,,,,,,,
18,env000040,2,P,0.03,300,6.724930286407471,0.5095818638801575,6.215348422527313,92.42249596385955,4.76837158203125e-07,6.594912528991699,0.4883744418621063,0.14460313320159912,0.049065638333559036,2.412221908569336,1.7434594631195068,0.0,0.0,0.09386701881885529,0.00894041359424591,6.594912528991699,0.4883744418621063,0.03615078330039978,0.012266409583389759,0.0,0.0,0.09386701881885529,0.00894041359424591,6.724930286407471,0.5095812678337097,0.0002974335220642388,0.013358506374061108,0.0002380073710810393,0.006138842087239027,0.0002380073710810393,0.006138842087239027,6.724930286407471,0.5095818638801575,0.23000000417232513,0.009999999776482582,0.25,0.009999999776482582,-1.262349247932434,-0.8153256773948669,19.834102630615234,25.70977020263672,0.010204081423580647,0.010204081423580647,0.0,0.0,0.0,0.0,4.76837158203125e-07,,,,,,,,,,,,
19,env000075,3,P,0.03,300,6.672563076019287,0.38547325134277344,6.287089824676514,94.22301075387153,1.3486991292666062e-06,6.478545665740967,0.3006161153316498,0.5160455703735352,0.3043484389781952,4.00889253616333,2.348271608352661,0.0,0.0,0.0650056004524231,0.008769317530095577,6.478545665740967,0.3006161153316498,0.1290113925933838,0.0760871097445488,0.0,0.0,0.0650056004524231,0.008769317530095577,6.672563076019287,0.38547253608703613,0.0009444071911275387,0.013927764259278774,0.0005373008316382766,0.007195140700787306,0.0005373008316382766,0.007195140700787306,6.672563076019287,0.38547325134277344,0.38999998569488525,0.009999999776482582,0.4300000071525574,0.019999999552965164,-0.9833016395568848,-0.39290037751197815,17.729267120361328,23.385631561279297,0.051020409911870956,0.08163265138864517,0.0,0.01923076994717121,0.0,0.005719184875488281,1.3486991292666062e-06,,,,,,,,,,,,
20,env000053,7,P,0.03,300,6.983806133270264,1.5527292490005493,5.431076884269714,77.76671890126677,0.0,6.367966175079346,1.2656757831573486,1.573495864868164,0.8005725741386414,7.635694980621338,4.021498203277588,0.0,0.0,0.22246608138084412,0.08690944314002991,6.367966175079346,1.2656757831573486,0.393373966217041,0.20014314353466034,0.0,0.0,0.22246608138084412,0.08690944314002991,6.983806133270264,1.552728295326233,0.0011538192629814148,0.012158438563346863,0.0006142366910353303,0.009185833856463432,0.0006142366910353303,0.009185833856463432,6.983806133270264,1.5527292490005493,0.23999999463558197,0.03999999910593033,0.25999999046325684,0.05000000074505806,-0.9221231937408447,-0.8602522015571594,14.853523254394531,20.628559112548828,0.09183673560619354,0.0714285746216774,0.0,0.0,0.0,0.0,0.0,,,,,,,,,,,,
21,env000073,19,P,0.03,300,6.364980220794678,1.311094045639038,5.05388617515564,79.40144352129117,4.76837158203125e-07,6.147644996643066,1.2198805809020996,0.6050187349319458,0.33772626519203186,3.70969820022583,2.860123872756958,0.0,0.0,0.06608045101165771,0.006780584808439016,6.147644996643066,1.2198805809020996,0.15125468373298645,0.08443156629800797,0.0,0.0,0.06608045101165771,0.006780584808439016,6.364980220794678,1.311092734336853,0.000620177888777107,0.021702537313103676,0.0002927319728769362,0.01313841063529253,0.0002927319728769362,0.01313841063529253,6.364980220794678,1.311094045639038,0.4699999988079071,0.029999999329447746,0.550000011920929,0.05000000074505806,-0.8596760034561157,-0.7347916960716248,14.311005592346191,22.729263305664062,0.09183673560619354,0.020408162847161293,0.0,0.0,0.0,0.0,4.76837158203125e-07,,,,,,,,,,,,
22,env000079,2,P,0.03,300,6.7893171310424805,0.8987716436386108,5.89054548740387,86.761972871628,1.0662403155947686e-06,6.101341247558594,0.8757928609848022,1.6279398202896118,0.00739707937464118,6.174586296081543,1.4238035678863525,0.0,0.0,0.2809908986091614,0.02112889476120472,6.101341247558594,0.8757928609848022,0.40698495507240295,0.001849269843660295,0.0,0.0,0.2809908986091614,0.02112889476120472,6.7893171310424805,0.8987710475921631,0.00209315144456923,0.01401188038289547,0.0016325260512530804,0.005937139969319105,0.0016325260512530804,0.005937139969319105,6.7893171310424805,0.8987716436386108,0.23000000417232513,0.019999999552965164,0.25,0.03999999910593033,-1.2548145055770874,-0.6853952407836914,18.694568634033203,25.390302658081055,0.12244898080825806,0.030612245202064514,0.0,0.0,0.0,0.0,1.0662403155947686e-06,,,,,,,,,,,,
23,env000070,11,P,0.03,300,6.266687870025635,0.591712236404419,5.674975633621216,90.55781540940225,1.430511474609375e-06,5.864142417907715,0.5558785796165466,1.183672308921814,0.11505241692066193,5.702882289886475,1.7145416736602783,0.0,0.0,0.10662756115198135,0.007069890853017569,5.864142417907715,0.5558785796165466,0.2959180772304535,0.02876310423016548,0.0,0.0,0.10662756115198135,0.007069890853017569,6.266687870025635,0.5917115807533264,0.0015367827145382762,0.010899227112531662,0.0010147077264264226,0.00637130718678236,0.0010147077264264226,0.00637130718678236,6.266687870025635,0.591712236404419,0.15000000596046448,0.009999999776482582,0.1599999964237213,0.019999999552965164,-1.3546222448349,-0.8179813623428345,18.023086547851562,21.520936965942383,0.12244898080825806,0.11224489659070969,0.0,0.0,0.0,0.0,1.430511474609375e-06,,,,,,,,,,,,
24,env000028,13,P,0.03,300,6.207947731018066,1.2752078771591187,4.932739853858948,79.45846304749746,9.555351425660774e-07,5.815141201019287,1.1991745233535767,1.059112310409546,0.17785045504570007,6.427130222320557,1.786933422088623,0.0,0.0,0.12802855670452118,0.03157057613134384,5.815141201019287,1.1991745233535767,0.2647780776023865,0.04446261376142502,0.0,0.0,0.12802855670452118,0.03157057613134384,6.207947731018066,1.2752076387405396,0.0011470462195575237,0.006421314086765051,0.00048763497034087777,0.0022873668931424618,0.00048763497034087777,0.0022873668931424618,6.207947731018066,1.2752078771591187,0.25,0.03999999910593033,0.25999999046325684,0.05999999865889549,-0.9878916144371033,-0.6232571601867676,15.4537992477417,21.164531707763672,0.09183673560619354,0.10204081982374191,0.0,0.0,0.0,0.0,9.555351425660774e-07,,,,,,,,,,,,
25,env000079,12,P,0.03,300,6.091620445251465,1.1094025373458862,4.982217907905579,81.78805545557772,7.152557373046875e-07,5.7524495124816895,1.0103892087936401,0.5848804116249084,0.1841769516468048,4.15732479095459,1.7628850936889648,0.0,0.0,0.19295062124729156,0.05296875908970833,5.7524495124816895,1.0103892087936401,0.1462201029062271,0.0460442379117012,0.0,0.0,0.19295062124729156,0.05296875908970833,6.091620445251465,1.1094021797180176,0.0006182498182170093,0.006636590231209993,0.0001306762860622257,0.0035488593857735395,0.0001306762860622257,0.0035488593857735395,6.091620445251465,1.1094025373458862,0.3199999928474426,0.03999999910593033,0.3499999940395355,0.03999999910593033,-0.946955144405365,-0.3852824568748474,11.135222434997559,15.879278182983398,0.08163265138864517,0.10204081982374191,0.0,0.0,0.0,0.0,7.152557373046875e-07,,,,,,,,,,,,
26,env000028,14,P,0.03,300,6.223657131195068,1.2531225681304932,4.970534563064575,79.86517345485791,9.610960205463925e-07,5.712491512298584,1.0008090734481812,0.9094993472099304,0.07436735928058624,5.455227375030518,1.8718643188476562,0.0,0.0,0.28379079699516296,0.23372022807598114,5.712491512298584,1.0008090734481812,0.2273748368024826,0.01859183982014656,0.0,0.0,0.28379079699516296,0.23372022807598114,6.223657131195068,1.2531211376190186,0.0010685987072065473,0.017115429043769836,0.0002656886645127088,0.014602226205170155,0.0002656886645127088,0.014602226205170155,6.223657131195068,1.2531225681304932,0.15000000596046448,0.029999999329447746,0.1899999976158142,0.03999999910593033,-0.999423623085022,-0.8929873704910278,11.715460777282715,20.48261070251465,0.13265305757522583,0.030612245202064514,0.0,0.0,0.0,0.0,9.610960205463925e-07,,,,,,,,,,,,
27,env000028,1,P,0.03,300,6.269633769989014,1.4660131931304932,4.8036205768585205,76.61724357572704,0.0,5.542807102203369,1.245617151260376,1.9245684146881104,0.8590551614761353,8.285565376281738,5.341835021972656,0.0,0.0,0.24568462371826172,0.005631528794765472,5.542807102203369,1.245617151260376,0.4811421036720276,0.2147637903690338,0.0,0.0,0.24568462371826172,0.005631528794765472,6.269633769989014,1.4660124778747559,0.001287693390622735,0.012354819104075432,0.0009067155187949538,0.00691886804997921,0.0009067155187949538,0.00691886804997921,6.269633769989014,1.4660131931304932,0.23000000417232513,0.05000000074505806,0.23999999463558197,0.05999999865889549,-1.113179087638855,-0.4745270311832428,16.444599151611328,20.593334197998047,0.051020409911870956,0.19387754797935486,0.0,0.0,0.0,0.0,0.0,,,,,,,,,,,,
28,env000013,19,P,0.03,300,6.320464611053467,0.4762655794620514,5.844199031591415,92.4647061763602,0.0,5.530374526977539,0.3207703232765198,2.2372710704803467,0.6167764663696289,14.650497436523438,4.441330909729004,0.0,0.0,0.230772465467453,0.0013005438959226012,5.530374526977539,0.3207703232765198,0.5593177676200867,0.15419411659240723,0.0,0.0,0.230772465467453,0.0013005438959226012,6.320464611053467,0.47626498341560364,0.0017268251394852996,0.010387292131781578,0.0009968060767278075,0.006044977810233831,0.0009968060767278075,0.006044977810233831,6.320464611053467,0.4762655794620514,0.4399999976158142,0.009999999776482582,0.5099999904632568,0.029999999329447746,-0.7944350838661194,-0.08111876994371414,13.125657081604004,20.519792556762695,0.16326530277729034,0.020408162847161293,0.0,0.0,0.0,0.0,0.0,,,,,,,,,,,,
29,env000071,18,P,0.03,300,5.786039352416992,0.6906605362892151,5.095378816127777,88.0633280518442,4.76837158203125e-07,5.4339919090271,0.3700089454650879,1.1028525829315186,1.098189115524292,5.40048885345459,5.412142276763916,0.0,0.0,0.07633424550294876,0.046103186905384064,5.4339919090271,0.3700089454650879,0.27571314573287964,0.274547278881073,0.0,0.0,0.07633424550294876,0.046103186905384064,5.786039352416992,0.6906594038009644,0.0018261580262333155,0.010747049935162067,0.0012026362819597125,0.011294875293970108,0.0012026362819597125,0.011294875293970108,5.786039352416992,0.6906605362892151,0.23999999463558197,0.009999999776482582,0.25,0.019999999552965164,-1.1245759725570679,-0.44353681802749634,20.093507766723633,22.90449333190918,0.0714285746216774,0.030612245202064514,0.0,0.0,0.0,0.0,4.76837158203125e-07,,,,,,,,,,,,
30,env000098,1,P,0.03,300,5.704447269439697,1.189534306526184,4.514912962913513,79.14724687001932,4.76837158203125e-07,5.372555732727051,1.1793034076690674,1.1325700283050537,0.03140068054199219,3.917875289916992,1.6198047399520874,0.0,0.0,0.048748843371868134,0.0023803208023309708,5.372555732727051,1.1793034076690674,0.2831425070762634,0.007850170135498047,0.0,0.0,0.048748843371868134,0.0023803208023309708,5.704447269439697,1.1895339488983154,0.0025301743298768997,0.010564841330051422,0.001680782763287425,0.003442916786298156,0.001680782763287425,0.003442916786298156,5.704447269439697,1.189534306526184,0.2199999988079071,0.05999999865889549,0.23000000417232513,0.07000000029802322,-1.108766794204712,-0.5292267799377441,18.686616897583008,26.683509826660156,0.10204081982374191,0.010204081423580647,0.0,0.0,0.0,0.0,4.76837158203125e-07,,,,,,,,,,,,
31,env000098,16,P,0.03,300,5.565361022949219,0.9226465225219727,4.642714500427246,83.4216231666308,4.76837158203125e-07,5.291801452636719,0.7417427897453308,0.6089732050895691,0.5714582204818726,3.949209451675415,2.6888647079467773,0.0,0.0,0.1213165670633316,0.03803878277540207,5.291801452636719,0.7417427897453308,0.15224330127239227,0.14286455512046814,0.0,0.0,0.1213165670633316,0.03803878277540207,5.565361022949219,0.9226461052894592,0.00039980633300729096,0.007612606510519981,0.00013135719927959144,0.004398608114570379,0.00013135719927959144,0.004398608114570379,5.565361022949219,0.9226465225219727,0.5,0.029999999329447746,0.5099999904632568,0.03999999910593033,-0.7831811904907227,-0.4356060028076172,10.90953254699707,16.724658966064453,0.19387754797935486,0.13265305757522583,0.0,0.0,0.0,0.0,4.76837158203125e-07,,,,,,,,,,,,
32,env000096,12,P,0.03,300,5.7118635177612305,0.6426569819450378,5.069206535816193,88.74873357973848,4.76837158203125e-07,5.290597438812256,0.6402503848075867,1.2809665203094482,0.0,5.755921363830566,1.3322957754135132,0.0,0.0,0.10102473944425583,0.0024063140153884888,5.290597438812256,0.6402503848075867,0.32024163007736206,0.0,0.0,0.0,0.10102473944425583,0.0024063140153884888,5.7118635177612305,0.642656683921814,0.001472978969104588,0.008051487617194653,0.0009617224568501115,0.0027031756471842527,0.0009617224568501115,0.0027031756471842527,5.7118635177612305,0.6426569819450378,0.25,0.019999999552965164,0.25999999046325684,0.019999999552965164,-1.1398873329162598,-0.6188944578170776,17.837799072265625,20.372648239135742,0.0714285746216774,0.0,0.0,0.0,0.0,0.0,4.76837158203125e-07,,,,,,,,,,,,
33,env000079,8,P,0.03,300,7.90544319152832,1.0412801504135132,6.864163041114807,86.82831404658785,0.0,5.261393070220947,0.8306580781936646,7.678278923034668,0.05046646669507027,29.865516662597656,1.7316970825195312,0.0,0.0,0.7244797945022583,0.1980016529560089,5.261393070220947,0.8306580781936646,1.919569730758667,0.012616616673767567,0.0,0.0,0.7244797945022583,0.1980016529560089,7.905442237854004,1.0412763357162476,0.013744250871241093,0.03840918093919754,0.010130765847861767,0.03811993822455406,0.010130765847861767,0.03811993822455406,7.90544319152832,1.0412801504135132,0.17000000178813934,0.019999999552965164,0.20000000298023224,0.019999999552965164,-0.9321944713592529,-0.7607563138008118,14.330057144165039,21.739696502685547,0.18367347121238708,0.020408162847161293,0.0,0.0,0.0,0.0,0.0,,,,,,,,,,,,
34,env000099,0,P,0.03,300,5.478332996368408,1.25496506690979,4.223367929458618,77.09220911285043,0.0,5.261017799377441,1.189980387687683,0.6094968914985657,0.23909041285514832,4.490671634674072,2.182934045791626,0.0,0.0,0.06494078040122986,0.00521148182451725,5.261017799377441,1.189980387687683,0.15237422287464142,0.05977260321378708,0.0,0.0,0.06494078040122986,0.00521148182451725,5.478332996368408,1.2549644708633423,0.0004743022145703435,0.014218628406524658,0.0002943398430943489,0.005956180859357119,0.0002943398430943489,0.005956180859357119,5.478332996368408,1.25496506690979,0.33000001311302185,0.029999999329447746,0.3700000047683716,0.05000000074505806,-0.985522449016571,-0.9855225086212158,16.158056259155273,20.689067840576172,0.020408162847161293,0.030612245202064514,0.0,0.0,0.0,0.0,0.0,,,,,,,,,,,,
35,env000082,19,P,0.03,300,9.41952133178711,0.5849835872650146,8.834537744522095,93.78966757800177,0.0,5.241971015930176,0.520281970500946,15.901652336120605,0.22751109302043915,87.81346893310547,1.8934948444366455,0.0,0.0,0.20212426781654358,0.007821952924132347,5.241971015930176,0.520281970500946,3.9754130840301514,0.05687777325510979,0.0,0.0,0.20212426781654358,0.007821952924132347,9.419508934020996,0.5849817395210266,0.11758731305599213,0.028109049424529076,0.12666091322898865,0.01874866709113121,0.12666091322898865,0.01874866709113121,9.41952133178711,0.5849835872650146,0.18000000715255737,0.019999999552965164,0.1899999976158142,0.019999999552965164,-0.9981019496917725,-0.5564998984336853,10.83808422088623,24.203672409057617,0.09183673560619354,0.29591837525367737,0.0,0.0,0.0,0.0,0.0,,,,,,,,,,,,
36,env000099,14,P,0.03,300,5.648659706115723,0.7573816776275635,4.891278028488159,86.59183386799603,6.743495646333031e-07,5.134138584136963,0.19926901161670685,1.2859346866607666,2.190974712371826,6.893893718719482,9.3414888381958,0.0,0.0,0.19303756952285767,0.01035426277667284,5.134138584136963,0.19926901161670685,0.32148367166519165,0.5477436780929565,0.0,0.0,0.19303756952285767,0.01035426277667284,5.648659706115723,0.757366955280304,0.0013719272101297975,0.10572480410337448,0.0011773704318329692,0.1473846733570099,0.0011773704318329692,0.1473846733570099,5.648659706115723,0.7573816776275635,0.33000001311302185,0.0,0.3799999952316284,0.019999999552965164,-0.7734652161598206,0.05778982490301132,17.89023208618164,24.600954055786133,0.12244898080825806,0.16326530277729034,0.0,0.0,0.0,0.0,6.743495646333031e-07,,,,,,,,,,,,
37,env000062,8,P,0.03,300,5.31779670715332,0.9417200088500977,4.376076698303223,82.29116190953054,4.76837158203125e-07,5.088995933532715,0.7601602673530579,0.8687580227851868,0.5801167488098145,3.602137565612793,2.2961111068725586,0.0,0.0,0.011611586436629295,0.03652942553162575,5.088995933532715,0.7601602673530579,0.2171895056962967,0.1450291872024536,0.0,0.0,0.011611586436629295,0.03652942553162575,5.31779670715332,0.9417188763618469,0.0024837974924594164,0.020355239510536194,0.0017286880174651742,0.011150013655424118,0.0017286880174651742,0.011150013655424118,5.31779670715332,0.9417200088500977,0.14000000059604645,0.019999999552965164,0.20999999344348907,0.029999999329447746,-1.108399510383606,-0.5762999057769775,21.07982635498047,26.405956268310547,0.06122449040412903,0.23469388484954834,0.0,0.0,0.0,0.0,4.76837158203125e-07,,,,,,,,,,,,
38,env000098,5,P,0.03,300,5.320549488067627,0.35333865880966187,4.967210829257965,93.35898181941371,8.596304041930125e-07,4.924315929412842,0.337354838848114,1.1506017446517944,0.0,4.808611869812012,1.3821358680725098,0.0,0.0,0.10858277976512909,0.015983210876584053,4.924315929412842,0.337354838848114,0.2876504361629486,0.0,0.0,0.0,0.10858277976512909,0.015983210876584053,5.320549488067627,0.3533380627632141,0.0014947816962376237,0.015337121672928333,0.000890483264811337,0.005934871267527342,0.000890483264811337,0.005934871267527342,5.320549488067627,0.35333865880966187,0.14000000059604645,0.009999999776482582,0.14000000059604645,0.009999999776482582,-1.1577627658843994,-0.5229914784431458,17.642255783081055,25.365102767944336,0.12244898080825806,0.0,0.0,0.0,0.0,0.0,8.596304041930125e-07,,,,,,,,,,,,
39,env000073,13,P,0.03,300,5.519256591796875,1.5945961475372314,3.9246604442596436,71.10849765696275,5.960464477539062e-07,4.815986633300781,0.9915984869003296,1.7466539144515991,2.3767025470733643,9.107224464416504,10.572061538696289,0.0,0.0,0.26660650968551636,0.008813220076262951,4.815986633300781,0.9915984869003296,0.4366634786128998,0.5941756367683411,0.0,0.0,0.26660650968551636,0.008813220076262951,5.519256591796875,1.5945874452590942,0.0011760153574869037,0.039179231971502304,0.0005749257397837937,0.08644337952136993,0.0005749257397837937,0.08644337952136993,5.519256591796875,1.5945961475372314,0.36000001430511475,0.03999999910593033,0.38999998569488525,0.05999999865889549,-0.7322248816490173,-0.593632161617279,13.819314002990723,14.074316024780273,0.15306122601032257,0.10204081982374191,0.0,0.0,0.0,0.0,5.960464477539062e-07,,,,,,,,,,,,
40,env000082,13,P,0.03,300,5.346995830535889,0.06895158439874649,5.278044246137142,98.71046122749948,5.960464477539062e-07,4.762782096862793,0.047129690647125244,1.414964199066162,0.0,8.570147514343262,1.3193333148956299,0.0,0.0,0.2304723709821701,0.0218217633664608,4.762782096862793,0.047129690647125244,0.3537410497665405,0.0,0.0,0.0,0.2304723709821701,0.0218217633664608,5.346995830535889,0.06895145773887634,0.0007965219556353986,0.00403858395293355,0.0004388542438391596,0.0012730052694678307,0.0004388542438391596,0.0012730052694678307,5.346995830535889,0.06895158439874649,0.17000000178813934,0.0,0.18000000715255737,0.0,-0.8229737877845764,0.1879531741142273,13.993376731872559,15.550291061401367,0.051020409911870956,0.0,0.0,0.0,0.0,0.0,5.960464477539062e-07,,,,,,,,,,,,
41,env000062,16,P,0.03,300,5.432032585144043,0.6463630199432373,4.785669565200806,88.10089943659464,4.76837158203125e-07,4.7547760009765625,0.4707118272781372,1.448505163192749,0.671829879283905,6.645833492279053,3.5447494983673096,0.0,0.0,0.31513020396232605,0.007691969163715839,4.7547760009765625,0.4707118272781372,0.36212629079818726,0.16795746982097626,0.0,0.0,0.31513020396232605,0.007691969163715839,5.432032585144043,0.6463612914085388,0.0027631730772554874,0.02136470191180706,0.0023637902922928333,0.01717250980436802,0.0023637902922928333,0.01717250980436802,5.432032585144043,0.6463630199432373,0.20999999344348907,0.009999999776482582,0.23000000417232513,0.009999999776482582,-0.7984116077423096,-0.761703610420227,18.971744537353516,24.00335693359375,0.08163265138864517,0.2142857164144516,0.0,0.0,0.0,0.0,4.76837158203125e-07,,,,,,,,,,,,
42,env000062,11,P,0.03,300,4.876251697540283,0.9981806874275208,3.8780710101127625,79.52975462831357,0.0,4.752430438995361,0.6747599840164185,0.30102354288101196,0.23316511511802673,2.678689479827881,2.4300410747528076,0.0,0.0,0.04856545105576515,0.26512908935546875,4.752430438995361,0.6747599840164185,0.07525588572025299,0.05829127877950668,0.0,0.0,0.04856545105576515,0.26512908935546875,4.876251697540283,0.9981803297996521,0.0005959752597846091,0.006477325689047575,0.0003697732463479042,0.003297052811831236,0.0003697732463479042,0.003297052811831236,4.876251697540283,0.9981806874275208,0.23000000417232513,0.019999999552965164,0.23000000417232513,0.019999999552965164,-0.8446717858314514,-0.674924910068512,16.938676834106445,19.699872970581055,0.030612245202064514,0.0714285746216774,0.0,0.0,0.0,0.0,0.0,,,,,,,,,,,,
43,env000076,19,P,0.03,300,5.27645206451416,0.4984462857246399,4.77800577878952,90.55338171122881,9.5367431640625e-07,4.6979594230651855,0.46277180314064026,1.2534003257751465,0.12263719737529755,4.857631683349609,2.1681079864501953,0.0,0.0,0.265142560005188,0.0050138141959905624,4.6979594230651855,0.46277180314064026,0.3133500814437866,0.030659299343824387,0.0,0.0,0.265142560005188,0.0050138141959905624,5.27645206451416,0.49844491481781006,0.0026341339107602835,0.023021642118692398,0.0023184495512396097,0.013811838813126087,0.0023184495512396097,0.013811838813126087,5.27645206451416,0.4984462857246399,0.23000000417232513,0.009999999776482582,0.23999999463558197,0.019999999552965164,-0.8125874996185303,-0.6740397214889526,19.888351440429688,27.990577697753906,0.08163265138864517,0.020408162847161293,0.0,0.0,0.0,0.0,9.5367431640625e-07,,,,,,,,,,,,
44,env000093,16,P,0.03,300,4.905327796936035,0.22910206019878387,4.676225736737251,95.32952598311807,4.76837158203125e-07,4.563063144683838,0.22421526908874512,0.735054612159729,0.0,4.517979145050049,1.3272922039031982,0.0,0.0,0.15850122272968292,0.004886459559202194,4.563063144683838,0.22421526908874512,0.18376365303993225,0.0,0.0,0.0,0.15850122272968292,0.004886459559202194,4.905327796936035,0.2291017323732376,0.0008469442254863679,0.00849316455423832,0.0005757275503128767,0.003282438265159726,0.0005757275503128767,0.003282438265159726,4.905327796936035,0.22910206019878387,0.14000000059604645,0.009999999776482582,0.14000000059604645,0.019999999552965164,-0.9861559867858887,-0.27258145809173584,17.940393447875977,20.978290557861328,0.040816325694322586,0.0,0.0,0.0,0.0,0.0,4.76837158203125e-07,,,,,,,,,,,,
45,env000065,12,P,0.03,300,5.09012508392334,0.005999838933348656,5.084125244989991,99.88212786848209,4.76837158203125e-07,4.499311447143555,0.0034576705656945705,1.5651986598968506,0.0,5.057396411895752,1.380690097808838,0.0,0.0,0.19951359927654266,0.002541949739679694,4.499311447143555,0.0034576705656945705,0.39129966497421265,0.0,0.0,0.0,0.19951359927654266,0.002541949739679694,5.090124607086182,0.005999620072543621,0.004168418701738119,0.00663813017308712,0.0035882717929780483,0.0021877260878682137,0.0035882717929780483,0.0021877260878682137,5.09012508392334,0.005999838933348656,0.1599999964237213,0.0,0.20000000298023224,0.0,-0.8833060264587402,0.48279130458831787,20.27692413330078,25.790199279785156,0.1428571492433548,0.0,0.0,0.0,0.0,0.0,4.76837158203125e-07,,,,,,,,,,,,
46,env000070,14,P,0.03,300,4.621960639953613,0.3600400984287262,4.261920541524887,92.2102301063226,0.0,4.473478317260742,0.2706170082092285,0.4555228650569916,0.24475423991680145,3.169431686401367,2.842315673828125,0.0,0.0,0.034601643681526184,0.028234273195266724,4.473478317260742,0.2706170082092285,0.1138807162642479,0.06118855997920036,0.0,0.0,0.034601643681526184,0.028234273195266724,4.621960639953613,0.3600398302078247,0.00025759925483725965,0.005431927740573883,0.000202511582756415,0.0025535603053867817,0.000202511582756415,0.0025535603053867817,4.621960639953613,0.3600400984287262,0.25,0.009999999776482582,0.28999999165534973,0.03999999910593033,-0.6746786832809448,-0.0031112730503082275,14.557154655456543,15.714958190917969,0.020408162847161293,0.030612245202064514,0.0,0.0,0.0,0.0,0.0,,,,,,,,,,,,
47,env000015,19,P,0.03,300,4.608753204345703,0.04596403241157532,4.562789171934128,99.00267967553059,9.5367431640625e-07,4.382914066314697,0.041916247457265854,0.5529589653015137,0.0,4.3992486000061035,1.3840699195861816,0.0,0.0,0.08759935200214386,0.004047380294650793,4.382914066314697,0.041916247457265854,0.13823974132537842,0.0,0.0,0.0,0.08759935200214386,0.004047380294650793,4.608753204345703,0.045963626354932785,0.0008556596585549414,0.010658943094313145,0.000531382451299578,0.004069870803505182,0.000531382451299578,0.004069870803505182,4.608753204345703,0.04596403241157532,0.25,0.0,0.25,0.0,-0.7012516856193542,0.20048071444034576,18.526248931884766,25.22673225402832,0.040816325694322586,0.0,0.0,0.0,0.0,0.0,9.5367431640625e-07,,,,,,,,,,,,
48,env000064,8,P,0.03,300,4.928072452545166,0.83412104845047,4.093951404094696,83.07409120944077,0.0,4.340590953826904,0.7483965754508972,1.584726095199585,0.28538182377815247,8.100617408752441,2.35321044921875,0.0,0.0,0.1912999153137207,0.014378762803971767,4.340590953826904,0.7483965754508972,0.39618152379989624,0.07134545594453812,0.0,0.0,0.1912999153137207,0.014378762803971767,4.928072452545166,0.8341208100318909,0.0007899244665168226,0.004855119623243809,0.00045589666115120053,0.002363183069974184,0.00045589666115120053,0.002363183069974184,4.928072452545166,0.83412104845047,0.20999999344348907,0.019999999552965164,0.23000000417232513,0.029999999329447746,-0.8734808564186096,-0.6026687622070312,13.895228385925293,16.214406967163086,0.06122449040412903,0.051020409911870956,0.0,0.0,0.0,0.0,0.0,,,,,,,,,,,,
49,env000070,12,P,0.03,300,4.42792272567749,1.5922870635986328,2.8356356620788574,64.03986333444863,5.545554699892818e-07,4.305550575256348,1.30530846118927,0.0,0.8713346719741821,1.1459593772888184,5.660254955291748,0.0,0.0,0.12237224727869034,0.06914488226175308,4.305550575256348,1.30530846118927,0.0,0.21783366799354553,0.0,0.0,0.12237224727869034,0.06914488226175308,4.42792272567749,1.5922869443893433,0.0001569839660078287,0.0029810687992721796,7.62732233852148e-05,0.001085581025108695,7.62732233852148e-05,0.001085581025108695,4.42792272567749,1.5922870635986328,0.20999999344348907,0.03999999910593033,0.23000000417232513,0.03999999910593033,-0.8078479766845703,-0.786263108253479,13.998620986938477,14.709515571594238,0.0,0.051020409911870956,0.0,0.0,0.0,0.0,5.545554699892818e-07,,,,,,,,,,,,
0,env000028,18,R,0.003,300,14.120255470275879,5.173619747161865,8.946635723114014,63.36029643335636,0.0,9.246241569519043,5.117808818817139,14.658866882324219,0.0,86.41881561279297,1.377192735671997,0.0,0.0,1.2092915773391724,0.05581102892756462,9.246241569519043,5.117808818817139,3.6647167205810547,0.0,0.0,0.0,1.2092915773391724,0.05581102892756462,14.12024974822998,5.173619747161865,0.058035608381032944,0.0003926287463400513,0.052785083651542664,7.926741091068834e-05,0.052785083651542664,7.926741091068834e-05,14.120255470275879,5.173619747161865,0.4399999976158142,0.33000001311302185,0.4699999988079071,0.38999998569488525,-1.6023300886154175,-1.5559020042419434,12.17909049987793,13.24223518371582,0.06122449040412903,0.0,0.0,0.0,0.0,0.0,0.0,,,,,,,,,,,,
1,env000053,3,R,0.003,300,9.467486381530762,6.555061340332031,2.9124250411987305,30.762389549144846,0.0,9.181839942932129,6.238603115081787,0.9411609768867493,0.6566084623336792,4.595371723175049,3.8883275985717773,0.0,0.0,0.050355568528175354,0.15230593085289001,9.181839942932129,6.238603115081787,0.23529024422168732,0.1641521155834198,0.0,0.0,0.050355568528175354,0.15230593085289001,9.467486381530762,6.555061340332031,0.001515784882940352,0.0014983953442424536,0.0009940899908542633,0.0007021078490652144,0.0009940899908542633,0.0007021078490652144,9.467486381530762,6.555061340332031,0.3100000023841858,0.11999999731779099,0.33000001311302185,0.11999999731779099,-1.449889063835144,-1.420090675354004,18.278919219970703,19.01419448852539,0.0714285746216774,0.10204081982374191,0.0,0.0,0.0,0.0,0.0,,,,,,,,,,,,
2,env000071,1,R,0.003,300,9.585968017578125,4.911391735076904,4.674576282501221,48.76478070789811,1.1920928955078125e-07,8.704936981201172,4.908285617828369,2.1023285388946533,0.009525418281555176,9.352002143859863,1.4666779041290283,0.0,0.0,0.355448842048645,0.0007249865448102355,8.704936981201172,4.908285617828369,0.5255821347236633,0.002381354570388794,0.0,0.0,0.355448842048645,0.0007249865448102355,9.585968017578125,4.911391735076904,0.002335905795916915,0.0013547346461564302,0.0013696287060156465,0.0005472050979733467,0.0013696287060156465,0.0005472050979733467,9.585968017578125,4.911391735076904,0.46000000834465027,0.10999999940395355,0.47999998927116394,0.12999999523162842,-1.420353889465332,-1.4183223247528076,16.846967697143555,19.114246368408203,0.13265305757522583,0.010204081423580647,0.0,0.0,0.0,0.0,1.1920928955078125e-07,,,,,,,,,,,,
3,env000098,15,R,0.003,300,9.555397987365723,3.0210492610931396,6.534348726272583,68.38384685716271,2.384185791015625e-07,8.304899215698242,2.576641082763672,3.0685720443725586,1.232041358947754,18.43829917907715,3.614527702331543,0.0,0.0,0.48335573077201843,0.13639788329601288,8.304899215698242,2.576641082763672,0.7671430110931396,0.3080103397369385,0.0,0.0,0.48335573077201843,0.13639788329601288,9.555397987365723,3.0210492610931396,0.003083831164985895,0.0015914506511762738,0.0013566215056926012,0.0007469335105270147,0.0013566215056926012,0.0007469335105270147,9.555397987365723,3.0210492610931396,0.4300000071525574,0.10999999940395355,0.46000000834465027,0.12999999523162842,-1.275104284286499,-0.7469543814659119,15.69437313079834,16.03982162475586,0.09183673560619354,0.09183673560619354,0.0,0.0,0.0,0.0,2.384185791015625e-07,,,,,,,,,,,,
4,env000079,19,R,0.003,300,8.78853988647461,4.607420444488525,4.181119441986084,47.57467674944213,0.0,8.09712028503418,4.325666427612305,1.5660032033920288,0.008549260906875134,6.3347344398498535,1.458213210105896,0.0,0.0,0.2999192774295807,0.2796167731285095,8.09712028503418,4.325666427612305,0.3915008008480072,0.0021373152267187834,0.0,0.0,0.2999192774295807,0.2796167731285095,8.78853988647461,4.607420444488525,0.0022381783928722143,0.0016315930988639593,0.001185613451525569,0.00047012115828692913,0.001185613451525569,0.00047012115828692913,8.78853988647461,4.607420444488525,0.1899999976158142,0.12999999523162842,0.20000000298023224,0.12999999523162842,-1.3750029802322388,-1.3194528818130493,17.062971115112305,19.886613845825195,0.13265305757522583,0.020408162847161293,0.0,0.0,0.0,0.0,0.0,,,,,,,,,,,,
5,env000064,16,R,0.003,300,8.92863941192627,5.649862766265869,3.2787766456604004,36.72201882496042,4.76837158203125e-07,7.7443342208862305,5.090406894683838,3.550551652908325,1.7395868301391602,14.371979713439941,7.011172771453857,0.0,0.0,0.296662837266922,0.1245582103729248,7.7443342208862305,5.090406894683838,0.8876379132270813,0.43489670753479004,0.0,0.0,0.296662837266922,0.1245582103729248,8.928635597229004,5.649862289428711,0.021138811483979225,0.0068822018802165985,0.039418093860149384,0.00593570014461875,0.039418093860149384,0.00593570014461875,8.92863941192627,5.649862766265869,0.3499999940395355,0.23999999463558197,0.36000001430511475,0.27000001072883606,-1.517952561378479,-1.4219434261322021,20.390674591064453,21.057937622070312,0.09183673560619354,0.09183673560619354,0.0,0.0,0.0,0.0,4.76837158203125e-07,,,,,,,,,,,,
6,env000073,2,R,0.003,300,8.008231163024902,4.9486589431762695,3.059572219848633,38.20534344681627,4.76837158203125e-07,7.717954635620117,4.941734790802002,0.45072659850120544,0.02595958672463894,2.4534785747528076,1.4874576330184937,0.0,0.0,0.17759491503238678,0.0004343336040619761,7.717954635620117,4.941734790802002,0.11268164962530136,0.006489896681159735,0.0,0.0,0.17759491503238678,0.0004343336040619761,8.008231163024902,4.9486589431762695,0.0009809486800804734,0.000767517602071166,0.00032115637441165745,0.000260622997302562,0.00032115637441165745,0.000260622997302562,8.008231163024902,4.9486589431762695,0.44999998807907104,0.30000001192092896,0.46000000834465027,0.3499999940395355,-1.1630653142929077,-1.1586589813232422,13.463128089904785,14.895227432250977,0.08163265138864517,0.0714285746216774,0.0,0.0,0.0,0.0,4.76837158203125e-07,,,,,,,,,,,,
7,env000098,8,R,0.003,300,7.787880897521973,5.043636322021484,2.7442445755004883,35.237372163378616,4.76837158203125e-07,7.642445087432861,4.631982326507568,0.48315685987472534,1.37192702293396,3.610280752182007,3.481498956680298,0.0,0.0,0.024646813049912453,0.06867232918739319,7.642445087432861,4.631982326507568,0.12078921496868134,0.34298175573349,0.0,0.0,0.024646813049912453,0.06867232918739319,7.787880897521973,5.043636322021484,0.00018326443387195468,0.00028945141821168363,5.838513243361376e-05,7.258947880472988e-05,5.838513243361376e-05,7.258947880472988e-05,7.787880897521973,5.043636322021484,0.6499999761581421,0.5,0.6800000071525574,0.5600000023841858,-1.0417883396148682,-0.6242552399635315,10.432659149169922,10.298014640808105,0.08163265138864517,0.10204081982374191,0.0,0.0,0.0,0.0,4.76837158203125e-07,,,,,,,,,,,,
8,env000075,2,R,0.003,300,7.496397018432617,4.372443675994873,3.123953342437744,41.672730709917964,4.76837158203125e-07,7.366703510284424,3.9561219215393066,0.4088095724582672,0.0,3.9958178997039795,1.113025188446045,0.0,0.0,0.02749105542898178,0.4163215458393097,7.366703510284424,3.9561219215393066,0.1022023931145668,0.0,0.0,0.0,0.02749105542898178,0.4163215458393097,7.496397018432617,4.372443675994873,0.00021959489095024765,0.00019557852647267282,0.00011937230010516942,4.402430931804702e-05,0.00011937230010516942,4.402430931804702e-05,7.496397018432617,4.372443675994873,0.23999999463558197,0.1899999976158142,0.23999999463558197,0.2199999988079071,-1.2015327215194702,-0.7062528133392334,13.131914138793945,13.861370086669922,0.020408162847161293,0.0,0.0,0.0,0.0,0.0,4.76837158203125e-07,,,,,,,,,,,,
9,env000096,17,R,0.003,300,9.09707260131836,3.672281503677368,5.424791097640991,59.63227221968992,0.0,7.362326622009277,3.2813050746917725,6.255550384521484,1.534785509109497,20.397174835205078,5.290501117706299,0.0,0.0,0.17085610330104828,0.007280013989657164,7.362326622009277,3.2813050746917725,1.563887596130371,0.38369637727737427,0.0,0.0,0.17085610330104828,0.007280013989657164,9.097070693969727,3.672281503677368,0.010512541979551315,0.0012346820440143347,0.016807854175567627,0.0007205178262665868,0.016807854175567627,0.0007205178262665868,9.09707260131836,3.672281503677368,0.5299999713897705,0.2199999988079071,0.5699999928474426,0.27000001072883606,-1.1404790878295898,-0.548144519329071,12.051583290100098,13.50511360168457,0.1734693944454193,0.10204081982374191,0.0,0.0,0.0,0.0,0.0,,,,,,,,,,,,
10,env000064,13,R,0.003,300,7.484281539916992,4.693817615509033,2.790463924407959,37.2843259506631,0.0,7.218011856079102,4.398138046264648,0.9054061770439148,1.1793179512023926,4.711853504180908,5.002569198608398,0.0,0.0,0.0399177223443985,0.0008496992522850633,7.218011856079102,4.398138046264648,0.2263515442609787,0.29482948780059814,0.0,0.0,0.0399177223443985,0.0008496992522850633,7.484281539916992,4.693817138671875,0.0009170506964437664,0.0027598377782851458,0.0005336567992344499,0.0025238145608454943,0.0005336567992344499,0.0025238145608454943,7.484281539916992,4.693817615509033,0.3499999940395355,0.1599999964237213,0.36000001430511475,0.18000000715255737,-1.1648136377334595,-0.889839231967926,17.778169631958008,18.023420333862305,0.051020409911870956,0.051020409911870956,0.0,0.0,0.0,0.0,0.0,,,,,,,,,,,,
11,env000065,9,R,0.003,300,8.620216369628906,2.309755802154541,6.310460567474365,73.20536163926968,4.76837158203125e-07,7.197836399078369,2.2744789123535156,3.9372096061706543,0.1337902992963791,15.7604398727417,1.5917026996612549,0.0,0.0,0.43807774782180786,0.001829352229833603,7.197836399078369,2.2744789123535156,0.9843024015426636,0.03344757482409477,0.0,0.0,0.43807774782180786,0.001829352229833603,8.620216369628906,2.309755802154541,0.0006508479127660394,0.00044800835894420743,0.00038926940760575235,9.736545325722545e-05,0.00038926940760575235,9.736545325722545e-05,8.620216369628906,2.309755802154541,0.30000001192092896,0.07999999821186066,0.33000001311302185,0.09000000357627869,-1.1581223011016846,-0.8115546107292175,9.151106834411621,11.311759948730469,0.23469388484954834,0.2551020383834839,0.0,0.0,0.0,0.0,4.76837158203125e-07,,,,,,,,,,,,
12,env000065,15,R,0.003,300,7.356253623962402,3.923595905303955,3.4326577186584473,46.66312356981334,0.0,7.1496710777282715,3.642359972000122,0.5131604075431824,0.006625437643378973,4.190434455871582,1.4463781118392944,0.0,0.0,0.07829213887453079,0.27957969903945923,7.1496710777282715,3.642359972000122,0.1282901018857956,0.0016563594108447433,0.0,0.0,0.07829213887453079,0.27957969903945923,7.356253623962402,3.923595905303955,0.0005930943298153579,0.0006811352213844657,0.0005902958801016212,0.0002560953435022384,0.0005902958801016212,0.0002560953435022384,7.356253623962402,3.923595905303955,0.3499999940395355,0.20000000298023224,0.3700000047683716,0.25,-1.3337466716766357,-0.6875302791595459,17.014572143554688,17.712718963623047,0.020408162847161293,0.010204081423580647,0.0,0.0,0.0,0.0,0.0,,,,,,,,,,,,
13,env000040,9,R,0.003,300,7.489537715911865,4.224127769470215,3.2654099464416504,43.59961949993439,2.384185791015625e-07,7.1184797286987305,4.214592456817627,1.082521677017212,0.020572662353515625,5.784343242645264,1.5006449222564697,0.0,0.0,0.10042756795883179,0.004392304923385382,7.1184797286987305,4.214592456817627,0.270630419254303,0.005143165588378906,0.0,0.0,0.10042756795883179,0.004392304923385382,7.489537715911865,4.224127769470215,0.0007529027061536908,0.0009464938775636256,0.00031376429251395166,0.00031559119815938175,0.00031376429251395166,0.00031559119815938175,7.489537715911865,4.224127769470215,0.20000000298023224,0.10000000149011612,0.20000000298023224,0.10999999940395355,-1.3597196340560913,-1.3124725818634033,14.400762557983398,14.975339889526367,0.09183673560619354,0.030612245202064514,0.0,0.0,0.0,0.0,2.384185791015625e-07,,,,,,,,,,,,
14,env000070,19,R,0.003,300,7.523976802825928,0.03929470479488373,7.484682098031044,99.4777402187082,4.76837158203125e-07,7.09885311126709,0.012514855712652206,1.2345690727233887,0.10343138873577118,5.928017616271973,2.1240196228027344,0.0,0.0,0.1164812445640564,0.0009218857740052044,7.09885311126709,0.012514855712652206,0.30864226818084717,0.025857847183942795,0.0,0.0,0.1164812445640564,0.0009218857740052044,7.523976802825928,0.039294589310884476,0.0022400931920856237,0.001946000149473548,0.0012174027506262064,0.0011595728574320674,0.0012174027506262064,0.0011595728574320674,7.523976802825928,0.03929470479488373,0.25,0.0,0.2800000011920929,0.0,-1.1937187910079956,0.47818002104759216,19.23587417602539,20.85917091369629,0.0714285746216774,0.010204081423580647,0.0,0.0,0.0,0.0,4.76837158203125e-07,,,,,,,,,,,,
15,env000071,13,R,0.003,300,7.703134536743164,3.954815626144409,3.748318910598755,48.65965786680288,1.430511474609375e-06,6.839238166809082,3.724642276763916,1.830457329750061,0.9071490168571472,7.129632472991943,3.8273377418518066,0.0,0.0,0.4062812626361847,0.003385762684047222,6.839238166809082,3.724642276763916,0.45761433243751526,0.2267872542142868,0.0,0.0,0.4062812626361847,0.003385762684047222,7.703134059906006,3.95481538772583,0.0025863877963274717,0.0026381073985248804,0.002672641770914197,0.0016047530807554722,0.002672641770914197,0.0016047530807554722,7.703134536743164,3.954815626144409,0.18000000715255737,0.09000000357627869,0.2199999988079071,0.10000000149011612,-1.4003098011016846,-1.3813713788986206,19.29998779296875,19.192424774169922,0.0714285746216774,0.11224489659070969,0.0,0.0,0.0,0.0,1.430511474609375e-06,,,,,,,,,,,,
16,env000065,10,R,0.003,300,7.071628093719482,2.21740984916687,4.854218244552612,68.64357373182257,0.0,6.756982803344727,1.9452306032180786,1.12558913230896,0.2009570151567459,3.999455690383911,1.830507516860962,0.0,0.0,0.03324776515364647,0.2219400852918625,6.756982803344727,1.9452306032180786,0.28139728307724,0.05023925378918648,0.0,0.0,0.03324776515364647,0.2219400852918625,7.071628093719482,2.21740984916687,0.0022806725464761257,0.0018951958045363426,0.0017824330134317279,0.001151206437498331,0.0017824330134317279,0.001151206437498331,7.071628093719482,2.21740984916687,0.20000000298023224,0.07000000029802322,0.20999999344348907,0.10999999940395355,-1.3281208276748657,-0.6549984812736511,19.30569076538086,20.256134033203125,0.10204081982374191,0.040816325694322586,0.0,0.0,0.0,0.0,0.0,,,,,,,,,,,,
17,env000075,7,R,0.003,300,7.0244855880737305,1.8497596979141235,5.174725890159607,73.66697283777376,0.0,6.667773246765137,1.1609594821929932,1.072521686553955,2.0670926570892334,6.4588623046875,6.489100456237793,0.0,0.0,0.0885821282863617,0.1720268726348877,6.667773246765137,1.1609594821929932,0.26813042163848877,0.5167731642723083,0.0,0.0,0.0885821282863617,0.1720268726348877,7.0244855880737305,1.849759578704834,0.0011678581358864903,0.00231892429292202,0.0006918186554685235,0.0016480698250234127,0.0006918186554685235,0.0016480698250234127,7.0244855880737305,1.8497596979141235,0.3499999940395355,0.03999999910593033,0.3499999940395355,0.03999999910593033,-0.985809326171875,-0.5738108158111572,17.328445434570312,18.500608444213867,0.06122449040412903,0.08163265138864517,0.0,0.0,0.0,0.0,0.0,,,,,,,,,,,,
18,env000040,2,R,0.003,300,6.724930286407471,1.8966398239135742,4.8282904624938965,71.79688497668012,0.0,6.594912528991699,1.7950053215026855,0.14460313320159912,0.15240876376628876,2.412221908569336,2.464261054992676,0.0,0.0,0.09386701881885529,0.06353229284286499,6.594912528991699,1.7950053215026855,0.03615078330039978,0.03810219094157219,0.0,0.0,0.09386701881885529,0.06353229284286499,6.724930286407471,1.8966398239135742,0.0002974335220642388,0.0006521953037008643,0.0002380073710810393,0.0004587176663335413,0.0002380073710810393,0.0004587176663335413,6.724930286407471,1.8966398239135742,0.23000000417232513,0.05999999865889549,0.25,0.05999999865889549,-1.262349247932434,-0.7945537567138672,19.834102630615234,20.823589324951172,0.010204081423580647,0.020408162847161293,0.0,0.0,0.0,0.0,0.0,,,,,,,,,,,,
19,env000075,3,R,0.003,300,6.672563076019287,2.1035196781158447,4.569043397903442,68.47508739668953,4.76837158203125e-07,6.478545665740967,1.837575912475586,0.5160455703735352,1.053566575050354,4.00889253616333,3.850388526916504,0.0,0.0,0.0650056004524231,0.002551967278122902,6.478545665740967,1.837575912475586,0.1290113925933838,0.2633916437625885,0.0,0.0,0.0650056004524231,0.002551967278122902,6.672563076019287,2.1035196781158447,0.0009444071911275387,0.0012993300333619118,0.0005373008316382766,0.0006994212744757533,0.0005373008316382766,0.0006994212744757533,6.672563076019287,2.1035196781158447,0.38999998569488525,0.07000000029802322,0.4300000071525574,0.07000000029802322,-0.9833016395568848,-0.6349937319755554,17.729267120361328,17.803834915161133,0.051020409911870956,0.0714285746216774,0.0,0.0,0.0,0.0,4.76837158203125e-07,,,,,,,,,,,,
20,env000053,7,R,0.003,300,6.983806133270264,3.687714099884033,3.2960920333862305,47.196213217946095,4.76837158203125e-07,6.367966175079346,3.6856579780578613,1.573495864868164,0.0018595457077026367,7.635694980621338,1.4125521183013916,0.0,0.0,0.22246608138084412,0.001591111533343792,6.367966175079346,3.6856579780578613,0.393373966217041,0.0004648864269256592,0.0,0.0,0.22246608138084412,0.001591111533343792,6.983806133270264,3.687714099884033,0.0011538192629814148,0.0008362136431969702,0.0006142366910353303,0.0003313395718578249,0.0006142366910353303,0.0003313395718578249,6.983806133270264,3.687714099884033,0.23999999463558197,0.14000000059604645,0.25999999046325684,0.1599999964237213,-0.9221231937408447,-0.8560699820518494,14.853523254394531,15.74209976196289,0.09183673560619354,0.020408162847161293,0.0,0.0,0.0,0.0,4.76837158203125e-07,,,,,,,,,,,,
21,env000073,19,R,0.003,300,6.364980220794678,3.856691598892212,2.508288621902466,39.4076420490322,4.76837158203125e-07,6.147644996643066,3.367325782775879,0.6050187349319458,1.9510581493377686,3.70969820022583,4.893197059631348,0.0,0.0,0.06608045101165771,0.0016012904234230518,6.147644996643066,3.367325782775879,0.15125468373298645,0.48776453733444214,0.0,0.0,0.06608045101165771,0.0016012904234230518,6.364980220794678,3.856691598892212,0.000620177888777107,0.0018159224418923259,0.0002927319728769362,0.0010344391921535134,0.0002927319728769362,0.0010344391921535134,6.364980220794678,3.856691598892212,0.4699999988079071,0.20000000298023224,0.550000011920929,0.25,-0.8596760034561157,-0.5679922103881836,14.311005592346191,14.878710746765137,0.09183673560619354,0.0714285746216774,0.0,0.0,0.0,0.0,4.76837158203125e-07,,,,,,,,,,,,
22,env000079,2,R,0.003,300,6.7893171310424805,3.1402854919433594,3.649031639099121,53.74666654492869,0.0,6.101341247558594,3.1112446784973145,1.6279398202896118,0.03594820573925972,6.174586296081543,1.5572705268859863,0.0,0.0,0.2809908986091614,0.020053867250680923,6.101341247558594,3.1112446784973145,0.40698495507240295,0.00898705143481493,0.0,0.0,0.2809908986091614,0.020053867250680923,6.7893171310424805,3.1402854919433594,0.00209315144456923,0.001471836818382144,0.0016325260512530804,0.0007179166423156857,0.0016325260512530804,0.0007179166423156857,6.7893171310424805,3.1402854919433594,0.23000000417232513,0.10000000149011612,0.25,0.11999999731779099,-1.2548145055770874,-1.1745693683624268,18.694568634033203,20.062156677246094,0.12244898080825806,0.040816325694322586,0.0,0.0,0.0,0.0,0.0,,,,,,,,,,,,
23,env000070,11,R,0.003,300,6.266687870025635,1.9665323495864868,4.300155520439148,68.6192708114176,0.0,5.864142417907715,1.9513275623321533,1.183672308921814,0.05929512903094292,5.702882289886475,1.6126067638397217,0.0,0.0,0.10662756115198135,0.00038082097307778895,5.864142417907715,1.9513275623321533,0.2959180772304535,0.01482378225773573,0.0,0.0,0.10662756115198135,0.00038082097307778895,6.266687870025635,1.9665322303771973,0.0015367827145382762,0.0016744252061471343,0.0010147077264264226,0.000812987913377583,0.0010147077264264226,0.000812987913377583,6.266687870025635,1.9665323495864868,0.15000000596046448,0.07000000029802322,0.1599999964237213,0.07999999821186066,-1.3546222448349,-0.778283953666687,18.023086547851562,19.406139373779297,0.12244898080825806,0.06122449040412903,0.0,0.0,0.0,0.0,0.0,,,,,,,,,,,,
24,env000028,13,R,0.003,300,6.207947731018066,3.449259042739868,2.7586886882781982,44.43801410399101,0.0,5.815141201019287,3.3959758281707764,1.059112310409546,0.20838424563407898,6.427130222320557,1.7471470832824707,0.0,0.0,0.12802855670452118,0.0011872006580233574,5.815141201019287,3.3959758281707764,0.2647780776023865,0.052096061408519745,0.0,0.0,0.12802855670452118,0.0011872006580233574,6.207947731018066,3.449259042739868,0.0011470462195575237,0.0011026845313608646,0.00048763497034087777,0.00039243881474249065,0.00048763497034087777,0.00039243881474249065,6.207947731018066,3.449259042739868,0.25,0.12999999523162842,0.25999999046325684,0.1599999964237213,-0.9878916144371033,-0.7368184328079224,15.4537992477417,16.19969367980957,0.09183673560619354,0.11224489659070969,0.0,0.0,0.0,0.0,0.0,,,,,,,,,,,,
25,env000079,12,R,0.003,300,6.091620445251465,2.557243824005127,3.534376621246338,58.020302693045366,0.0,5.7524495124816895,2.4054174423217773,0.5848804116249084,0.45669159293174744,4.15732479095459,2.2614388465881348,0.0,0.0,0.19295062124729156,0.03765339031815529,5.7524495124816895,2.4054174423217773,0.1462201029062271,0.11417289823293686,0.0,0.0,0.19295062124729156,0.03765339031815529,6.091620445251465,2.557243824005127,0.0006182498182170093,0.0005644718185067177,0.0001306762860622257,0.000171712163137272,0.0001306762860622257,0.000171712163137272,6.091620445251465,2.557243824005127,0.3199999928474426,0.12999999523162842,0.3499999940395355,0.2199999988079071,-0.946955144405365,-0.4992651045322418,11.135222434997559,11.644315719604492,0.08163265138864517,0.09183673560619354,0.0,0.0,0.0,0.0,0.0,,,,,,,,,,,,
26,env000028,14,R,0.003,300,6.223657131195068,3.423769474029541,2.7998876571655273,44.98781983235462,4.76837158203125e-07,5.712491512298584,3.3255674839019775,0.9094993472099304,0.0,5.455227375030518,1.399056315422058,0.0,0.0,0.28379079699516296,0.09820191562175751,5.712491512298584,3.3255674839019775,0.2273748368024826,0.0,0.0,0.0,0.28379079699516296,0.09820191562175751,6.223657131195068,3.423769474029541,0.0010685987072065473,0.0006181940552778542,0.0002656886645127088,0.0002688283857423812,0.0002656886645127088,0.0002688283857423812,6.223657131195068,3.423769474029541,0.15000000596046448,0.09000000357627869,0.1899999976158142,0.09000000357627869,-0.999423623085022,-0.8958582282066345,11.715460777282715,13.323866844177246,0.13265305757522583,0.0,0.0,0.0,0.0,0.0,4.76837158203125e-07,,,,,,,,,,,,
27,env000028,1,R,0.003,300,6.269633769989014,3.0508956909179688,3.218738079071045,51.338534229515055,4.76837158203125e-07,5.542807102203369,3.0483598709106445,1.9245684146881104,0.008638739585876465,8.285565376281738,1.459472894668579,0.0,0.0,0.24568462371826172,0.0003763054555747658,5.542807102203369,3.0483598709106445,0.4811421036720276,0.002159684896469116,0.0,0.0,0.24568462371826172,0.0003763054555747658,6.269633769989014,3.0508956909179688,0.001287693390622735,0.0007566222921013832,0.0009067155187949538,0.0004027867689728737,0.0009067155187949538,0.0004027867689728737,6.269633769989014,3.0508956909179688,0.23000000417232513,0.17000000178813934,0.23999999463558197,0.18000000715255737,-1.113179087638855,-0.5454432368278503,16.444599151611328,16.958696365356445,0.051020409911870956,0.020408162847161293,0.0,0.0,0.0,0.0,4.76837158203125e-07,,,,,,,,,,,,
28,env000013,19,R,0.003,300,6.320464611053467,2.7442421913146973,3.5762224197387695,56.58163821508528,0.0,5.530374526977539,2.5878469944000244,2.2372710704803467,0.30268722772598267,14.650497436523438,2.2179088592529297,0.0,0.0,0.230772465467453,0.08072325587272644,5.530374526977539,2.5878469944000244,0.5593177676200867,0.07567180693149567,0.0,0.0,0.230772465467453,0.08072325587272644,6.320464611053467,2.7442421913146973,0.0017268251394852996,0.0007441244088113308,0.0009968060767278075,0.0002522893773857504,0.0009968060767278075,0.0002522893773857504,6.320464611053467,2.7442421913146973,0.4399999976158142,0.25,0.5099999904632568,0.33000001311302185,-0.7944350838661194,-0.4387056231498718,13.125657081604004,13.749201774597168,0.16326530277729034,0.08163265138864517,0.0,0.0,0.0,0.0,0.0,,,,,,,,,,,,
29,env000071,18,R,0.003,300,5.786039352416992,1.787468671798706,3.998570680618286,69.1072154382768,0.0,5.4339919090271,1.4456727504730225,1.1028525829315186,0.3723320960998535,5.40048885345459,2.860684394836426,0.0,0.0,0.07633424550294876,0.24871279299259186,5.4339919090271,1.4456727504730225,0.27571314573287964,0.09308302402496338,0.0,0.0,0.07633424550294876,0.24871279299259186,5.786039352416992,1.7874685525894165,0.0018261580262333155,0.0015269869472831488,0.0012026362819597125,0.0008135589305311441,0.0012026362819597125,0.0008135589305311441,5.786039352416992,1.787468671798706,0.23999999463558197,0.05999999865889549,0.25,0.05999999865889549,-1.1245759725570679,-0.614449679851532,20.093507766723633,20.250267028808594,0.0714285746216774,0.06122449040412903,0.0,0.0,0.0,0.0,0.0,,,,,,,,,,,,
30,env000098,1,R,0.003,300,5.704447269439697,2.5918192863464355,3.1126279830932617,54.56493567340821,0.0,5.372555732727051,2.4261090755462646,1.1325700283050537,0.661007285118103,3.917875289916992,2.599545955657959,0.0,0.0,0.048748843371868134,0.00045826772111468017,5.372555732727051,2.4261090755462646,0.2831425070762634,0.16525182127952576,0.0,0.0,0.048748843371868134,0.00045826772111468017,5.704447269439697,2.5918190479278564,0.0025301743298768997,0.0021709157153964043,0.001680782763287425,0.001340760849416256,0.001680782763287425,0.001340760849416256,5.704447269439697,2.5918192863464355,0.2199999988079071,0.11999999731779099,0.23000000417232513,0.18000000715255737,-1.108766794204712,-0.45558103919029236,18.686616897583008,19.450305938720703,0.10204081982374191,0.11224489659070969,0.0,0.0,0.0,0.0,0.0,,,,,,,,,,,,
31,env000098,16,R,0.003,300,5.565361022949219,3.2295053005218506,2.335855722427368,41.971324282383065,0.0,5.291801452636719,3.22795033454895,0.6089732050895691,0.0007155895000323653,3.949209451675415,1.405009150505066,0.0,0.0,0.1213165670633316,0.001376264146529138,5.291801452636719,3.22795033454895,0.15224330127239227,0.00017889737500809133,0.0,0.0,0.1213165670633316,0.001376264146529138,5.565361022949219,3.2295053005218506,0.00039980633300729096,0.0005503274733200669,0.00013135719927959144,0.00011712911509675905,0.00013135719927959144,0.00011712911509675905,5.565361022949219,3.2295053005218506,0.5,0.1899999976158142,0.5099999904632568,0.25,-0.7831811904907227,-0.6154260039329529,10.90953254699707,12.365689277648926,0.19387754797935486,0.010204081423580647,0.0,0.0,0.0,0.0,0.0,,,,,,,,,,,,
32,env000096,12,R,0.003,300,5.7118635177612305,2.1762349605560303,3.5356285572052,61.89973808392033,0.0,5.290597438812256,2.168790340423584,1.2809665203094482,0.026723075658082962,5.755921363830566,1.5015498399734497,0.0,0.0,0.10102473944425583,0.000763959891628474,5.290597438812256,2.168790340423584,0.32024163007736206,0.0066807689145207405,0.0,0.0,0.10102473944425583,0.000763959891628474,5.7118635177612305,2.1762349605560303,0.001472978969104588,0.001084838411770761,0.0009617224568501115,0.0005760832573287189,0.0009617224568501115,0.0005760832573287189,5.7118635177612305,2.1762349605560303,0.25,0.09000000357627869,0.25999999046325684,0.10999999940395355,-1.1398873329162598,-0.5441625118255615,17.837799072265625,19.03031349182129,0.0714285746216774,0.030612245202064514,0.0,0.0,0.0,0.0,0.0,,,,,,,,,,,,
33,env000079,8,R,0.003,300,7.90544319152832,3.0285136699676514,4.876929521560669,61.69077942128424,0.0,5.261393070220947,2.9833695888519287,7.678278923034668,0.06567182391881943,29.865516662597656,1.6105780601501465,0.0,0.0,0.7244797945022583,0.02872603014111519,5.261393070220947,2.9833695888519287,1.919569730758667,0.016417955979704857,0.0,0.0,0.7244797945022583,0.02872603014111519,7.905442237854004,3.0285136699676514,0.013744250871241093,0.0011264648055657744,0.010130765847861767,0.000500139023642987,0.010130765847861767,0.000500139023642987,7.90544319152832,3.0285136699676514,0.17000000178813934,0.09000000357627869,0.20000000298023224,0.09000000357627869,-0.9321944713592529,-0.8578348755836487,14.330057144165039,16.825468063354492,0.18367347121238708,0.08163265138864517,0.0,0.0,0.0,0.0,0.0,,,,,,,,,,,,
34,env000099,0,R,0.003,300,5.478332996368408,3.3107967376708984,2.1675362586975098,39.565617134525624,0.0,5.261017799377441,3.309753179550171,0.6094968914985657,0.0,4.490671634674072,0.7463510036468506,0.0,0.0,0.06494078040122986,0.0010436055017635226,5.261017799377441,3.309753179550171,0.15237422287464142,0.0,0.0,0.0,0.06494078040122986,0.0010436055017635226,5.478332996368408,3.3107967376708984,0.0004743022145703435,0.00037625187542289495,0.0002943398430943489,0.0001228123583132401,0.0002943398430943489,0.0001228123583132401,5.478332996368408,3.3107967376708984,0.33000001311302185,0.12999999523162842,0.3700000047683716,0.17000000178813934,-0.985522449016571,-0.985522449016571,16.158056259155273,16.743616104125977,0.020408162847161293,0.0,0.0,0.0,0.0,0.0,0.0,,,,,,,,,,,,
35,env000082,19,R,0.003,300,9.41952133178711,2.78832745552063,6.6311938762664795,70.39841667844478,4.76837158203125e-07,5.241971015930176,2.3025121688842773,15.901652336120605,1.9386646747589111,87.81346893310547,5.168981075286865,0.0,0.0,0.20212426781654358,0.001149065443314612,5.241971015930176,2.3025121688842773,3.9754130840301514,0.4846661686897278,0.0,0.0,0.20212426781654358,0.001149065443314612,9.419508934020996,2.78832745552063,0.11758731305599213,0.0018724377732723951,0.12666091322898865,0.0008330753771588206,0.12666091322898865,0.0008330753771588206,9.41952133178711,2.78832745552063,0.18000000715255737,0.07000000029802322,0.1899999976158142,0.07000000029802322,-0.9981019496917725,-0.9210467338562012,10.83808422088623,11.040104866027832,0.09183673560619354,0.2142857164144516,0.0,0.0,0.0,0.0,4.76837158203125e-07,,,,,,,,,,,,
36,env000099,14,R,0.003,300,5.648659706115723,0.8452602624893188,4.803399443626404,85.03609163118523,9.5367431640625e-07,5.134138584136963,0.0967750996351242,1.2859346866607666,1.7679932117462158,6.893893718719482,5.568500518798828,0.0,0.0,0.19303756952285767,0.30648669600486755,5.134138584136963,0.0967750996351242,0.32148367166519165,0.44199830293655396,0.0,0.0,0.19303756952285767,0.30648669600486755,5.648659706115723,0.8452601432800293,0.0013719272101297975,0.0026445325929671526,0.0011773704318329692,0.0012751242611557245,0.0011773704318329692,0.0012751242611557245,5.648659706115723,0.8452602624893188,0.33000001311302185,0.0,0.3799999952316284,0.0,-0.7734652161598206,0.17953459918498993,17.89023208618164,19.50033187866211,0.12244898080825806,0.08163265138864517,0.0,0.0,0.0,0.0,9.5367431640625e-07,,,,,,,,,,,,
37,env000062,8,R,0.003,300,5.31779670715332,2.6547083854675293,2.663088321685791,50.07879143073474,0.0,5.088995933532715,2.3452932834625244,0.8687580227851868,1.221987247467041,3.602137565612793,3.90493106842041,0.0,0.0,0.011611586436629295,0.003917986061424017,5.088995933532715,2.3452932834625244,0.2171895056962967,0.30549681186676025,0.0,0.0,0.011611586436629295,0.003917986061424017,5.31779670715332,2.65470814704895,0.0024837974924594164,0.0033207638189196587,0.0017286880174651742,0.0028672562912106514,0.0017286880174651742,0.0028672562912106514,5.31779670715332,2.6547083854675293,0.14000000059604645,0.10000000149011612,0.20999999344348907,0.10000000149011612,-1.108399510383606,-0.6311017870903015,21.07982635498047,21.02220344543457,0.06122449040412903,0.09183673560619354,0.0,0.0,0.0,0.0,0.0,,,,,,,,,,,,
38,env000098,5,R,0.003,300,5.320549488067627,2.3751630783081055,2.9453864097595215,55.35868835286894,9.5367431640625e-07,4.924315929412842,2.307417154312134,1.1506017446517944,0.2653442323207855,4.808611869812012,1.9070950746536255,0.0,0.0,0.10858277976512909,0.0014097510138526559,4.924315929412842,2.307417154312134,0.2876504361629486,0.06633605808019638,0.0,0.0,0.10858277976512909,0.0014097510138526559,5.320549488067627,2.3751630783081055,0.0014947816962376237,0.0015802059788256884,0.000890483264811337,0.0007221539271995425,0.000890483264811337,0.0007221539271995425,5.320549488067627,2.3751630783081055,0.14000000059604645,0.07000000029802322,0.14000000059604645,0.07000000029802322,-1.1577627658843994,-0.9448853135108948,17.642255783081055,18.664888381958008,0.12244898080825806,0.1428571492433548,0.0,0.0,0.0,0.0,9.5367431640625e-07,,,,,,,,,,,,
39,env000073,13,R,0.003,300,5.519256591796875,3.214355230331421,2.304901361465454,41.761083637444365,1.599360416548734e-06,4.815986633300781,2.8871853351593018,1.7466539144515991,1.2913291454315186,9.107224464416504,4.025896072387695,0.0,0.0,0.26660650968551636,0.004337530583143234,4.815986633300781,2.8871853351593018,0.4366634786128998,0.32283228635787964,0.0,0.0,0.26660650968551636,0.004337530583143234,5.519256591796875,3.214355230331421,0.0011760153574869037,0.0011152108199894428,0.0005749257397837937,0.0004274072707630694,0.0005749257397837937,0.0004274072707630694,5.519256591796875,3.214355230331421,0.36000001430511475,0.2199999988079071,0.38999998569488525,0.27000001072883606,-0.7322248816490173,-0.5706133842468262,13.819314002990723,13.251920700073242,0.15306122601032257,0.10204081982374191,0.0,0.0,0.0,0.0,1.599360416548734e-06,,,,,,,,,,,,
40,env000082,13,R,0.003,300,5.346995830535889,0.6560563445091248,4.690939486026764,87.7303748627877,0.0,4.762782096862793,0.6245706677436829,1.414964199066162,0.11990325152873993,8.570147514343262,1.8579750061035156,0.0,0.0,0.2304723709821701,0.001509865396656096,4.762782096862793,0.6245706677436829,0.3537410497665405,0.029975812882184982,0.0,0.0,0.2304723709821701,0.001509865396656096,5.346995830535889,0.6560563445091248,0.0007965219556353986,0.0004378493467811495,0.0004388542438391596,0.00018286649719811976,0.0004388542438391596,0.00018286649719811976,5.346995830535889,0.6560563445091248,0.17000000178813934,0.029999999329447746,0.18000000715255737,0.03999999910593033,-0.8229737877845764,-0.357208788394928,13.993376731872559,14.23594856262207,0.051020409911870956,0.020408162847161293,0.0,0.0,0.0,0.0,0.0,,,,,,,,,,,,
41,env000062,16,R,0.003,300,5.432032585144043,3.0432000160217285,2.3888325691223145,43.976771708908466,4.76837158203125e-07,4.7547760009765625,2.90027117729187,1.448505163192749,0.5498090982437134,6.645833492279053,3.6881351470947266,0.0,0.0,0.31513020396232605,0.0054763504303991795,4.7547760009765625,2.90027117729187,0.36212629079818726,0.13745227456092834,0.0,0.0,0.31513020396232605,0.0054763504303991795,5.432032585144043,3.0431997776031494,0.0027631730772554874,0.002235781168565154,0.0023637902922928333,0.0012743829283863306,0.0023637902922928333,0.0012743829283863306,5.432032585144043,3.0432000160217285,0.20999999344348907,0.10999999940395355,0.23000000417232513,0.11999999731779099,-0.7984116077423096,-0.7411125898361206,18.971744537353516,19.532604217529297,0.08163265138864517,0.06122449040412903,0.0,0.0,0.0,0.0,4.76837158203125e-07,,,,,,,,,,,,
42,env000062,11,R,0.003,300,4.876251697540283,2.172422409057617,2.703829288482666,55.44892791006979,0.0,4.752430438995361,1.9193764925003052,0.30102354288101196,0.0,2.678689479827881,1.3225151300430298,0.0,0.0,0.04856545105576515,0.2530460059642792,4.752430438995361,1.9193764925003052,0.07525588572025299,0.0,0.0,0.0,0.04856545105576515,0.2530460059642792,4.876251697540283,2.172422409057617,0.0005959752597846091,0.0005623537581413984,0.0003697732463479042,0.0002146183978766203,0.0003697732463479042,0.0002146183978766203,4.876251697540283,2.172422409057617,0.23000000417232513,0.05999999865889549,0.23000000417232513,0.07000000029802322,-0.8446717858314514,-0.8154692053794861,16.938676834106445,17.202835083007812,0.030612245202064514,0.0,0.0,0.0,0.0,0.0,0.0,,,,,,,,,,,,
43,env000076,19,R,0.003,300,5.27645206451416,0.002191713312640786,5.274260351201519,99.95846236664632,0.0,4.6979594230651855,0.00042813096661120653,1.2534003257751465,0.004143786616623402,4.857631683349609,1.4290064573287964,0.0,0.0,0.265142560005188,0.0007275289390236139,4.6979594230651855,0.00042813096661120653,0.3133500814437866,0.0010359466541558504,0.0,0.0,0.265142560005188,0.0007275289390236139,5.27645206451416,0.002191606443375349,0.0026341339107602835,0.0017302969936281443,0.0023184495512396097,0.0010686382884159684,0.0023184495512396097,0.0010686382884159684,5.27645206451416,0.002191713312640786,0.23000000417232513,0.0,0.23999999463558197,0.0,-0.8125874996185303,0.8067110776901245,19.888351440429688,20.967391967773438,0.08163265138864517,0.010204081423580647,0.0,0.0,0.0,0.0,0.0,,,,,,,,,,,,
44,env000093,16,R,0.003,300,4.905327796936035,1.2785013914108276,3.6268264055252075,73.9364738843874,4.76837158203125e-07,4.563063144683838,1.253781795501709,0.735054612159729,0.09412894397974014,4.517979145050049,1.769490361213684,0.0,0.0,0.15850122272968292,0.0011872765608131886,4.563063144683838,1.253781795501709,0.18376365303993225,0.023532235994935036,0.0,0.0,0.15850122272968292,0.0011872765608131886,4.905327796936035,1.2785013914108276,0.0008469442254863679,0.000561278488021344,0.0005757275503128767,0.00027085322653874755,0.0005757275503128767,0.00027085322653874755,4.905327796936035,1.2785013914108276,0.14000000059604645,0.05000000074505806,0.14000000059604645,0.05000000074505806,-0.9861559867858887,-0.6000000238418579,17.940393447875977,18.24839210510254,0.040816325694322586,0.030612245202064514,0.0,0.0,0.0,0.0,4.76837158203125e-07,,,,,,,,,,,,
45,env000065,12,R,0.003,300,5.09012508392334,0.09582720696926117,4.994297876954079,98.11738993857102,0.0,4.499311447143555,0.007759054657071829,1.5651986598968506,0.34959208965301514,5.057396411895752,2.136051654815674,0.0,0.0,0.19951359927654266,0.0006699087098240852,4.499311447143555,0.007759054657071829,0.39129966497421265,0.08739802241325378,0.0,0.0,0.19951359927654266,0.0006699087098240852,5.090124607086182,0.09582699090242386,0.004168418701738119,0.0033836904913187027,0.0035882717929780483,0.002140249125659466,0.0035882717929780483,0.002140249125659466,5.09012508392334,0.09582720696926117,0.1599999964237213,0.0,0.20000000298023224,0.0,-0.8833060264587402,0.47172248363494873,20.27692413330078,22.383150100708008,0.1428571492433548,0.09183673560619354,0.0,0.0,0.0,0.0,0.0,,,,,,,,,,,,
46,env000070,14,R,0.003,300,4.621960639953613,0.7363268136978149,3.8856338262557983,84.06895101328243,0.0,4.473478317260742,0.5719770193099976,0.4555228650569916,0.0,3.169431686401367,1.3751459121704102,0.0,0.0,0.034601643681526184,0.164349764585495,4.473478317260742,0.5719770193099976,0.1138807162642479,0.0,0.0,0.0,0.034601643681526184,0.164349764585495,4.621960639953613,0.7363268136978149,0.00025759925483725965,0.000251577643211931,0.000202511582756415,0.00010962583473883569,0.000202511582756415,0.00010962583473883569,4.621960639953613,0.7363268136978149,0.25,0.029999999329447746,0.28999999165534973,0.05999999865889549,-0.6746786832809448,-0.19999998807907104,14.557154655456543,14.732231140136719,0.020408162847161293,0.0,0.0,0.0,0.0,0.0,0.0,,,,,,,,,,,,
47,env000015,19,R,0.003,300,4.608753204345703,0.8699930310249329,3.7387601733207703,81.12302845366952,2.384185791015625e-07,4.382914066314697,0.8365556001663208,0.5529589653015137,0.12881556153297424,4.3992486000061035,1.8422167301177979,0.0,0.0,0.08759935200214386,0.001233456190675497,4.382914066314697,0.8365556001663208,0.13823974132537842,0.03220389038324356,0.0,0.0,0.08759935200214386,0.001233456190675497,4.608753204345703,0.8699929714202881,0.0008556596585549414,0.0007850106339901686,0.000531382451299578,0.00036605881177820265,0.000531382451299578,0.00036605881177820265,4.608753204345703,0.8699930310249329,0.25,0.029999999329447746,0.25,0.05000000074505806,-0.7012516856193542,-0.5364222526550293,18.526248931884766,18.821027755737305,0.040816325694322586,0.051020409911870956,0.0,0.0,0.0,0.0,2.384185791015625e-07,,,,,,,,,,,,
48,env000064,8,R,0.003,300,4.928072452545166,2.020467758178711,2.907604694366455,59.000851192128586,0.0,4.340590953826904,2.0191702842712402,1.584726095199585,0.0,8.100617408752441,1.3964965343475342,0.0,0.0,0.1912999153137207,0.0012974892742931843,4.340590953826904,2.0191702842712402,0.39618152379989624,0.0,0.0,0.0,0.1912999153137207,0.0012974892742931843,4.928072452545166,2.020467758178711,0.0007899244665168226,0.0005378540954552591,0.00045589666115120053,0.00023246648197527975,0.00045589666115120053,0.00023246648197527975,4.928072452545166,2.020467758178711,0.20999999344348907,0.07000000029802322,0.23000000417232513,0.07999999821186066,-0.8734808564186096,-0.8013458251953125,13.895228385925293,14.384193420410156,0.06122449040412903,0.0,0.0,0.0,0.0,0.0,0.0,,,,,,,,,,,,
49,env000070,12,R,0.003,300,4.42792272567749,2.877210855484009,1.5507118701934814,35.021204439745865,0.0,4.305550575256348,2.8748602867126465,0.0,0.00437550526112318,1.1459593772888184,1.4293678998947144,0.0,0.0,0.12237224727869034,0.0012566788354888558,4.305550575256348,2.8748602867126465,0.0,0.001093876315280795,0.0,0.0,0.12237224727869034,0.0012566788354888558,4.42792272567749,2.877210855484009,0.0001569839660078287,0.00041865993989631534,7.62732233852148e-05,0.0001541149540571496,7.62732233852148e-05,0.0001541149540571496,4.42792272567749,2.877210855484009,0.20999999344348907,0.10000000149011612,0.23000000417232513,0.12999999523162842,-0.8078479766845703,-0.800000011920929,13.998620986938477,14.227334976196289,0.0,0.020408162847161293,0.0,0.0,0.0,0.0,0.0,,,,,,,,,,,,
0,env000028,18,R,0.01,300,14.120255470275879,4.052435874938965,10.067819595336914,71.30054846762776,0.0,9.246241569519043,4.023918151855469,14.658866882324219,0.0333067886531353,86.41881561279297,1.5711171627044678,0.0,0.0,1.2092915773391724,0.020191404968500137,9.246241569519043,4.023918151855469,3.6647167205810547,0.008326697163283825,0.0,0.0,1.2092915773391724,0.020191404968500137,14.12024974822998,4.052435874938965,0.058035608381032944,0.0018976296996697783,0.052785083651542664,0.00036599248414859176,0.052785083651542664,0.00036599248414859176,14.120255470275879,4.052435874938965,0.4399999976158142,0.23999999463558197,0.4699999988079071,0.28999999165534973,-1.6023300886154175,-1.555902123451233,12.17909049987793,13.600226402282715,0.06122449040412903,0.051020409911870956,0.0,0.0,0.0,0.0,0.0,,,,,,,,,,,,
1,env000053,3,R,0.01,300,9.467486381530762,2.1210625171661377,7.346423864364624,77.59634995299363,0.0,9.181839942932129,1.4382082223892212,0.9411609768867493,0.0,4.595371723175049,1.3979989290237427,0.0,0.0,0.050355568528175354,0.6828542351722717,9.181839942932129,1.4382082223892212,0.23529024422168732,0.0,0.0,0.0,0.050355568528175354,0.6828542351722717,9.467486381530762,2.1210625171661377,0.001515784882940352,0.0016826739301905036,0.0009940899908542633,0.0005589582142420113,0.0009940899908542633,0.0005589582142420113,9.467486381530762,2.1210625171661377,0.3100000023841858,0.029999999329447746,0.33000001311302185,0.029999999329447746,-1.449889063835144,-1.3700237274169922,18.278919219970703,20.356218338012695,0.0714285746216774,0.0,0.0,0.0,0.0,0.0,0.0,,,,,,,,,,,,
2,env000071,1,R,0.01,300,9.585968017578125,2.5908584594726562,6.995109558105469,72.97238573379644,1.1920928955078125e-07,8.704936981201172,2.5844814777374268,2.1023285388946533,0.014377427287399769,9.352002143859863,1.500641942024231,0.0,0.0,0.355448842048645,0.0027825431898236275,8.704936981201172,2.5844814777374268,0.5255821347236633,0.003594356821849942,0.0,0.0,0.355448842048645,0.0027825431898236275,9.585968017578125,2.5908584594726562,0.002335905795916915,0.0018951136153191328,0.0013696287060156465,0.0006691811722703278,0.0013696287060156465,0.0006691811722703278,9.585968017578125,2.5908584594726562,0.46000000834465027,0.05999999865889549,0.47999998927116394,0.05999999865889549,-1.420353889465332,-1.3904128074645996,16.846967697143555,21.600902557373047,0.13265305757522583,0.010204081423580647,0.0,0.0,0.0,0.0,1.1920928955078125e-07,,,,,,,,,,,,
3,env000098,15,R,0.01,300,9.555397987365723,1.6397976875305176,7.915600299835205,82.83904354691788,2.384185791015625e-07,8.304899215698242,1.4331212043762207,3.0685720443725586,0.8208277821540833,18.43829917907715,2.901385545730591,0.0,0.0,0.48335573077201843,0.0014693823177367449,8.304899215698242,1.4331212043762207,0.7671430110931396,0.2052069455385208,0.0,0.0,0.48335573077201843,0.0014693823177367449,9.555397987365723,1.639797568321228,0.003083831164985895,0.0034385807812213898,0.0013566215056926012,0.0017121051205322146,0.0013566215056926012,0.0017121051205322146,9.555397987365723,1.6397976875305176,0.4300000071525574,0.05000000074505806,0.46000000834465027,0.05000000074505806,-1.275104284286499,-0.744867742061615,15.69437313079834,17.73354721069336,0.09183673560619354,0.22448979318141937,0.0,0.0,0.0,0.0,2.384185791015625e-07,,,,,,,,,,,,
4,env000079,19,R,0.01,300,8.78853988647461,1.2115273475646973,7.577012538909912,86.21469136836696,0.0,8.09712028503418,0.8985534906387329,1.5660032033920288,0.0,6.3347344398498535,1.3606103658676147,0.0,0.0,0.2999192774295807,0.3129737973213196,8.09712028503418,0.8985534906387329,0.3915008008480072,0.0,0.0,0.0,0.2999192774295807,0.3129737973213196,8.78853988647461,1.2115273475646973,0.0022381783928722143,0.0027101398445665836,0.001185613451525569,0.0003833170048892498,0.001185613451525569,0.0003833170048892498,8.78853988647461,1.2115273475646973,0.1899999976158142,0.019999999552965164,0.20000000298023224,0.019999999552965164,-1.3750029802322388,-0.9215392470359802,17.062971115112305,25.94249725341797,0.13265305757522583,0.0,0.0,0.0,0.0,0.0,0.0,,,,,,,,,,,,
5,env000064,16,R,0.01,300,8.92863941192627,3.460134267807007,5.468505144119263,61.24679127275322,4.76837158203125e-07,7.7443342208862305,3.002258777618408,3.550551652908325,1.4635765552520752,14.371979713439941,5.616853713989258,0.0,0.0,0.296662837266922,0.09198074787855148,7.7443342208862305,3.002258777618408,0.8876379132270813,0.3658941388130188,0.0,0.0,0.296662837266922,0.09198074787855148,8.928635597229004,3.4601335525512695,0.021138811483979225,0.008431477472186089,0.039418093860149384,0.008287697099149227,0.039418093860149384,0.008287697099149227,8.92863941192627,3.460134267807007,0.3499999940395355,0.07999999821186066,0.36000001430511475,0.10000000149011612,-1.517952561378479,-1.367765188217163,20.390674591064453,21.721837997436523,0.09183673560619354,0.13265305757522583,0.0,0.0,0.0,0.0,4.76837158203125e-07,,,,,,,,,,,,
6,env000073,2,R,0.01,300,8.008231163024902,1.9871708154678345,6.021060347557068,75.18589592364823,4.76837158203125e-07,7.717954635620117,1.9163264036178589,0.45072659850120544,0.26751911640167236,2.4534785747528076,1.911935567855835,0.0,0.0,0.17759491503238678,0.003964640200138092,7.717954635620117,1.9163264036178589,0.11268164962530136,0.06687977910041809,0.0,0.0,0.17759491503238678,0.003964640200138092,8.008231163024902,1.9871708154678345,0.0009809486800804734,0.0013950184220448136,0.00032115637441165745,0.0004293150850571692,0.00032115637441165745,0.0004293150850571692,8.008231163024902,1.9871708154678345,0.44999998807907104,0.05000000074505806,0.46000000834465027,0.05999999865889549,-1.1630653142929077,-1.0846376419067383,13.463128089904785,17.752126693725586,0.08163265138864517,0.15306122601032257,0.0,0.0,0.0,0.0,4.76837158203125e-07,,,,,,,,,,,,
7,env000098,8,R,0.01,300,7.787880897521973,1.4733128547668457,6.314568042755127,81.08198014127773,4.76837158203125e-07,7.642445087432861,0.7516610026359558,0.48315685987472534,0.0,3.610280752182007,1.3926461935043335,0.0,0.0,0.024646813049912453,0.7216519117355347,7.642445087432861,0.7516610026359558,0.12078921496868134,0.0,0.0,0.0,0.024646813049912453,0.7216519117355347,7.787880897521973,1.4733128547668457,0.00018326443387195468,0.0010918386979028583,5.838513243361376e-05,0.00032242413726635277,5.838513243361376e-05,0.00032242413726635277,7.787880897521973,1.4733128547668457,0.6499999761581421,0.03999999910593033,0.6800000071525574,0.03999999910593033,-1.0417883396148682,-0.42085182666778564,10.432659149169922,12.267648696899414,0.08163265138864517,0.0,0.0,0.0,0.0,0.0,4.76837158203125e-07,,,,,,,,,,,,
8,env000075,2,R,0.01,300,7.496397018432617,3.950174570083618,3.546222448348999,47.305691515928544,4.76837158203125e-07,7.366703510284424,3.350916624069214,0.4088095724582672,0.025283480063080788,3.9958178997039795,1.5769842863082886,0.0,0.0,0.02749105542898178,0.5929369926452637,7.366703510284424,3.350916624069214,0.1022023931145668,0.006320870015770197,0.0,0.0,0.02749105542898178,0.5929369926452637,7.496397018432617,3.950174570083618,0.00021959489095024765,0.000307852664263919,0.00011937230010516942,7.838431338313967e-05,0.00011937230010516942,7.838431338313967e-05,7.496397018432617,3.950174570083618,0.23999999463558197,0.17000000178813934,0.23999999463558197,0.1899999976158142,-1.2015327215194702,-0.6562288403511047,13.131914138793945,13.964601516723633,0.020408162847161293,0.010204081423580647,0.0,0.0,0.0,0.0,4.76837158203125e-07,,,,,,,,,,,,
9,env000096,17,R,0.01,300,9.09707260131836,2.659991979598999,6.43708062171936,70.75991259854835,0.0,7.362326622009277,2.155592679977417,6.255550384521484,1.932901382446289,20.397174835205078,4.52067232131958,0.0,0.0,0.17085610330104828,0.021174022927880287,7.362326622009277,2.155592679977417,1.563887596130371,0.48322534561157227,0.0,0.0,0.17085610330104828,0.021174022927880287,9.097070693969727,2.659991979598999,0.010512541979551315,0.0012577279703691602,0.016807854175567627,0.0005431401659734547,0.016807854175567627,0.0005431401659734547,9.09707260131836,2.659991979598999,0.5299999713897705,0.07999999821186066,0.5699999928474426,0.12999999523162842,-1.1404790878295898,-0.4936355650424957,12.051583290100098,13.472278594970703,0.1734693944454193,0.15306122601032257,0.0,0.0,0.0,0.0,0.0,,,,,,,,,,,,
10,env000064,13,R,0.01,300,7.484281539916992,3.3686509132385254,4.115630626678467,54.990323449592104,0.0,7.218011856079102,3.0958428382873535,0.9054061770439148,1.082869291305542,4.711853504180908,6.24818229675293,0.0,0.0,0.0399177223443985,0.0020899239461869,7.218011856079102,3.0958428382873535,0.2263515442609787,0.2707173228263855,0.0,0.0,0.0399177223443985,0.0020899239461869,7.484281539916992,3.368650197982788,0.0009170506964437664,0.006069803610444069,0.0005336567992344499,0.007608824875205755,0.0005336567992344499,0.007608824875205755,7.484281539916992,3.3686509132385254,0.3499999940395355,0.10000000149011612,0.36000001430511475,0.10999999940395355,-1.1648136377334595,-0.8404495716094971,17.778169631958008,18.692142486572266,0.051020409911870956,0.040816325694322586,0.0,0.0,0.0,0.0,0.0,,,,,,,,,,,,
11,env000065,9,R,0.01,300,8.620216369628906,1.1002670526504517,7.519949316978455,87.23620144237961,4.76837158203125e-07,7.197836399078369,1.1000200510025024,3.9372096061706543,0.0,15.7604398727417,1.3956084251403809,0.0,0.0,0.43807774782180786,0.0002469872124493122,7.197836399078369,1.1000200510025024,0.9843024015426636,0.0,0.0,0.0,0.43807774782180786,0.0002469872124493122,8.620216369628906,1.1002670526504517,0.0006508479127660394,0.0010448296088725328,0.00038926940760575235,0.00024703925009816885,0.00038926940760575235,0.00024703925009816885,8.620216369628906,1.1002670526504517,0.30000001192092896,0.03999999910593033,0.33000001311302185,0.03999999910593033,-1.1581223011016846,-0.7825523614883423,9.151106834411621,14.73901081085205,0.23469388484954834,0.0,0.0,0.0,0.0,0.0,4.76837158203125e-07,,,,,,,,,,,,
12,env000065,15,R,0.01,300,7.356253623962402,0.35889890789985657,6.997354716062546,95.12117272940709,0.0,7.1496710777282715,0.1815793514251709,0.5131604075431824,0.0,4.190434455871582,1.3559321165084839,0.0,0.0,0.07829213887453079,0.17731952667236328,7.1496710777282715,0.1815793514251709,0.1282901018857956,0.0,0.0,0.0,0.07829213887453079,0.17731952667236328,7.356253623962402,0.3588988780975342,0.0005930943298153579,0.001350653707049787,0.0005902958801016212,0.0001914852182380855,0.0005902958801016212,0.0001914852182380855,7.356253623962402,0.35889890789985657,0.3499999940395355,0.009999999776482582,0.3700000047683716,0.019999999552965164,-1.3337466716766357,-0.15158995985984802,17.014572143554688,21.36051368713379,0.020408162847161293,0.0,0.0,0.0,0.0,0.0,0.0,,,,,,,,,,,,
13,env000040,9,R,0.01,300,7.489537715911865,2.697270631790161,4.792267084121704,63.98615329675574,2.384185791015625e-07,7.1184797286987305,2.682612657546997,1.082521677017212,0.013490676879882812,5.784343242645264,1.4788228273391724,0.0,0.0,0.10042756795883179,0.011285407468676567,7.1184797286987305,2.682612657546997,0.270630419254303,0.003372669219970703,0.0,0.0,0.10042756795883179,0.011285407468676567,7.489537715911865,2.697270631790161,0.0007529027061536908,0.001193705014884472,0.00031376429251395166,0.0003660359943751246,0.00031376429251395166,0.0003660359943751246,7.489537715911865,2.697270631790161,0.20000000298023224,0.05999999865889549,0.20000000298023224,0.07000000029802322,-1.3597196340560913,-1.2541667222976685,14.400762557983398,15.569174766540527,0.09183673560619354,0.020408162847161293,0.0,0.0,0.0,0.0,2.384185791015625e-07,,,,,,,,,,,,
14,env000070,19,R,0.01,300,7.523976802825928,0.003740828949958086,7.52023597387597,99.95028122696294,4.76837158203125e-07,7.09885311126709,0.0016754136886447668,1.2345690727233887,0.0,5.928017616271973,1.3519971370697021,0.0,0.0,0.1164812445640564,0.0020653163082897663,7.09885311126709,0.0016754136886447668,0.30864226818084717,0.0,0.0,0.0,0.1164812445640564,0.0020653163082897663,7.523976802825928,0.003740729996934533,0.0022400931920856237,0.0019914680160582066,0.0012174027506262064,0.0009902440942823887,0.0012174027506262064,0.0009902440942823887,7.523976802825928,0.003740828949958086,0.25,0.0,0.2800000011920929,0.0,-1.1937187910079956,0.707304835319519,19.23587417602539,21.441774368286133,0.0714285746216774,0.0,0.0,0.0,0.0,0.0,4.76837158203125e-07,,,,,,,,,,,,
15,env000071,13,R,0.01,300,7.703134536743164,2.545731544494629,5.157402992248535,66.9520046371805,1.430511474609375e-06,6.839238166809082,2.3316359519958496,1.830457329750061,0.8217629194259644,7.129632472991943,3.3660292625427246,0.0,0.0,0.4062812626361847,0.008654570206999779,6.839238166809082,2.3316359519958496,0.45761433243751526,0.2054407298564911,0.0,0.0,0.4062812626361847,0.008654570206999779,7.703134059906006,2.54573130607605,0.0025863877963274717,0.003103500697761774,0.002672641770914197,0.0016230493783950806,0.002672641770914197,0.0016230493783950806,7.703134536743164,2.545731544494629,0.18000000715255737,0.05000000074505806,0.2199999988079071,0.05999999865889549,-1.4003098011016846,-1.3912277221679688,19.29998779296875,19.236194610595703,0.0714285746216774,0.11224489659070969,0.0,0.0,0.0,0.0,1.430511474609375e-06,,,,,,,,,,,,
16,env000065,10,R,0.01,300,7.071628093719482,0.34519290924072266,6.72643518447876,95.11862184116698,0.0,6.756982803344727,0.10440249741077423,1.12558913230896,0.0,3.999455690383911,1.3919284343719482,0.0,0.0,0.03324776515364647,0.24079030752182007,6.756982803344727,0.10440249741077423,0.28139728307724,0.0,0.0,0.0,0.03324776515364647,0.24079030752182007,7.071628093719482,0.3451927900314331,0.0022806725464761257,0.0021975249983370304,0.0017824330134317279,0.0010567179415374994,0.0017824330134317279,0.0010567179415374994,7.071628093719482,0.34519290924072266,0.20000000298023224,0.0,0.20999999344348907,0.0,-1.3281208276748657,0.19761964678764343,19.30569076538086,22.37485122680664,0.10204081982374191,0.0,0.0,0.0,0.0,0.0,0.0,,,,,,,,,,,,
17,env000075,7,R,0.01,300,7.0244855880737305,1.1219422817230225,5.902543306350708,84.02812180826633,0.0,6.667773246765137,0.7172900438308716,1.072521686553955,1.1060764789581299,6.4588623046875,3.660045623779297,0.0,0.0,0.0885821282863617,0.12813296914100647,6.667773246765137,0.7172900438308716,0.26813042163848877,0.27651911973953247,0.0,0.0,0.0885821282863617,0.12813296914100647,7.0244855880737305,1.121942162513733,0.0011678581358864903,0.0026057809591293335,0.0006918186554685235,0.0007366492645815015,0.0006918186554685235,0.0007366492645815015,7.0244855880737305,1.1219422817230225,0.3499999940395355,0.019999999552965164,0.3499999940395355,0.03999999910593033,-0.985809326171875,-0.5092045068740845,17.328445434570312,20.74022674560547,0.06122449040412903,0.06122449040412903,0.0,0.0,0.0,0.0,0.0,,,,,,,,,,,,
18,env000040,2,R,0.01,300,6.724930286407471,1.1633657217025757,5.561564564704895,82.70070213138138,0.0,6.594912528991699,1.1192933320999146,0.14460313320159912,0.17314262688159943,2.412221908569336,2.4990792274475098,0.0,0.0,0.09386701881885529,0.00078668596688658,6.594912528991699,1.1192933320999146,0.03615078330039978,0.04328565672039986,0.0,0.0,0.09386701881885529,0.00078668596688658,6.724930286407471,1.1633656024932861,0.0002974335220642388,0.0017842984525486827,0.0002380073710810393,0.001740406733006239,0.0002380073710810393,0.001740406733006239,6.724930286407471,1.1633657217025757,0.23000000417232513,0.029999999329447746,0.25,0.03999999910593033,-1.262349247932434,-0.8422759771347046,19.834102630615234,21.201099395751953,0.010204081423580647,0.020408162847161293,0.0,0.0,0.0,0.0,0.0,,,,,,,,,,,,
19,env000075,3,R,0.01,300,6.672563076019287,1.10014009475708,5.572422981262207,83.51248115269371,4.76837158203125e-07,6.478545665740967,0.9002484083175659,0.5160455703735352,0.7606189846992493,4.00889253616333,2.773681163787842,0.0,0.0,0.0650056004524231,0.009736851789057255,6.478545665740967,0.9002484083175659,0.1290113925933838,0.19015474617481232,0.0,0.0,0.0650056004524231,0.009736851789057255,6.672563076019287,1.10014009475708,0.0009444071911275387,0.0011951299384236336,0.0005373008316382766,0.0005112689104862511,0.0005373008316382766,0.0005112689104862511,6.672563076019287,1.10014009475708,0.38999998569488525,0.029999999329447746,0.4300000071525574,0.029999999329447746,-0.9833016395568848,-0.6044581532478333,17.729267120361328,18.64130210876465,0.051020409911870956,0.08163265138864517,0.0,0.0,0.0,0.0,4.76837158203125e-07,,,,,,,,,,,,
20,env000053,7,R,0.01,300,6.983806133270264,0.9506294131278992,6.0331767201423645,86.38808988984988,4.76837158203125e-07,6.367966175079346,0.9486376643180847,1.573495864868164,0.0,7.635694980621338,1.3942128419876099,0.0,0.0,0.22246608138084412,0.0019916261080652475,6.367966175079346,0.9486376643180847,0.393373966217041,0.0,0.0,0.0,0.22246608138084412,0.0019916261080652475,6.983806133270264,0.9506292939186096,0.0011538192629814148,0.0017725005745887756,0.0006142366910353303,0.000981771619990468,0.0006142366910353303,0.000981771619990468,6.983806133270264,0.9506294131278992,0.23999999463558197,0.029999999329447746,0.25999999046325684,0.029999999329447746,-0.9221231937408447,-0.8294689059257507,14.853523254394531,17.814626693725586,0.09183673560619354,0.0,0.0,0.0,0.0,0.0,4.76837158203125e-07,,,,,,,,,,,,
21,env000073,19,R,0.01,300,6.364980220794678,2.601004123687744,3.7639760971069336,59.13570767761153,4.76837158203125e-07,6.147644996643066,2.318324327468872,0.6050187349319458,1.1277354955673218,3.70969820022583,3.4567408561706543,0.0,0.0,0.06608045101165771,0.0007458471227437258,6.147644996643066,2.318324327468872,0.15125468373298645,0.28193387389183044,0.0,0.0,0.06608045101165771,0.0007458471227437258,6.364980220794678,2.601003885269165,0.000620177888777107,0.0033908237237483263,0.0002927319728769362,0.002201371593400836,0.0002927319728769362,0.002201371593400836,6.364980220794678,2.601004123687744,0.4699999988079071,0.10000000149011612,0.550000011920929,0.18000000715255737,-0.8596760034561157,-0.5945171117782593,14.311005592346191,16.468467712402344,0.09183673560619354,0.06122449040412903,0.0,0.0,0.0,0.0,4.76837158203125e-07,,,,,,,,,,,,
22,env000079,2,R,0.01,300,6.7893171310424805,1.0235345363616943,5.765782594680786,84.92433750543431,0.0,6.101341247558594,1.0140635967254639,1.6279398202896118,0.0,6.174586296081543,1.3879821300506592,0.0,0.0,0.2809908986091614,0.009470771066844463,6.101341247558594,1.0140635967254639,0.40698495507240295,0.0,0.0,0.0,0.2809908986091614,0.009470771066844463,6.7893171310424805,1.0235344171524048,0.00209315144456923,0.0016856840811669827,0.0016325260512530804,0.0006337707163766026,0.0016325260512530804,0.0006337707163766026,6.7893171310424805,1.0235345363616943,0.23000000417232513,0.03999999910593033,0.25,0.05999999865889549,-1.2548145055770874,-0.6022064685821533,18.694568634033203,22.03292465209961,0.12244898080825806,0.0,0.0,0.0,0.0,0.0,0.0,,,,,,,,,,,,
23,env000070,11,R,0.01,300,6.266687870025635,1.1514946222305298,5.115193247795105,81.6251479870527,0.0,5.864142417907715,1.1418832540512085,1.183672308921814,0.027625178918242455,5.702882289886475,1.5786077976226807,0.0,0.0,0.10662756115198135,0.0027050203643739223,5.864142417907715,1.1418832540512085,0.2959180772304535,0.006906294729560614,0.0,0.0,0.10662756115198135,0.0027050203643739223,6.266687870025635,1.1514945030212402,0.0015367827145382762,0.0027006056625396013,0.0010147077264264226,0.0010561288800090551,0.0010147077264264226,0.0010561288800090551,6.266687870025635,1.1514946222305298,0.15000000596046448,0.03999999910593033,0.1599999964237213,0.03999999910593033,-1.3546222448349,-0.6587448716163635,18.023086547851562,20.33648681640625,0.12244898080825806,0.020408162847161293,0.0,0.0,0.0,0.0,0.0,,,,,,,,,,,,
24,env000028,13,R,0.01,300,6.207947731018066,2.0756285190582275,4.132319211959839,66.56498074738401,0.0,5.815141201019287,2.0611684322357178,1.059112310409546,0.05039842054247856,6.427130222320557,1.7488874197006226,0.0,0.0,0.12802855670452118,0.0018604296492412686,5.815141201019287,2.0611684322357178,0.2647780776023865,0.01259960513561964,0.0,0.0,0.12802855670452118,0.0018604296492412686,6.207947731018066,2.0756285190582275,0.0011470462195575237,0.0015453840605914593,0.00048763497034087777,0.000474386295536533,0.00048763497034087777,0.000474386295536533,6.207947731018066,2.0756285190582275,0.25,0.07000000029802322,0.25999999046325684,0.09000000357627869,-0.9878916144371033,-0.6791542768478394,15.4537992477417,17.565235137939453,0.09183673560619354,0.020408162847161293,0.0,0.0,0.0,0.0,0.0,,,,,,,,,,,,
25,env000079,12,R,0.01,300,6.091620445251465,1.676583170890808,4.415037274360657,72.4772220140909,0.0,5.7524495124816895,1.6320114135742188,0.5848804116249084,0.1662750542163849,4.15732479095459,1.717765212059021,0.0,0.0,0.19295062124729156,0.003002854995429516,5.7524495124816895,1.6320114135742188,0.1462201029062271,0.04156876355409622,0.0,0.0,0.19295062124729156,0.003002854995429516,6.091620445251465,1.6765830516815186,0.0006182498182170093,0.0016221586847677827,0.0001306762860622257,0.0006182628567330539,0.0001306762860622257,0.0006182628567330539,6.091620445251465,1.676583170890808,0.3199999928474426,0.09000000357627869,0.3499999940395355,0.11999999731779099,-0.946955144405365,-0.5193790197372437,11.135222434997559,12.452621459960938,0.08163265138864517,0.2551020383834839,0.0,0.0,0.0,0.0,0.0,,,,,,,,,,,,
26,env000028,14,R,0.01,300,6.223657131195068,1.510671615600586,4.712985515594482,75.72694665281945,4.76837158203125e-07,5.712491512298584,1.3452932834625244,0.9094993472099304,0.0,5.455227375030518,1.3986800909042358,0.0,0.0,0.28379079699516296,0.16537830233573914,5.712491512298584,1.3452932834625244,0.2273748368024826,0.0,0.0,0.0,0.28379079699516296,0.16537830233573914,6.223657131195068,1.510671615600586,0.0010685987072065473,0.0010317611740902066,0.0002656886645127088,0.00022697490931022912,0.0002656886645127088,0.00022697490931022912,6.223657131195068,1.510671615600586,0.15000000596046448,0.03999999910593033,0.1899999976158142,0.03999999910593033,-0.999423623085022,-0.9209572076797485,11.715460777282715,16.308135986328125,0.13265305757522583,0.0,0.0,0.0,0.0,0.0,4.76837158203125e-07,,,,,,,,,,,,
27,env000028,1,R,0.01,300,6.269633769989014,1.4856332540512085,4.784000515937805,76.30430566514873,4.76837158203125e-07,5.542807102203369,1.4832862615585327,1.9245684146881104,0.0,8.285565376281738,1.3873462677001953,0.0,0.0,0.24568462371826172,0.0023469668813049793,5.542807102203369,1.4832862615585327,0.4811421036720276,0.0,0.0,0.0,0.24568462371826172,0.0023469668813049793,6.269633769989014,1.4856332540512085,0.001287693390622735,0.0015045593027025461,0.0009067155187949538,0.0005697763408534229,0.0009067155187949538,0.0005697763408534229,6.269633769989014,1.4856332540512085,0.23000000417232513,0.05999999865889549,0.23999999463558197,0.07000000029802322,-1.113179087638855,-0.5502039194107056,16.444599151611328,18.007421493530273,0.051020409911870956,0.0,0.0,0.0,0.0,0.0,4.76837158203125e-07,,,,,,,,,,,,
28,env000013,19,R,0.01,300,6.320464611053467,1.2875734567642212,5.032891154289246,79.62849986514497,0.0,5.530374526977539,1.1535543203353882,2.2372710704803467,0.5128568410873413,14.650497436523438,2.30676531791687,0.0,0.0,0.230772465467453,0.005804835353046656,5.530374526977539,1.1535543203353882,0.5593177676200867,0.12821421027183533,0.0,0.0,0.230772465467453,0.005804835353046656,6.320464611053467,1.2875733375549316,0.0017268251394852996,0.002012417418882251,0.0009968060767278075,0.0008284490322694182,0.0009968060767278075,0.0008284490322694182,6.320464611053467,1.2875734567642212,0.4399999976158142,0.05999999865889549,0.5099999904632568,0.10000000149011612,-0.7944350838661194,-0.3380856215953827,13.125657081604004,15.355966567993164,0.16326530277729034,0.13265305757522583,0.0,0.0,0.0,0.0,0.0,,,,,,,,,,,,
29,env000071,18,R,0.01,300,5.786039352416992,0.8156073689460754,4.970431983470917,85.90387449395115,0.0,5.4339919090271,0.6372713446617126,1.1028525829315186,0.443751722574234,5.40048885345459,3.0485193729400635,0.0,0.0,0.07633424550294876,0.06739797443151474,5.4339919090271,0.6372713446617126,0.27571314573287964,0.1109379306435585,0.0,0.0,0.07633424550294876,0.06739797443151474,5.786039352416992,0.8156072497367859,0.0018261580262333155,0.0024910634383559227,0.0012026362819597125,0.0013026912929490209,0.0012026362819597125,0.0013026912929490209,5.786039352416992,0.8156073689460754,0.23999999463558197,0.019999999552965164,0.25,0.029999999329447746,-1.1245759725570679,-0.4105404019355774,20.093507766723633,21.893413543701172,0.0714285746216774,0.030612245202064514,0.0,0.0,0.0,0.0,0.0,,,,,,,,,,,,
30,env000098,1,R,0.01,300,5.704447269439697,1.15644109249115,4.548006176948547,79.72737694173237,0.0,5.372555732727051,1.145606279373169,1.1325700283050537,0.03067321702837944,3.917875289916992,1.4786828756332397,0.0,0.0,0.048748843371868134,0.0031664755661040545,5.372555732727051,1.145606279373169,0.2831425070762634,0.00766830425709486,0.0,0.0,0.048748843371868134,0.0031664755661040545,5.704447269439697,1.1564409732818604,0.0025301743298768997,0.0031203494872897863,0.001680782763287425,0.00122442829888314,0.001680782763287425,0.00122442829888314,5.704447269439697,1.15644109249115,0.2199999988079071,0.05000000074505806,0.23000000417232513,0.05999999865889549,-1.108766794204712,-0.40930497646331787,18.686616897583008,22.231979370117188,0.10204081982374191,0.040816325694322586,0.0,0.0,0.0,0.0,0.0,,,,,,,,,,,,
31,env000098,16,R,0.01,300,5.565361022949219,0.6442815065383911,4.921079516410828,88.42336545856335,0.0,5.291801452636719,0.5442736744880676,0.6089732050895691,0.38870567083358765,3.949209451675415,1.9990144968032837,0.0,0.0,0.1213165670633316,0.002831303048878908,5.291801452636719,0.5442736744880676,0.15224330127239227,0.09717641770839691,0.0,0.0,0.1213165670633316,0.002831303048878908,5.565361022949219,0.6442813873291016,0.00039980633300729096,0.0023542153649032116,0.00013135719927959144,0.0014210428344085813,0.00013135719927959144,0.0014210428344085813,5.565361022949219,0.6442815065383911,0.5,0.019999999552965164,0.5099999904632568,0.029999999329447746,-0.7831811904907227,-0.3707992434501648,10.90953254699707,14.627235412597656,0.19387754797935486,0.18367347121238708,0.0,0.0,0.0,0.0,0.0,,,,,,,,,,,,
32,env000096,12,R,0.01,300,5.7118635177612305,1.1673091650009155,4.544554352760315,79.5634268681118,0.0,5.290597438812256,1.1667088270187378,1.2809665203094482,0.0,5.755921363830566,1.3610661029815674,0.0,0.0,0.10102473944425583,0.0006002325098961592,5.290597438812256,1.1667088270187378,0.32024163007736206,0.0,0.0,0.0,0.10102473944425583,0.0006002325098961592,5.7118635177612305,1.167309045791626,0.001472978969104588,0.0019989749416708946,0.0009617224568501115,0.0007677803514525294,0.0009617224568501115,0.0007677803514525294,5.7118635177612305,1.1673091650009155,0.25,0.05000000074505806,0.25999999046325684,0.07999999821186066,-1.1398873329162598,-0.46201324462890625,17.837799072265625,19.92332649230957,0.0714285746216774,0.0,0.0,0.0,0.0,0.0,0.0,,,,,,,,,,,,
33,env000079,8,R,0.01,300,7.90544319152832,1.4800481796264648,6.4253950119018555,81.27811251350812,0.0,5.261393070220947,1.4352154731750488,7.678278923034668,0.0,29.865516662597656,1.3193331956863403,0.0,0.0,0.7244797945022583,0.04483267292380333,5.261393070220947,1.4352154731750488,1.919569730758667,0.0,0.0,0.0,0.7244797945022583,0.04483267292380333,7.905442237854004,1.4800481796264648,0.013744250871241093,0.0021048374474048615,0.010130765847861767,0.0003291696775704622,0.010130765847861767,0.0003291696775704622,7.90544319152832,1.4800481796264648,0.17000000178813934,0.03999999910593033,0.20000000298023224,0.03999999910593033,-0.9321944713592529,-0.7607563138008118,14.330057144165039,19.953176498413086,0.18367347121238708,0.0,0.0,0.0,0.0,0.0,0.0,,,,,,,,,,,,
34,env000099,0,R,0.01,300,5.478332996368408,2.0363662242889404,3.4419667720794678,62.82872498552298,0.0,5.261017799377441,2.003980875015259,0.6094968914985657,0.12750184535980225,4.490671634674072,1.854067325592041,0.0,0.0,0.06494078040122986,0.0005100538255646825,5.261017799377441,2.003980875015259,0.15237422287464142,0.03187546133995056,0.0,0.0,0.06494078040122986,0.0005100538255646825,5.478332996368408,2.0363662242889404,0.0004743022145703435,0.0017456142231822014,0.0002943398430943489,0.0004873777215834707,0.0002943398430943489,0.0004873777215834707,5.478332996368408,2.0363662242889404,0.33000001311302185,0.07000000029802322,0.3700000047683716,0.09000000357627869,-0.985522449016571,-0.9855225086212158,16.158056259155273,17.837753295898438,0.020408162847161293,0.020408162847161293,0.0,0.0,0.0,0.0,0.0,,,,,,,,,,,,
35,env000082,19,R,0.01,300,9.41952133178711,1.7006365060806274,7.718884825706482,81.94561648964411,4.76837158203125e-07,5.241971015930176,1.34780752658844,15.901652336120605,1.39792001247406,87.81346893310547,3.980499029159546,0.0,0.0,0.20212426781654358,0.0033487656619399786,5.241971015930176,1.34780752658844,3.9754130840301514,0.349480003118515,0.0,0.0,0.20212426781654358,0.0033487656619399786,9.419508934020996,1.7006362676620483,0.11758731305599213,0.004029701463878155,0.12666091322898865,0.00209440547041595,0.12666091322898865,0.00209440547041595,9.41952133178711,1.7006365060806274,0.18000000715255737,0.03999999910593033,0.1899999976158142,0.03999999910593033,-0.9981019496917725,-0.8017757534980774,10.83808422088623,12.649325370788574,0.09183673560619354,0.37755101919174194,0.0,0.0,0.0,0.0,4.76837158203125e-07,,,,,,,,,,,,
36,env000099,14,R,0.01,300,5.648659706115723,0.6473378539085388,5.001321852207184,88.53997430208665,9.5367431640625e-07,5.134138584136963,0.09766171872615814,1.2859346866607666,1.0006517171859741,6.893893718719482,3.3616175651550293,0.0,0.0,0.19303756952285767,0.29951319098472595,5.134138584136963,0.09766171872615814,0.32148367166519165,0.25016292929649353,0.0,0.0,0.19303756952285767,0.29951319098472595,5.648659706115723,0.647337794303894,0.0013719272101297975,0.003422459587454796,0.0011773704318329692,0.0008101845742203295,0.0011773704318329692,0.0008101845742203295,5.648659706115723,0.6473378539085388,0.33000001311302185,0.0,0.3799999952316284,0.0,-0.7734652161598206,0.21154536306858063,17.89023208618164,20.890756607055664,0.12244898080825806,0.0714285746216774,0.0,0.0,0.0,0.0,9.5367431640625e-07,,,,,,,,,,,,
37,env000062,8,R,0.01,300,5.31779670715332,1.7195954322814941,3.598201274871826,67.66338528946862,0.0,5.088995933532715,1.4256795644760132,0.8687580227851868,1.153630018234253,3.602137565612793,3.620518684387207,0.0,0.0,0.011611586436629295,0.00550801632925868,5.088995933532715,1.4256795644760132,0.2171895056962967,0.28840750455856323,0.0,0.0,0.011611586436629295,0.00550801632925868,5.31779670715332,1.7195950746536255,0.0024837974924594164,0.0039310152642428875,0.0017286880174651742,0.0033884106669574976,0.0017286880174651742,0.0033884106669574976,5.31779670715332,1.7195954322814941,0.14000000059604645,0.05000000074505806,0.20999999344348907,0.05999999865889549,-1.108399510383606,-0.5547846555709839,21.07982635498047,21.04718780517578,0.06122449040412903,0.11224489659070969,0.0,0.0,0.0,0.0,0.0,,,,,,,,,,,,
38,env000098,5,R,0.01,300,5.320549488067627,1.3783832788467407,3.9421662092208862,74.09321571130886,9.5367431640625e-07,4.924315929412842,1.371704339981079,1.1506017446517944,0.00047376155271194875,4.808611869812012,1.4023782014846802,0.0,0.0,0.10858277976512909,0.0065602827817201614,4.924315929412842,1.371704339981079,0.2876504361629486,0.00011844038817798719,0.0,0.0,0.10858277976512909,0.0065602827817201614,5.320549488067627,1.3783831596374512,0.0014947816962376237,0.002036586171016097,0.000890483264811337,0.0006943582557141781,0.000890483264811337,0.0006943582557141781,5.320549488067627,1.3783832788467407,0.14000000059604645,0.03999999910593033,0.14000000059604645,0.03999999910593033,-1.1577627658843994,-0.8781646490097046,17.642255783081055,20.420188903808594,0.12244898080825806,0.020408162847161293,0.0,0.0,0.0,0.0,9.5367431640625e-07,,,,,,,,,,,,
39,env000073,13,R,0.01,300,5.519256591796875,2.2973480224609375,3.2219085693359375,58.375770644991846,1.599360416548734e-06,4.815986633300781,1.6820467710494995,1.7466539144515991,2.3839175701141357,9.107224464416504,9.194886207580566,0.0,0.0,0.26660650968551636,0.019321447238326073,4.815986633300781,1.6820467710494995,0.4366634786128998,0.5959793925285339,0.0,0.0,0.26660650968551636,0.019321447238326073,5.519256591796875,2.2973475456237793,0.0011760153574869037,0.004644203465431929,0.0005749257397837937,0.004782574251294136,0.0005749257397837937,0.004782574251294136,5.519256591796875,2.2973480224609375,0.36000001430511475,0.07999999821186066,0.38999998569488525,0.1899999976158142,-0.7322248816490173,-0.5816817283630371,13.819314002990723,13.379959106445312,0.15306122601032257,0.11224489659070969,0.0,0.0,0.0,0.0,1.599360416548734e-06,,,,,,,,,,,,
40,env000082,13,R,0.01,300,5.346995830535889,0.4019017219543457,4.945094108581543,92.48359761832718,0.0,4.762782096862793,0.39728400111198425,1.414964199066162,0.0,8.570147514343262,1.3924455642700195,0.0,0.0,0.2304723709821701,0.004617682192474604,4.762782096862793,0.39728400111198425,0.3537410497665405,0.0,0.0,0.0,0.2304723709821701,0.004617682192474604,5.346995830535889,0.4019016921520233,0.0007965219556353986,0.0004663641157094389,0.0004388542438391596,0.00018423868459649384,0.0004388542438391596,0.00018423868459649384,5.346995830535889,0.4019017219543457,0.17000000178813934,0.019999999552965164,0.18000000715255737,0.019999999552965164,-0.8229737877845764,-0.34401363134384155,13.993376731872559,14.368088722229004,0.051020409911870956,0.0,0.0,0.0,0.0,0.0,0.0,,,,,,,,,,,,
41,env000062,16,R,0.01,300,5.432032585144043,1.2669931650161743,4.165039420127869,76.67552347750548,4.76837158203125e-07,4.7547760009765625,1.192084789276123,1.448505163192749,0.2942036986351013,6.645833492279053,2.122166395187378,0.0,0.0,0.31513020396232605,0.001357139553874731,4.7547760009765625,1.192084789276123,0.36212629079818726,0.07355092465877533,0.0,0.0,0.31513020396232605,0.001357139553874731,5.432032585144043,1.2669929265975952,0.0027631730772554874,0.0039307852275669575,0.0023637902922928333,0.002063628751784563,0.0023637902922928333,0.002063628751784563,5.432032585144043,1.2669931650161743,0.20999999344348907,0.03999999910593033,0.23000000417232513,0.03999999910593033,-0.7984116077423096,-0.6988968849182129,18.971744537353516,21.104084014892578,0.08163265138864517,0.11224489659070969,0.0,0.0,0.0,0.0,4.76837158203125e-07,,,,,,,,,,,,
42,env000062,11,R,0.01,300,4.876251697540283,1.4151527881622314,3.4610989093780518,70.97867632886806,0.0,4.752430438995361,1.1617323160171509,0.30102354288101196,0.0,2.678689479827881,1.3830312490463257,0.0,0.0,0.04856545105576515,0.25342053174972534,4.752430438995361,1.1617323160171509,0.07525588572025299,0.0,0.0,0.0,0.04856545105576515,0.25342053174972534,4.876251697540283,1.4151527881622314,0.0005959752597846091,0.0012091484386473894,0.0003697732463479042,0.000557463790755719,0.0003697732463479042,0.000557463790755719,4.876251697540283,1.4151527881622314,0.23000000417232513,0.03999999910593033,0.23000000417232513,0.03999999910593033,-0.8446717858314514,-0.7555765509605408,16.938676834106445,17.908191680908203,0.030612245202064514,0.0,0.0,0.0,0.0,0.0,0.0,,,,,,,,,,,,
43,env000076,19,R,0.01,300,5.27645206451416,0.0009327075676992536,5.275519356946461,99.98232320589109,0.0,4.6979594230651855,5.5680357036180794e-05,1.2534003257751465,0.0,4.857631683349609,1.3638960123062134,0.0,0.0,0.265142560005188,0.0008769203559495509,4.6979594230651855,5.5680357036180794e-05,0.3133500814437866,0.0,0.0,0.0,0.265142560005188,0.0008769203559495509,5.27645206451416,0.0009326006984338164,0.0026341339107602835,0.0017440988449379802,0.0023184495512396097,0.0010687920730561018,0.0023184495512396097,0.0010687920730561018,5.27645206451416,0.0009327075676992536,0.23000000417232513,0.0,0.23999999463558197,0.0,-0.8125874996185303,0.9369173645973206,19.888351440429688,21.198225021362305,0.08163265138864517,0.0,0.0,0.0,0.0,0.0,0.0,,,,,,,,,,,,
44,env000093,16,R,0.01,300,4.905327796936035,0.6092602014541626,4.296067595481873,87.57962308177002,4.76837158203125e-07,4.563063144683838,0.6055827736854553,0.735054612159729,0.0,4.517979145050049,1.3983343839645386,0.0,0.0,0.15850122272968292,0.003677449654787779,4.563063144683838,0.6055827736854553,0.18376365303993225,0.0,0.0,0.0,0.15850122272968292,0.003677449654787779,4.905327796936035,0.6092602014541626,0.0008469442254863679,0.0007061747601255774,0.0005757275503128767,0.00023669240181334317,0.0005757275503128767,0.00023669240181334317,4.905327796936035,0.6092602014541626,0.14000000059604645,0.019999999552965164,0.14000000059604645,0.03999999910593033,-0.9861559867858887,-0.45422714948654175,17.940393447875977,18.73865509033203,0.040816325694322586,0.0,0.0,0.0,0.0,0.0,4.76837158203125e-07,,,,,,,,,,,,
45,env000065,12,R,0.01,300,5.09012508392334,0.00266640936024487,5.087458674563095,99.94761603464978,0.0,4.499311447143555,0.002316941972821951,1.5651986598968506,0.0,5.057396411895752,1.39844810962677,0.0,0.0,0.19951359927654266,0.00034928828245028853,4.499311447143555,0.002316941972821951,0.39129966497421265,0.0,0.0,0.0,0.19951359927654266,0.00034928828245028853,5.090124607086182,0.0026662303134799004,0.004168418701738119,0.0033578849397599697,0.0035882717929780483,0.0017904260894283652,0.0035882717929780483,0.0017904260894283652,5.09012508392334,0.00266640936024487,0.1599999964237213,0.0,0.20000000298023224,0.0,-0.8833060264587402,0.4827912747859955,20.27692413330078,23.777069091796875,0.1428571492433548,0.0,0.0,0.0,0.0,0.0,0.0,,,,,,,,,,,,
46,env000070,14,R,0.01,300,4.621960639953613,0.4277476668357849,4.194212973117828,90.7453200025503,0.0,4.473478317260742,0.36696216464042664,0.4555228650569916,0.19580833613872528,3.169431686401367,2.770658254623413,0.0,0.0,0.034601643681526184,0.011833397671580315,4.473478317260742,0.36696216464042664,0.1138807162642479,0.04895208403468132,0.0,0.0,0.034601643681526184,0.011833397671580315,4.621960639953613,0.4277476370334625,0.00025759925483725965,0.0012117266887798905,0.000202511582756415,0.00044101395178586245,0.000202511582756415,0.00044101395178586245,4.621960639953613,0.4277476668357849,0.25,0.019999999552965164,0.28999999165534973,0.029999999329447746,-0.6746786832809448,-0.20000000298023224,14.557154655456543,15.263256072998047,0.020408162847161293,0.010204081423580647,0.0,0.0,0.0,0.0,0.0,,,,,,,,,,,,
47,env000015,19,R,0.01,300,4.608753204345703,0.4986216723918915,4.110131531953812,89.18098560969311,2.384185791015625e-07,4.382914066314697,0.4952974021434784,0.5529589653015137,0.0,4.3992486000061035,1.3912118673324585,0.0,0.0,0.08759935200214386,0.0033242530189454556,4.382914066314697,0.4952974021434784,0.13823974132537842,0.0,0.0,0.0,0.08759935200214386,0.0033242530189454556,4.608753204345703,0.4986216425895691,0.0008556596585549414,0.0008394285105168819,0.000531382451299578,0.00035431425203569233,0.000531382451299578,0.00035431425203569233,4.608753204345703,0.4986216723918915,0.25,0.019999999552965164,0.25,0.019999999552965164,-0.7012516856193542,-0.3767203390598297,18.526248931884766,19.218536376953125,0.040816325694322586,0.0,0.0,0.0,0.0,0.0,2.384185791015625e-07,,,,,,,,,,,,
48,env000064,8,R,0.01,300,4.928072452545166,1.240435242652893,3.687637209892273,74.8292003699691,0.0,4.340590953826904,1.2370461225509644,1.584726095199585,0.0,8.100617408752441,1.3910027742385864,0.0,0.0,0.1912999153137207,0.003389120800420642,4.340590953826904,1.2370461225509644,0.39618152379989624,0.0,0.0,0.0,0.1912999153137207,0.003389120800420642,4.928072452545166,1.240435242652893,0.0007899244665168226,0.0008107385947369039,0.00045589666115120053,0.00025393004762008786,0.00045589666115120053,0.00025393004762008786,4.928072452545166,1.240435242652893,0.20999999344348907,0.03999999910593033,0.23000000417232513,0.03999999910593033,-0.8734808564186096,-0.73114013671875,13.895228385925293,14.856975555419922,0.06122449040412903,0.0,0.0,0.0,0.0,0.0,0.0,,,,,,,,,,,,
49,env000070,12,R,0.01,300,4.42792272567749,2.0059709548950195,2.4219517707824707,54.697245657373166,0.0,4.305550575256348,1.9775378704071045,0.0,0.10093529522418976,1.1459593772888184,1.6870574951171875,0.0,0.0,0.12237224727869034,0.003199336351826787,4.305550575256348,1.9775378704071045,0.0,0.02523382380604744,0.0,0.0,0.12237224727869034,0.003199336351826787,4.42792272567749,2.0059709548950195,0.0001569839660078287,0.001120456145144999,7.62732233852148e-05,0.00037898769369348884,7.62732233852148e-05,0.00037898769369348884,4.42792272567749,2.0059709548950195,0.20999999344348907,0.07000000029802322,0.23000000417232513,0.07999999821186066,-0.8078479766845703,-0.7961418032646179,13.998620986938477,14.360784530639648,0.0,0.051020409911870956,0.0,0.0,0.0,0.0,0.0,,,,,,,,,,,,
0,env000028,18,R,0.03,300,14.120255470275879,2.7852089405059814,11.335046529769897,80.27508109630848,0.0,9.246241569519043,2.5268423557281494,14.658866882324219,0.6489657163619995,86.41881561279297,3.1009199619293213,0.0,0.0,1.2092915773391724,0.0961245521903038,9.246241569519043,2.5268423557281494,3.6647167205810547,0.16224142909049988,0.0,0.0,1.2092915773391724,0.0961245521903038,14.12024974822998,2.7852084636688232,0.058035608381032944,0.010621428489685059,0.052785083651542664,0.004249113611876965,0.052785083651542664,0.004249113611876965,14.120255470275879,2.7852089405059814,0.4399999976158142,0.07999999821186066,0.4699999988079071,0.09000000357627869,-1.6023300886154175,-1.555902123451233,12.17909049987793,14.682929992675781,0.06122449040412903,0.19387754797935486,0.0,0.0,0.0,0.0,0.0,,,,,,,,,,,,
1,env000053,3,R,0.03,300,9.467486381530762,1.5819306373596191,7.885555744171143,83.29091193153802,0.0,9.181839942932129,0.9420532584190369,0.9411609768867493,0.0,4.595371723175049,1.397551417350769,0.0,0.0,0.050355568528175354,0.6398773193359375,9.181839942932129,0.9420532584190369,0.23529024422168732,0.0,0.0,0.0,0.050355568528175354,0.6398773193359375,9.467486381530762,1.5819306373596191,0.001515784882940352,0.003339269896969199,0.0009940899908542633,0.0005181279848329723,0.0009940899908542633,0.0005181279848329723,9.467486381530762,1.5819306373596191,0.3100000023841858,0.019999999552965164,0.33000001311302185,0.019999999552965164,-1.449889063835144,-1.3700236082077026,18.278919219970703,23.6155948638916,0.0714285746216774,0.0,0.0,0.0,0.0,0.0,0.0,,,,,,,,,,,,
2,env000071,1,R,0.03,300,9.585968017578125,1.640151858329773,7.945816159248352,82.89007583457227,1.1920928955078125e-07,8.704936981201172,1.6335214376449585,2.1023285388946533,0.0,9.352002143859863,1.399126648902893,0.0,0.0,0.355448842048645,0.006630292162299156,8.704936981201172,1.6335214376449585,0.5255821347236633,0.0,0.0,0.0,0.355448842048645,0.006630292162299156,9.585968017578125,1.6401517391204834,0.002335905795916915,0.003066575387492776,0.0013696287060156465,0.0008770244312472641,0.0013696287060156465,0.0008770244312472641,9.585968017578125,1.640151858329773,0.46000000834465027,0.03999999910593033,0.47999998927116394,0.03999999910593033,-1.420353889465332,-1.194575548171997,16.846967697143555,23.759483337402344,0.13265305757522583,0.0,0.0,0.0,0.0,0.0,1.1920928955078125e-07,,,,,,,,,,,,
3,env000098,15,R,0.03,300,9.555397987365723,0.22938552498817444,9.326012462377548,97.59941422333773,2.384185791015625e-07,8.304899215698242,0.060149598866701126,3.0685720443725586,0.6573401689529419,18.43829917907715,2.8567845821380615,0.0,0.0,0.48335573077201843,0.00490069855004549,8.304899215698242,0.060149598866701126,0.7671430110931396,0.16433504223823547,0.0,0.0,0.48335573077201843,0.00490069855004549,9.555397987365723,0.22938533127307892,0.003083831164985895,0.0033181163016706705,0.0013566215056926012,0.0019701241981238127,0.0013566215056926012,0.0019701241981238127,9.555397987365723,0.22938552498817444,0.4300000071525574,0.0,0.46000000834465027,0.0,-1.275104284286499,0.24563144147396088,15.69437313079834,18.896841049194336,0.09183673560619354,0.0714285746216774,0.0,0.0,0.0,0.0,2.384185791015625e-07,,,,,,,,,,,,
4,env000079,19,R,0.03,300,8.78853988647461,0.9114906191825867,7.877049267292023,89.62864558895212,0.0,8.09712028503418,0.6145743131637573,1.5660032033920288,0.0,6.3347344398498535,1.2419540882110596,0.0,0.0,0.2999192774295807,0.29691624641418457,8.09712028503418,0.6145743131637573,0.3915008008480072,0.0,0.0,0.0,0.2999192774295807,0.29691624641418457,8.78853988647461,0.9114905595779419,0.0022381783928722143,0.0056816102005541325,0.001185613451525569,0.0007139391382224858,0.001185613451525569,0.0007139391382224858,8.78853988647461,0.9114906191825867,0.1899999976158142,0.019999999552965164,0.20000000298023224,0.019999999552965164,-1.3750029802322388,-0.7315186262130737,17.062971115112305,29.161731719970703,0.13265305757522583,0.0,0.0,0.01923076994717121,0.0,0.008764266967773438,0.0,,,,,,,,,,,,
5,env000064,16,R,0.03,300,8.92863941192627,2.1880109310150146,6.740628480911255,75.49446416110816,4.76837158203125e-07,7.7443342208862305,1.8581023216247559,3.550551652908325,1.3046271800994873,14.371979713439941,5.660171031951904,0.0,0.0,0.296662837266922,0.003751026000827551,7.7443342208862305,1.8581023216247559,0.8876379132270813,0.3261567950248718,0.0,0.0,0.296662837266922,0.003751026000827551,8.928635597229004,2.1880102157592773,0.021138811483979225,0.010183027014136314,0.039418093860149384,0.006875797174870968,0.039418093860149384,0.006875797174870968,8.92863941192627,2.1880109310150146,0.3499999940395355,0.03999999910593033,0.36000001430511475,0.05000000074505806,-1.517952561378479,-1.3547006845474243,20.390674591064453,23.747337341308594,0.09183673560619354,0.18367347121238708,0.0,0.0,0.0,0.0,4.76837158203125e-07,,,,,,,,,,,,
6,env000073,2,R,0.03,300,8.008231163024902,1.8540124893188477,6.154218673706055,76.84866418593064,4.76837158203125e-07,7.717954635620117,1.8421587944030762,0.45072659850120544,0.011253547854721546,2.4534785747528076,1.4438711404800415,0.0,0.0,0.17759491503238678,0.009040286764502525,7.717954635620117,1.8421587944030762,0.11268164962530136,0.0028133869636803865,0.0,0.0,0.17759491503238678,0.009040286764502525,8.008231163024902,1.854012370109558,0.0009809486800804734,0.0026157500687986612,0.00032115637441165745,0.0007725206087343395,0.00032115637441165745,0.0007725206087343395,8.008231163024902,1.8540124893188477,0.44999998807907104,0.05999999865889549,0.46000000834465027,0.07999999821186066,-1.1630653142929077,-0.9554745554924011,13.463128089904785,18.168643951416016,0.08163265138864517,0.020408162847161293,0.0,0.0,0.0,0.0,4.76837158203125e-07,,,,,,,,,,,,
7,env000098,8,R,0.03,300,7.787880897521973,1.0657554864883423,6.72212541103363,86.31520563151582,4.76837158203125e-07,7.642445087432861,0.40282610058784485,0.48315685987472534,0.0235518217086792,3.610280752182007,1.5584421157836914,0.0,0.0,0.024646813049912453,0.6570412516593933,7.642445087432861,0.40282610058784485,0.12078921496868134,0.0058879554271698,0.0,0.0,0.024646813049912453,0.6570412516593933,7.787880897521973,1.0657553672790527,0.00018326443387195468,0.005406542215496302,5.838513243361376e-05,0.0008838084759190679,5.838513243361376e-05,0.0008838084759190679,7.787880897521973,1.0657554864883423,0.6499999761581421,0.019999999552965164,0.6800000071525574,0.019999999552965164,-1.0417883396148682,-0.37341687083244324,10.432659149169922,14.590927124023438,0.08163265138864517,0.020408162847161293,0.0,0.0,0.0,0.0,4.76837158203125e-07,,,,,,,,,,,,
8,env000075,2,R,0.03,300,7.496397018432617,2.68745493888855,4.808942079544067,64.15004525133254,4.76837158203125e-07,7.366703510284424,2.2499516010284424,0.4088095724582672,0.18803104758262634,3.9958178997039795,2.716217279434204,0.0,0.0,0.02749105542898178,0.3904955983161926,7.366703510284424,2.2499516010284424,0.1022023931145668,0.047007761895656586,0.0,0.0,0.02749105542898178,0.3904955983161926,7.496397018432617,2.68745493888855,0.00021959489095024765,0.0026905792765319347,0.00011937230010516942,0.0008770571439526975,0.00011937230010516942,0.0008770571439526975,7.496397018432617,2.68745493888855,0.23999999463558197,0.10000000149011612,0.23999999463558197,0.10000000149011612,-1.2015327215194702,-0.6520135402679443,13.131914138793945,14.267951965332031,0.020408162847161293,0.010204081423580647,0.0,0.0,0.0,0.0,4.76837158203125e-07,,,,,,,,,,,,
9,env000096,17,R,0.03,300,9.09707260131836,1.6633433103561401,7.433729290962219,81.71562014229626,0.0,7.362326622009277,1.1882413625717163,6.255550384521484,1.8830066919326782,20.397174835205078,4.074968338012695,0.0,0.0,0.17085610330104828,0.004349616356194019,7.362326622009277,1.1882413625717163,1.563887596130371,0.47075167298316956,0.0,0.0,0.17085610330104828,0.004349616356194019,9.097070693969727,1.6633425951004028,0.010512541979551315,0.009721951559185982,0.016807854175567627,0.007184737827628851,0.016807854175567627,0.007184737827628851,9.09707260131836,1.6633433103561401,0.5299999713897705,0.03999999910593033,0.5699999928474426,0.05999999865889549,-1.1404790878295898,-0.41865307092666626,12.051583290100098,15.756647109985352,0.1734693944454193,0.2857142984867096,0.0,0.0,0.0,0.0,0.0,,,,,,,,,,,,
10,env000064,13,R,0.03,300,7.484281539916992,1.3679101467132568,6.116371393203735,81.72289298020678,0.0,7.218011856079102,1.163116693496704,0.9054061770439148,0.030889034271240234,4.711853504180908,1.5265355110168457,0.0,0.0,0.0399177223443985,0.1970711201429367,7.218011856079102,1.163116693496704,0.2263515442609787,0.007722258567810059,0.0,0.0,0.0399177223443985,0.1970711201429367,7.484281539916992,1.3679100275039673,0.0009170506964437664,0.006537644658237696,0.0005336567992344499,0.0007028331747278571,0.0005336567992344499,0.0007028331747278571,7.484281539916992,1.3679101467132568,0.3499999940395355,0.03999999910593033,0.36000001430511475,0.05999999865889549,-1.1648136377334595,-0.601425290107727,17.778169631958008,23.435169219970703,0.051020409911870956,0.020408162847161293,0.0,0.0,0.0,0.0,0.0,,,,,,,,,,,,
11,env000065,9,R,0.03,300,8.620216369628906,0.7305980920791626,7.889618277549744,91.52459682272901,4.76837158203125e-07,7.197836399078369,0.7280428409576416,3.9372096061706543,0.0,15.7604398727417,1.3902440071105957,0.0,0.0,0.43807774782180786,0.0025552494917064905,7.197836399078369,0.7280428409576416,0.9843024015426636,0.0,0.0,0.0,0.43807774782180786,0.0025552494917064905,8.620216369628906,0.7305980920791626,0.0006508479127660394,0.0019097368931397796,0.00038926940760575235,0.000289134361082688,0.00038926940760575235,0.000289134361082688,8.620216369628906,0.7305980920791626,0.30000001192092896,0.029999999329447746,0.33000001311302185,0.029999999329447746,-1.1581223011016846,-0.5934833288192749,9.151106834411621,17.696012496948242,0.23469388484954834,0.0,0.0,0.0,0.0,0.0,4.76837158203125e-07,,,,,,,,,,,,
12,env000065,15,R,0.03,300,7.356253623962402,0.28638091683387756,7.069872707128525,96.10697331178176,0.0,7.1496710777282715,0.1533568948507309,0.5131604075431824,0.0,4.190434455871582,1.1950188875198364,0.0,0.0,0.07829213887453079,0.13302400708198547,7.1496710777282715,0.1533568948507309,0.1282901018857956,0.0,0.0,0.0,0.07829213887453079,0.13302400708198547,7.356253623962402,0.2863808870315552,0.0005930943298153579,0.0026894393377006054,0.0005902958801016212,0.00030742475064471364,0.0005902958801016212,0.00030742475064471364,7.356253623962402,0.28638091683387756,0.3499999940395355,0.009999999776482582,0.3700000047683716,0.009999999776482582,-1.3337466716766357,-0.15158997476100922,17.014572143554688,22.6204776763916,0.020408162847161293,0.0,0.0,0.0,0.0,0.0,0.0,,,,,,,,,,,,
13,env000040,9,R,0.03,300,7.489537715911865,1.5723899602890015,5.917147755622864,79.00551382566127,2.384185791015625e-07,7.1184797286987305,1.392871379852295,1.082521677017212,0.6276659965515137,5.784343242645264,3.177229642868042,0.0,0.0,0.10042756795883179,0.022601930424571037,7.1184797286987305,1.392871379852295,0.270630419254303,0.15691649913787842,0.0,0.0,0.10042756795883179,0.022601930424571037,7.489537715911865,1.572389841079712,0.0007529027061536908,0.002777525456622243,0.00031376429251395166,0.0007728501805104315,0.00031376429251395166,0.0007728501805104315,7.489537715911865,1.5723899602890015,0.20000000298023224,0.029999999329447746,0.20000000298023224,0.029999999329447746,-1.3597196340560913,-1.29691481590271,14.400762557983398,16.77056884765625,0.09183673560619354,0.09183673560619354,0.0,0.0,0.0,0.0,2.384185791015625e-07,,,,,,,,,,,,
14,env000070,19,R,0.03,300,7.523976802825928,0.0024333985056728125,7.521543404320255,99.96765808070063,4.76837158203125e-07,7.09885311126709,0.0001812726113712415,1.2345690727233887,0.0,5.928017616271973,1.2668484449386597,0.0,0.0,0.1164812445640564,0.0022520271595567465,7.09885311126709,0.0001812726113712415,0.30864226818084717,0.0,0.0,0.0,0.1164812445640564,0.0022520271595567465,7.523976802825928,0.0024332997854799032,0.0022400931920856237,0.002124639693647623,0.0012174027506262064,0.000986755476333201,0.0012174027506262064,0.000986755476333201,7.523976802825928,0.0024333985056728125,0.25,0.0,0.2800000011920929,0.0,-1.1937187910079956,0.9247816801071167,19.23587417602539,21.983915328979492,0.0714285746216774,0.0,0.0,0.0,0.0,0.0,4.76837158203125e-07,,,,,,,,,,,,
15,env000071,13,R,0.03,300,7.703134536743164,1.378894329071045,6.324240207672119,82.0995683965552,1.430511474609375e-06,6.839238166809082,1.3723329305648804,1.830457329750061,0.0,7.129632472991943,1.3949288129806519,0.0,0.0,0.4062812626361847,0.0065613072365522385,6.839238166809082,1.3723329305648804,0.45761433243751526,0.0,0.0,0.0,0.4062812626361847,0.0065613072365522385,7.703134059906006,1.3788942098617554,0.0025863877963274717,0.0036394866183400154,0.002672641770914197,0.0011556199751794338,0.002672641770914197,0.0011556199751794338,7.703134536743164,1.378894329071045,0.18000000715255737,0.029999999329447746,0.2199999988079071,0.029999999329447746,-1.4003098011016846,-1.2773358821868896,19.29998779296875,22.50759506225586,0.0714285746216774,0.0,0.0,0.0,0.0,0.0,1.430511474609375e-06,,,,,,,,,,,,
16,env000065,10,R,0.03,300,7.071628093719482,0.2973136901855469,6.7743144035339355,95.79568260313916,0.0,6.756982803344727,0.07421409338712692,1.12558913230896,0.0,3.999455690383911,1.318222999572754,0.0,0.0,0.03324776515364647,0.2230994701385498,6.756982803344727,0.07421409338712692,0.28139728307724,0.0,0.0,0.0,0.03324776515364647,0.2230994701385498,7.071628093719482,0.2973135709762573,0.0022806725464761257,0.0027780579403042793,0.0017824330134317279,0.0011100465198978782,0.0017824330134317279,0.0011100465198978782,7.071628093719482,0.2973136901855469,0.20000000298023224,0.0,0.20999999344348907,0.0,-1.3281208276748657,0.2039368450641632,19.30569076538086,23.430763244628906,0.10204081982374191,0.0,0.0,0.0,0.0,0.0,0.0,,,,,,,,,,,,
17,env000075,7,R,0.03,300,7.0244855880737305,0.4132334291934967,6.611252158880234,94.11724283561647,0.0,6.667773246765137,0.21629740297794342,1.072521686553955,0.39902982115745544,6.4588623046875,2.342557191848755,0.0,0.004276275634765625,0.0885821282863617,0.09290216118097305,6.667773246765137,0.21629740297794342,0.26813042163848877,0.09975745528936386,0.0,0.004276275634765625,0.0885821282863617,0.09290216118097305,7.0244855880737305,0.41323328018188477,0.0011678581358864903,0.004456290043890476,0.0006918186554685235,0.001412897720001638,0.0006918186554685235,0.001412897720001638,7.0244855880737305,0.4132334291934967,0.3499999940395355,0.009999999776482582,0.3499999940395355,0.009999999776482582,-0.985809326171875,-0.21717454493045807,17.328445434570312,24.596864700317383,0.06122449040412903,0.0714285746216774,0.0,0.01923076994717121,0.0,0.00553131103515625,0.0,,,,,,,,,,,,
18,env000040,2,R,0.03,300,6.724930286407471,0.09813963621854782,6.626790650188923,98.54065942636002,0.0,6.594912528991699,0.0630112811923027,0.14460313320159912,0.12546122074127197,2.412221908569336,2.278228521347046,0.0,0.0,0.09386701881885529,0.0037627890706062317,6.594912528991699,0.0630112811923027,0.03615078330039978,0.03136530518531799,0.0,0.0,0.09386701881885529,0.0037627890706062317,6.724930286407471,0.09813937544822693,0.0002974335220642388,0.002651304006576538,0.0002380073710810393,0.0026333017740398645,0.0002380073710810393,0.0026333017740398645,6.724930286407471,0.09813963621854782,0.23000000417232513,0.0,0.25,0.0,-1.262349247932434,0.2562720477581024,19.834102630615234,24.275850296020508,0.010204081423580647,0.010204081423580647,0.0,0.0,0.0,0.0,0.0,,,,,,,,,,,,
19,env000075,3,R,0.03,300,6.672563076019287,0.7207809686660767,5.9517821073532104,89.19783956398237,4.76837158203125e-07,6.478545665740967,0.5581430196762085,0.5160455703735352,0.6333377361297607,4.00889253616333,2.5188021659851074,0.0,0.0,0.0650056004524231,0.004303379449993372,6.478545665740967,0.5581430196762085,0.1290113925933838,0.15833443403244019,0.0,0.0,0.0650056004524231,0.004303379449993372,6.672563076019287,0.7207808494567871,0.0009444071911275387,0.0020744544453918934,0.0005373008316382766,0.0011765619274228811,0.0005373008316382766,0.0011765619274228811,6.672563076019287,0.7207809686660767,0.38999998569488525,0.019999999552965164,0.4300000071525574,0.019999999552965164,-0.9833016395568848,-0.44394606351852417,17.729267120361328,19.308969497680664,0.051020409911870956,0.11224489659070969,0.0,0.0,0.0,0.0,4.76837158203125e-07,,,,,,,,,,,,
20,env000053,7,R,0.03,300,6.983806133270264,0.6258800029754639,6.3579261302948,91.0381246123969,4.76837158203125e-07,6.367966175079346,0.5880783200263977,1.573495864868164,0.0,7.635694980621338,1.3879517316818237,0.0,0.0,0.22246608138084412,0.03780149295926094,6.367966175079346,0.5880783200263977,0.393373966217041,0.0,0.0,0.0,0.22246608138084412,0.03780149295926094,6.983806133270264,0.6258798241615295,0.0011538192629814148,0.003496497170999646,0.0006142366910353303,0.0015895997639745474,0.0006142366910353303,0.0015895997639745474,6.983806133270264,0.6258800029754639,0.23999999463558197,0.019999999552965164,0.25999999046325684,0.019999999552965164,-0.9221231937408447,-0.6306334733963013,14.853523254394531,20.552371978759766,0.09183673560619354,0.0,0.0,0.0,0.0,0.0,4.76837158203125e-07,,,,,,,,,,,,
21,env000073,19,R,0.03,300,6.364980220794678,1.6933530569076538,4.671627163887024,73.39578446174282,4.76837158203125e-07,6.147644996643066,1.5420819520950317,0.6050187349319458,0.5977859497070312,3.70969820022583,2.9189133644104004,0.0,0.0,0.06608045101165771,0.0018241252982988954,6.147644996643066,1.5420819520950317,0.15125468373298645,0.1494464874267578,0.0,0.0,0.06608045101165771,0.0018241252982988954,6.364980220794678,1.6933525800704956,0.000620177888777107,0.007014475297182798,0.0002927319728769362,0.004372456576675177,0.0002927319728769362,0.004372456576675177,6.364980220794678,1.6933530569076538,0.4699999988079071,0.05000000074505806,0.550000011920929,0.09000000357627869,-0.8596760034561157,-0.48684602975845337,14.311005592346191,18.964336395263672,0.09183673560619354,0.13265305757522583,0.0,0.0,0.0,0.0,4.76837158203125e-07,,,,,,,,,,,,
22,env000079,2,R,0.03,300,6.7893171310424805,0.16684192419052124,6.622475206851959,97.54258166218695,0.0,6.101341247558594,0.1142938956618309,1.6279398202896118,0.0,6.174586296081543,1.2260468006134033,0.0,0.0,0.2809908986091614,0.05254790559411049,6.101341247558594,0.1142938956618309,0.40698495507240295,0.0,0.0,0.0,0.2809908986091614,0.05254790559411049,6.7893171310424805,0.1668418049812317,0.00209315144456923,0.0022416189312934875,0.0016325260512530804,0.001160218263976276,0.0016325260512530804,0.001160218263976276,6.7893171310424805,0.16684192419052124,0.23000000417232513,0.009999999776482582,0.25,0.009999999776482582,-1.2548145055770874,-0.0016906820237636566,18.694568634033203,24.68438720703125,0.12244898080825806,0.0,0.0,0.0,0.0,0.0,0.0,,,,,,,,,,,,
23,env000070,11,R,0.03,300,6.266687870025635,0.719688892364502,5.546998977661133,88.5156416389132,0.0,5.864142417907715,0.7046644687652588,1.183672308921814,0.04531560093164444,5.702882289886475,1.5950366258621216,0.0,0.0,0.10662756115198135,0.003695359919220209,5.864142417907715,0.7046644687652588,0.2959180772304535,0.01132890023291111,0.0,0.0,0.10662756115198135,0.003695359919220209,6.266687870025635,0.7196887135505676,0.0015367827145382762,0.004934185184538364,0.0010147077264264226,0.002012009499594569,0.0010147077264264226,0.002012009499594569,6.266687870025635,0.719688892364502,0.15000000596046448,0.019999999552965164,0.1599999964237213,0.019999999552965164,-1.3546222448349,-0.5623442530632019,18.023086547851562,21.37435531616211,0.12244898080825806,0.0714285746216774,0.0,0.0,0.0,0.0,0.0,,,,,,,,,,,,
24,env000028,13,R,0.03,300,6.207947731018066,0.5753486156463623,5.632599115371704,90.73206411240179,0.0,5.815141201019287,0.5681677460670471,1.059112310409546,2.5725365048856474e-05,6.427130222320557,1.4001801013946533,0.0,0.0,0.12802855670452118,0.0071743931621313095,5.815141201019287,0.5681677460670471,0.2647780776023865,6.431341262214119e-06,0.0,0.0,0.12802855670452118,0.0071743931621313095,6.207947731018066,0.5753485560417175,0.0011470462195575237,0.0028976122848689556,0.00048763497034087777,0.0008133991505019367,0.00048763497034087777,0.0008133991505019367,6.207947731018066,0.5753486156463623,0.25,0.019999999552965164,0.25999999046325684,0.019999999552965164,-0.9878916144371033,-0.5977286100387573,15.4537992477417,20.21977424621582,0.09183673560619354,0.010204081423580647,0.0,0.0,0.0,0.0,0.0,,,,,,,,,,,,
25,env000079,12,R,0.03,300,6.091620445251465,0.6981340050697327,5.393486440181732,88.53943689787926,0.0,5.7524495124816895,0.6759662628173828,0.5848804116249084,0.0519556999206543,4.15732479095459,1.4822479486465454,0.0,0.0,0.19295062124729156,0.009178711101412773,5.7524495124816895,0.6759662628173828,0.1462201029062271,0.012988924980163574,0.0,0.0,0.19295062124729156,0.009178711101412773,6.091620445251465,0.6981338858604431,0.0006182498182170093,0.002837657229974866,0.0001306762860622257,0.0010034942533820868,0.0001306762860622257,0.0010034942533820868,6.091620445251465,0.6981340050697327,0.3199999928474426,0.029999999329447746,0.3499999940395355,0.03999999910593033,-0.946955144405365,-0.32736510038375854,11.135222434997559,14.774328231811523,0.08163265138864517,0.20408163964748383,0.0,0.0,0.0,0.0,0.0,,,,,,,,,,,,
26,env000028,14,R,0.03,300,6.223657131195068,0.8089630007743835,5.414694130420685,87.00180643436175,4.76837158203125e-07,5.712491512298584,0.5859361886978149,0.9094993472099304,0.0,5.455227375030518,1.3529677391052246,0.0,0.0,0.28379079699516296,0.22302675247192383,5.712491512298584,0.5859361886978149,0.2273748368024826,0.0,0.0,0.0,0.28379079699516296,0.22302675247192383,6.223657131195068,0.8089629411697388,0.0010685987072065473,0.004882477689534426,0.0002656886645127088,0.0005066952435299754,0.0002656886645127088,0.0005066952435299754,6.223657131195068,0.8089630007743835,0.15000000596046448,0.019999999552965164,0.1899999976158142,0.019999999552965164,-0.999423623085022,-0.8929877281188965,11.715460777282715,20.762550354003906,0.13265305757522583,0.0,0.0,0.0,0.0,0.0,4.76837158203125e-07,,,,,,,,,,,,
27,env000028,1,R,0.03,300,6.269633769989014,1.078616976737976,5.191016793251038,82.79617253082606,4.76837158203125e-07,5.542807102203369,1.0725538730621338,1.9245684146881104,0.008391189388930798,8.285565376281738,1.4404592514038086,0.0,0.0,0.24568462371826172,0.0039651901461184025,5.542807102203369,1.0725538730621338,0.4811421036720276,0.0020977973472326994,0.0,0.0,0.24568462371826172,0.0039651901461184025,6.269633769989014,1.0786168575286865,0.001287693390622735,0.0033456869423389435,0.0009067155187949538,0.0011731572449207306,0.0009067155187949538,0.0011731572449207306,6.269633769989014,1.078616976737976,0.23000000417232513,0.03999999910593033,0.23999999463558197,0.03999999910593033,-1.113179087638855,-0.4151121973991394,16.444599151611328,18.818876266479492,0.051020409911870956,0.020408162847161293,0.0,0.0,0.0,0.0,4.76837158203125e-07,,,,,,,,,,,,
28,env000013,19,R,0.03,300,6.320464611053467,0.8829241991043091,5.437540411949158,86.03070733818811,0.0,5.530374526977539,0.6778402328491211,2.2372710704803467,0.7992938756942749,14.650497436523438,3.6357309818267822,0.0,0.0,0.230772465467453,0.005260004196316004,5.530374526977539,0.6778402328491211,0.5593177676200867,0.19982346892356873,0.0,0.0,0.230772465467453,0.005260004196316004,6.320464611053467,0.8829237222671509,0.0017268251394852996,0.005935720168054104,0.0009968060767278075,0.004877923522144556,0.0009968060767278075,0.004877923522144556,6.320464611053467,0.8829241991043091,0.4399999976158142,0.029999999329447746,0.5099999904632568,0.05000000074505806,-0.7944350838661194,-0.2996976971626282,13.125657081604004,17.78959846496582,0.16326530277729034,0.11224489659070969,0.0,0.0,0.0,0.0,0.0,,,,,,,,,,,,
29,env000071,18,R,0.03,300,5.786039352416992,0.6539686918258667,5.1320706605911255,88.69747245060327,0.0,5.4339919090271,0.5313394665718079,1.1028525829315186,0.4563111364841461,5.40048885345459,3.7282469272613525,0.0,0.0,0.07633424550294876,0.008551149629056454,5.4339919090271,0.5313394665718079,0.27571314573287964,0.11407778412103653,0.0,0.0,0.07633424550294876,0.008551149629056454,5.786039352416992,0.6539683938026428,0.0018261580262333155,0.003813930321484804,0.0012026362819597125,0.003031393513083458,0.0012026362819597125,0.003031393513083458,5.786039352416992,0.6539686918258667,0.23999999463558197,0.019999999552965164,0.25,0.019999999552965164,-1.1245759725570679,-0.46446382999420166,20.093507766723633,22.71828842163086,0.0714285746216774,0.030612245202064514,0.0,0.0,0.0,0.0,0.0,,,,,,,,,,,,
30,env000098,1,R,0.03,300,5.704447269439697,0.7717457413673401,4.932701528072357,86.47115653953371,0.0,5.372555732727051,0.7511230707168579,1.1325700283050537,0.07790474593639374,3.917875289916992,1.931227445602417,0.0,0.0,0.048748843371868134,0.0011462575057521462,5.372555732727051,0.7511230707168579,0.2831425070762634,0.019476186484098434,0.0,0.0,0.048748843371868134,0.0011462575057521462,5.704447269439697,0.771745502948761,0.0025301743298768997,0.005622039083391428,0.001680782763287425,0.0020876661874353886,0.001680782763287425,0.0020876661874353886,5.704447269439697,0.7717457413673401,0.2199999988079071,0.029999999329447746,0.23000000417232513,0.03999999910593033,-1.108766794204712,-0.450609415769577,18.686616897583008,24.156280517578125,0.10204081982374191,0.020408162847161293,0.0,0.0,0.0,0.0,0.0,,,,,,,,,,,,
31,env000098,16,R,0.03,300,5.565361022949219,0.35500282049179077,5.210358202457428,93.62120769833426,0.0,5.291801452636719,0.35310375690460205,0.6089732050895691,0.0,3.949209451675415,1.3995728492736816,0.0,0.0,0.1213165670633316,0.001898944261483848,5.291801452636719,0.35310375690460205,0.15224330127239227,0.0,0.0,0.0,0.1213165670633316,0.001898944261483848,5.565361022949219,0.3550027012825012,0.00039980633300729096,0.003020575502887368,0.00013135719927959144,0.0012366290902718902,0.00013135719927959144,0.0012366290902718902,5.565361022949219,0.35500282049179077,0.5,0.019999999552965164,0.5099999904632568,0.019999999552965164,-0.7831811904907227,-0.25192564725875854,10.90953254699707,17.86924171447754,0.19387754797935486,0.0,0.0,0.0,0.0,0.0,0.0,,,,,,,,,,,,
32,env000096,12,R,0.03,300,5.7118635177612305,0.8294151425361633,4.882448375225067,85.47907981419603,0.0,5.290597438812256,0.8137186765670776,1.2809665203094482,0.0543779619038105,5.755921363830566,1.697149395942688,0.0,0.0,0.10102473944425583,0.002101771766319871,5.290597438812256,0.8137186765670776,0.32024163007736206,0.013594490475952625,0.0,0.0,0.10102473944425583,0.002101771766319871,5.7118635177612305,0.829414963722229,0.001472978969104588,0.004430302884429693,0.0009617224568501115,0.0019783745519816875,0.0009617224568501115,0.0019783745519816875,5.7118635177612305,0.8294151425361633,0.25,0.029999999329447746,0.25999999046325684,0.03999999910593033,-1.1398873329162598,-0.3870132267475128,17.837799072265625,22.054546356201172,0.0714285746216774,0.030612245202064514,0.0,0.0,0.0,0.0,0.0,,,,,,,,,,,,
33,env000079,8,R,0.03,300,7.90544319152832,0.9691430330276489,6.936300158500671,87.74081339214216,0.0,5.261393070220947,0.8289063572883606,7.678278923034668,0.03863995149731636,29.865516662597656,1.670479655265808,0.0,0.0,0.7244797945022583,0.13057652115821838,5.261393070220947,0.8289063572883606,1.919569730758667,0.00965998787432909,0.0,0.0,0.7244797945022583,0.13057652115821838,7.905442237854004,0.9691429138183594,0.013744250871241093,0.00646220613270998,0.010130765847861767,0.0014423743123188615,0.010130765847861767,0.0014423743123188615,7.90544319152832,0.9691430330276489,0.17000000178813934,0.019999999552965164,0.20000000298023224,0.019999999552965164,-0.9321944713592529,-0.760756254196167,14.330057144165039,20.166940689086914,0.18367347121238708,0.010204081423580647,0.0,0.0,0.0,0.0,0.0,,,,,,,,,,,,
34,env000099,0,R,0.03,300,5.478332996368408,1.428958773612976,4.049374222755432,73.91617532997293,0.0,5.261017799377441,1.3677937984466553,0.6094968914985657,0.23371966183185577,4.490671634674072,2.35200834274292,0.0,0.0,0.06494078040122986,0.0027349404990673065,5.261017799377441,1.3677937984466553,0.15237422287464142,0.058429915457963943,0.0,0.0,0.06494078040122986,0.0027349404990673065,5.478332996368408,1.4289586544036865,0.0004743022145703435,0.006312021054327488,0.0002943398430943489,0.0016285213641822338,0.0002943398430943489,0.0016285213641822338,5.478332996368408,1.428958773612976,0.33000001311302185,0.03999999910593033,0.3700000047683716,0.05000000074505806,-0.985522449016571,-0.9855225682258606,16.158056259155273,19.644515991210938,0.020408162847161293,0.020408162847161293,0.0,0.0,0.0,0.0,0.0,,,,,,,,,,,,
35,env000082,19,R,0.03,300,9.41952133178711,1.0933094024658203,8.326211929321289,88.393153282892,4.76837158203125e-07,5.241971015930176,0.7462995648384094,15.901652336120605,0.6269611716270447,87.81346893310547,2.5771403312683105,0.0,0.0,0.20212426781654358,0.1902693510055542,5.241971015930176,0.7462995648384094,3.9754130840301514,0.15674029290676117,0.0,0.0,0.20212426781654358,0.1902693510055542,9.419508934020996,1.0933091640472412,0.11758731305599213,0.004988473374396563,0.12666091322898865,0.0018901462899520993,0.12666091322898865,0.0018901462899520993,9.41952133178711,1.0933094024658203,0.18000000715255737,0.019999999552965164,0.1899999976158142,0.019999999552965164,-0.9981019496917725,-0.6797430515289307,10.83808422088623,16.52621078491211,0.09183673560619354,0.40816327929496765,0.0,0.0,0.0,0.0,4.76837158203125e-07,,,,,,,,,,,,
36,env000099,14,R,0.03,300,5.648659706115723,0.5850592851638794,5.063600420951843,89.64251139911218,9.5367431640625e-07,5.134138584136963,0.10674156248569489,1.2859346866607666,0.8979740142822266,6.893893718719482,3.9075450897216797,0.0,0.0,0.19303756952285767,0.25382405519485474,5.134138584136963,0.10674156248569489,0.32148367166519165,0.22449350357055664,0.0,0.0,0.19303756952285767,0.25382405519485474,5.648659706115723,0.5850591063499451,0.0013719272101297975,0.005386831238865852,0.0011773704318329692,0.002019627718254924,0.0011773704318329692,0.002019627718254924,5.648659706115723,0.5850592851638794,0.33000001311302185,0.0,0.3799999952316284,0.0,-0.7734652161598206,0.1952599138021469,17.89023208618164,22.326509475708008,0.12244898080825806,0.06122449040412903,0.0,0.0,0.0,0.0,9.5367431640625e-07,,,,,,,,,,,,
37,env000062,8,R,0.03,300,5.31779670715332,1.1986846923828125,4.119112014770508,77.45899743082728,0.0,5.088995933532715,0.9914907813072205,0.8687580227851868,0.674169659614563,3.602137565612793,2.4680521488189697,0.0,0.0,0.011611586436629295,0.03865128010511398,5.088995933532715,0.9914907813072205,0.2171895056962967,0.16854241490364075,0.0,0.0,0.011611586436629295,0.03865128010511398,5.31779670715332,1.1986844539642334,0.0024837974924594164,0.004918636754155159,0.0017286880174651742,0.0024565914645791054,0.0017286880174651742,0.0024565914645791054,5.31779670715332,1.1986846923828125,0.14000000059604645,0.029999999329447746,0.20999999344348907,0.05000000074505806,-1.108399510383606,-0.6433905959129333,21.07982635498047,21.398788452148438,0.06122449040412903,0.18367347121238708,0.0,0.0,0.0,0.0,0.0,,,,,,,,,,,,
38,env000098,5,R,0.03,300,5.320549488067627,0.7244969010353088,4.596052587032318,86.3830436562965,9.5367431640625e-07,4.924315929412842,0.7184746861457825,1.1506017446517944,0.0005382060771808028,4.808611869812012,1.403767466545105,0.0,0.0,0.10858277976512909,0.005887622479349375,4.924315929412842,0.7184746861457825,0.2876504361629486,0.0001345515192952007,0.0,0.0,0.10858277976512909,0.005887622479349375,5.320549488067627,0.7244968414306641,0.0014947816962376237,0.0030769803561270237,0.000890483264811337,0.0008528421749360859,0.000890483264811337,0.0008528421749360859,5.320549488067627,0.7244969010353088,0.14000000059604645,0.019999999552965164,0.14000000059604645,0.019999999552965164,-1.1577627658843994,-0.6248738765716553,17.642255783081055,22.440582275390625,0.12244898080825806,0.010204081423580647,0.0,0.0,0.0,0.0,9.5367431640625e-07,,,,,,,,,,,,
39,env000073,13,R,0.03,300,5.519256591796875,1.8165562152862549,3.70270037651062,67.08694033203395,1.599360416548734e-06,4.815986633300781,1.1920026540756226,1.7466539144515991,2.4649322032928467,9.107224464416504,10.401183128356934,0.0,0.0,0.26660650968551636,0.008317860774695873,4.815986633300781,1.1920026540756226,0.4366634786128998,0.6162330508232117,0.0,0.0,0.26660650968551636,0.008317860774695873,5.519256591796875,1.8165534734725952,0.0011760153574869037,0.015521518886089325,0.0005749257397837937,0.027684014290571213,0.0005749257397837937,0.027684014290571213,5.519256591796875,1.8165562152862549,0.36000001430511475,0.05999999865889549,0.38999998569488525,0.10000000149011612,-0.7322248816490173,-0.4356575012207031,13.819314002990723,13.770011901855469,0.15306122601032257,0.051020409911870956,0.0,0.0,0.0,0.0,1.599360416548734e-06,,,,,,,,,,,,
40,env000082,13,R,0.03,300,5.346995830535889,0.2235741913318634,5.123421639204025,95.81869523714485,0.0,4.762782096862793,0.21840088069438934,1.414964199066162,0.0,8.570147514343262,1.3895673751831055,0.0,0.0,0.2304723709821701,0.005173270590603352,4.762782096862793,0.21840088069438934,0.3537410497665405,0.0,0.0,0.0,0.2304723709821701,0.005173270590603352,5.346995830535889,0.22357414662837982,0.0007965219556353986,0.0011823761742562056,0.0004388542438391596,0.00039496365934610367,0.0004388542438391596,0.00039496365934610367,5.346995830535889,0.2235741913318634,0.17000000178813934,0.009999999776482582,0.18000000715255737,0.019999999552965164,-0.8229737877845764,-0.2524298131465912,13.993376731872559,14.688533782958984,0.051020409911870956,0.0,0.0,0.0,0.0,0.0,0.0,,,,,,,,,,,,
41,env000062,16,R,0.03,300,5.432032585144043,0.8939778804779053,4.538054704666138,83.54247942247571,4.76837158203125e-07,4.7547760009765625,0.7439976930618286,1.448505163192749,0.5586037635803223,6.645833492279053,2.383491277694702,0.0,0.0,0.31513020396232605,0.010328877717256546,4.7547760009765625,0.7439976930618286,0.36212629079818726,0.13965094089508057,0.0,0.0,0.31513020396232605,0.010328877717256546,5.432032585144043,0.8939775228500366,0.0027631730772554874,0.006486356258392334,0.0023637902922928333,0.0034211294259876013,0.0023637902922928333,0.0034211294259876013,5.432032585144043,0.8939778804779053,0.20999999344348907,0.019999999552965164,0.23000000417232513,0.029999999329447746,-0.7984116077423096,-0.5842174887657166,18.971744537353516,22.156627655029297,0.08163265138864517,0.1428571492433548,0.0,0.0,0.0,0.0,4.76837158203125e-07,,,,,,,,,,,,
42,env000062,11,R,0.03,300,4.876251697540283,1.1799407005310059,3.6963109970092773,75.80230115836308,0.0,4.752430438995361,0.9200733304023743,0.30102354288101196,0.035849977284669876,2.678689479827881,1.4945305585861206,0.0,0.0,0.04856545105576515,0.25090470910072327,4.752430438995361,0.9200733304023743,0.07525588572025299,0.008962494321167469,0.0,0.0,0.04856545105576515,0.25090470910072327,4.876251697540283,1.1799405813217163,0.0005959752597846091,0.001993410987779498,0.0003697732463479042,0.0008668263326399028,0.0003697732463479042,0.0008668263326399028,4.876251697540283,1.1799407005310059,0.23000000417232513,0.029999999329447746,0.23000000417232513,0.03999999910593033,-0.8446717858314514,-0.6851329803466797,16.938676834106445,18.846355438232422,0.030612245202064514,0.040816325694322586,0.0,0.0,0.0,0.0,0.0,,,,,,,,,,,,
43,env000076,19,R,0.03,300,5.27645206451416,0.0031360432039946318,5.2733160213101655,99.94056530476064,0.0,4.6979594230651855,0.00011058761447202414,1.2534003257751465,0.0,4.857631683349609,1.27340829372406,0.0,0.0,0.265142560005188,0.003025356214493513,4.6979594230651855,0.00011058761447202414,0.3133500814437866,0.0,0.0,0.0,0.265142560005188,0.003025356214493513,5.27645206451416,0.0031359437853097916,0.0026341339107602835,0.0017706549260765314,0.0023184495512396097,0.0009945546044036746,0.0023184495512396097,0.0009945546044036746,5.27645206451416,0.0031360432039946318,0.23000000417232513,0.0,0.23999999463558197,0.0,-0.8125874996185303,0.8870048522949219,19.888351440429688,21.830501556396484,0.08163265138864517,0.0,0.0,0.0,0.0,0.0,0.0,,,,,,,,,,,,
44,env000093,16,R,0.03,300,4.905327796936035,0.055430199950933456,4.849897596985102,98.87000008469248,4.76837158203125e-07,4.563063144683838,0.04467520862817764,0.735054612159729,0.0,4.517979145050049,1.126572608947754,0.0,0.0,0.15850122272968292,0.010754957795143127,4.563063144683838,0.04467520862817764,0.18376365303993225,0.0,0.0,0.0,0.15850122272968292,0.010754957795143127,4.905327796936035,0.05543016642332077,0.0008469442254863679,0.0009121651528403163,0.0005757275503128767,0.00032396719325333834,0.0005757275503128767,0.00032396719325333834,4.905327796936035,0.055430199950933456,0.14000000059604645,0.0,0.14000000059604645,0.0,-0.9861559867858887,0.177287295460701,17.940393447875977,20.17812728881836,0.040816325694322586,0.0,0.0,0.0,0.0,0.0,4.76837158203125e-07,,,,,,,,,,,,
45,env000065,12,R,0.03,300,5.09012508392334,0.0030514858663082123,5.087073598057032,99.94005086680589,0.0,4.499311447143555,0.001711872173473239,1.5651986598968506,0.0,5.057396411895752,1.3266656398773193,0.0,0.0,0.19951359927654266,0.0013394380221143365,4.499311447143555,0.001711872173473239,0.39129966497421265,0.0,0.0,0.0,0.19951359927654266,0.0013394380221143365,5.090124607086182,0.0030513103120028973,0.004168418701738119,0.003547857515513897,0.0035882717929780483,0.0017546885646879673,0.0035882717929780483,0.0017546885646879673,5.09012508392334,0.0030514858663082123,0.1599999964237213,0.0,0.20000000298023224,0.0,-0.8833060264587402,0.48279130458831787,20.27692413330078,24.401565551757812,0.1428571492433548,0.0,0.0,0.0,0.0,0.0,0.0,,,,,,,,,,,,
46,env000070,14,R,0.03,300,4.621960639953613,0.21161261200904846,4.410348027944565,95.42158342544492,0.0,4.473478317260742,0.21068038046360016,0.4555228650569916,0.0,3.169431686401367,1.393001675605774,0.0,0.0,0.034601643681526184,0.0009321690304204822,4.473478317260742,0.21068038046360016,0.1138807162642479,0.0,0.0,0.0,0.034601643681526184,0.0009321690304204822,4.621960639953613,0.2116125524044037,0.00025759925483725965,0.0027906326577067375,0.000202511582756415,0.0006206309190019965,0.000202511582756415,0.0006206309190019965,4.621960639953613,0.21161261200904846,0.25,0.009999999776482582,0.28999999165534973,0.009999999776482582,-0.6746786832809448,-0.20000000298023224,14.557154655456543,16.30095672607422,0.020408162847161293,0.0,0.0,0.0,0.0,0.0,0.0,,,,,,,,,,,,
47,env000015,19,R,0.03,300,4.608753204345703,0.330822229385376,4.277930974960327,92.82187145379284,2.384185791015625e-07,4.382914066314697,0.32685530185699463,0.5529589653015137,0.0,4.3992486000061035,1.397342324256897,0.0,0.0,0.08759935200214386,0.00396689772605896,4.382914066314697,0.32685530185699463,0.13823974132537842,0.0,0.0,0.0,0.08759935200214386,0.00396689772605896,4.608753204345703,0.3308221995830536,0.0008556596585549414,0.0014207515632733703,0.000531382451299578,0.00038558553205803037,0.000531382451299578,0.00038558553205803037,4.608753204345703,0.330822229385376,0.25,0.009999999776482582,0.25,0.009999999776482582,-0.7012516856193542,-0.4802874028682709,18.526248931884766,19.84493637084961,0.040816325694322586,0.0,0.0,0.0,0.0,0.0,2.384185791015625e-07,,,,,,,,,,,,
48,env000064,8,R,0.03,300,4.928072452545166,0.9563874006271362,3.97168505191803,80.59307346154787,0.0,4.340590953826904,0.9290156960487366,1.584726095199585,0.057598184794187546,8.100617408752441,1.610172152519226,0.0,0.0,0.1912999153137207,0.012972141616046429,4.340590953826904,0.9290156960487366,0.39618152379989624,0.014399546198546886,0.0,0.0,0.1912999153137207,0.012972141616046429,4.928072452545166,0.9563873410224915,0.0007899244665168226,0.001628853497095406,0.00045589666115120053,0.0005128455231897533,0.00045589666115120053,0.0005128455231897533,4.928072452545166,0.9563874006271362,0.20999999344348907,0.029999999329447746,0.23000000417232513,0.029999999329447746,-0.8734808564186096,-0.8017253279685974,13.895228385925293,15.722952842712402,0.06122449040412903,0.030612245202064514,0.0,0.0,0.0,0.0,0.0,,,,,,,,,,,,
49,env000070,12,R,0.03,300,4.42792272567749,1.8125509023666382,2.615371823310852,59.06543508865524,0.0,4.305550575256348,1.7353777885437012,0.0,0.04871847480535507,1.1459593772888184,1.7128796577453613,0.0,0.0,0.12237224727869034,0.06499334424734116,4.305550575256348,1.7353777885437012,0.0,0.012179618701338768,0.0,0.0,0.12237224727869034,0.06499334424734116,4.42792272567749,1.8125507831573486,0.0001569839660078287,0.00199017021805048,7.62732233852148e-05,0.0007635754300281405,7.62732233852148e-05,0.0007635754300281405,4.42792272567749,1.8125509023666382,0.20999999344348907,0.05999999865889549,0.23000000417232513,0.07999999821186066,-0.8078479766845703,-0.70671546459198,13.998620986938477,14.604959487915039,0.0,0.020408162847161293,0.0,0.0,0.0,0.0,0.0,,,,,,,,,,,,
0,env000028,18,raw,0.003,300,14.120255470275879,1.1401315927505493,12.98012387752533,91.92555973827382,0.0,9.246241569519043,0.8740527033805847,14.658866882324219,0.11155543476343155,86.41881561279297,1.5954769849777222,0.0,0.0,1.2092915773391724,0.2381850779056549,9.246241569519043,0.8740527033805847,3.6647167205810547,0.027888858690857887,0.0,0.0,1.2092915773391724,0.2381850779056549,14.12024974822998,1.1401265859603882,0.058035608381032944,0.10442839562892914,0.052785083651542664,0.04992036148905754,0.052785083651542664,0.04992036148905754,14.120255470275879,1.1401315927505493,0.4399999976158142,0.009999999776482582,0.4699999988079071,0.019999999552965164,-1.6023300886154175,-1.5559020042419434,12.17909049987793,39.31267166137695,0.06122449040412903,0.11224489659070969,0.0,0.0,0.0,0.0,0.0,0.14494743943214417,0.14494743943214417,16.50389862060547,0.0,0.49856048822402954,65.09356689453125,0.8359130620956421,0.3322865962982178,44.0,22.0,0.0,1.0
1,env000053,3,raw,0.003,300,9.467486381530762,1.186335563659668,8.281150817871094,87.46937132147367,0.0,9.181839942932129,1.100579023361206,0.9411609768867493,0.11264102160930634,4.595371723175049,2.0580027103424072,0.0,0.0,0.050355568528175354,0.05759454518556595,9.181839942932129,1.100579023361206,0.23529024422168732,0.028160255402326584,0.0,0.0,0.050355568528175354,0.05759454518556595,9.467486381530762,1.1863337755203247,0.001515784882940352,0.04264719784259796,0.0009940899908542633,0.017635293304920197,0.0009940899908542633,0.017635293304920197,9.467486381530762,1.186335563659668,0.3100000023841858,0.019999999552965164,0.33000001311302185,0.029999999329447746,-1.449889063835144,-1.3700237274169922,18.278919219970703,47.91765594482422,0.0714285746216774,0.020408162847161293,0.0,0.0,0.0,0.0,0.0,0.47631484270095825,0.47631484270095825,11.198343276977539,0.0,0.8163192272186279,48.50580596923828,0.6813069581985474,0.07592493295669556,4.0,2.0,0.0,0.0
2,env000071,1,raw,0.003,300,9.585968017578125,0.7875316143035889,8.798436403274536,91.7845374315931,1.1920928955078125e-07,8.704936981201172,0.7820428013801575,2.1023285388946533,0.0,9.352002143859863,1.3965167999267578,0.0,0.0,0.355448842048645,0.00548813259229064,8.704936981201172,0.7820428013801575,0.5255821347236633,0.0,0.0,0.0,0.355448842048645,0.00548813259229064,9.585968017578125,0.7875309586524963,0.002335905795916915,0.022037342190742493,0.0013696287060156465,0.00684271939098835,0.0013696287060156465,0.00684271939098835,9.585968017578125,0.7875316143035889,0.46000000834465027,0.009999999776482582,0.47999998927116394,0.019999999552965164,-1.420353889465332,-1.3920079469680786,16.846967697143555,41.76827621459961,0.13265305757522583,0.0,0.0,0.0,0.0,0.0,1.1920928955078125e-07,0.4709989130496979,0.4709989130496979,11.21730899810791,0.0,0.7763361930847168,43.55366897583008,0.6681986451148987,0.0766182541847229,24.0,12.0,0.0,0.0
3,env000098,15,raw,0.003,300,9.555397987365723,0.180105522274971,9.375292465090752,98.11514368618545,0.0,8.304899215698242,0.056999459862709045,3.0685720443725586,0.48719120025634766,18.43829917907715,2.6411263942718506,0.0,0.0,0.48335573077201843,0.0013080001808702946,8.304899215698242,0.056999459862709045,0.7671430110931396,0.12179780006408691,0.0,0.0,0.48335573077201843,0.0013080001808702946,9.555397987365723,0.18010525405406952,0.003083831164985895,0.005073865409940481,0.0013566215056926012,0.0026293466798961163,0.0013566215056926012,0.0026293466798961163,9.555397987365723,0.180105522274971,0.4300000071525574,0.0,0.46000000834465027,0.0,-1.275104284286499,0.26621806621551514,15.69437313079834,20.09463882446289,0.09183673560619354,0.11224489659070969,0.0,0.0,0.0,0.0,0.0,0.2877865135669708,0.2877865135669708,18.413808822631836,0.0,0.5112588405609131,22.332128524780273,0.8930447697639465,0.19498664140701294,5.0,2.0,1.0,1.0
4,env000079,19,raw,0.003,300,8.78853988647461,0.5513327121734619,8.237207174301147,93.72668589668743,0.0,8.09712028503418,0.4005233347415924,1.5660032033920288,0.0,6.3347344398498535,1.3967359066009521,0.0,0.0,0.2999192774295807,0.15080741047859192,8.09712028503418,0.4005233347415924,0.3915008008480072,0.0,0.0,0.0,0.2999192774295807,0.15080741047859192,8.78853988647461,0.5513307452201843,0.0022381783928722143,0.058562036603689194,0.001185613451525569,0.019586699083447456,0.001185613451525569,0.019586699083447456,8.78853988647461,0.5513327121734619,0.1899999976158142,0.009999999776482582,0.20000000298023224,0.009999999776482582,-1.3750029802322388,-0.731518566608429,17.062971115112305,48.438716888427734,0.13265305757522583,0.0,0.0,0.0,0.0,0.0,0.0,0.3861068785190582,0.3861068785190582,17.102638244628906,0.0,0.8368091583251953,40.04825210571289,0.7158764600753784,0.0828322172164917,46.0,23.0,0.0,0.0
5,env000064,16,raw,0.003,300,8.92863941192627,1.1586145162582397,7.77002489566803,87.02361622185525,1.0662403155947686e-06,7.7443342208862305,0.8109951019287109,3.550551652908325,1.3291045427322388,14.371979713439941,7.405237197875977,0.0,0.0,0.296662837266922,0.015338554978370667,7.7443342208862305,0.8109951019287109,0.8876379132270813,0.3322761356830597,0.0,0.0,0.296662837266922,0.015338554978370667,8.928635597229004,1.1586097478866577,0.021138811483979225,0.054540473967790604,0.039418093860149384,0.04744626581668854,0.039418093860149384,0.04744626581668854,8.92863941192627,1.1586145162582397,0.3499999940395355,0.019999999552965164,0.36000001430511475,0.029999999329447746,-1.517952561378479,-0.7080634236335754,20.390674591064453,42.352989196777344,0.09183673560619354,0.11224489659070969,0.0,0.0,0.0,0.0,1.0662403155947686e-06,0.49164485931396484,0.49164485931396484,19.662343978881836,0.0,0.7198803424835205,53.9075813293457,0.6765738725662231,0.134540855884552,12.0,6.0,0.0,1.0
6,env000073,2,raw,0.003,300,8.008231163024902,0.39261147379875183,7.6156196892261505,95.09740083913296,4.76837158203125e-07,7.717954635620117,0.383059561252594,0.45072659850120544,0.0,2.4534785747528076,1.3677996397018433,0.0,0.0,0.17759491503238678,0.009551611728966236,7.717954635620117,0.383059561252594,0.11268164962530136,0.0,0.0,0.0,0.17759491503238678,0.009551611728966236,8.008231163024902,0.39261117577552795,0.0009809486800804734,0.00919350516051054,0.00032115637441165745,0.002875872189179063,0.00032115637441165745,0.002875872189179063,8.008231163024902,0.39261147379875183,0.44999998807907104,0.009999999776482582,0.46000000834465027,0.009999999776482582,-1.1630653142929077,-0.5634886026382446,13.463128089904785,28.06909942626953,0.08163265138864517,0.0,0.0,0.0,0.0,0.0,4.76837158203125e-07,0.4514608383178711,0.4514608383178711,9.067285537719727,0.0,0.8618596196174622,23.932741165161133,0.6230144500732422,0.06332516670227051,18.0,9.0,0.0,1.0
7,env000098,8,raw,0.003,300,7.787880897521973,0.8865382075309753,6.901342689990997,88.6164385511717,4.76837158203125e-07,7.642445087432861,0.4015258848667145,0.48315685987472534,0.16667456924915314,3.610280752182007,2.5667219161987305,0.0,0.0,0.024646813049912453,0.44334176182746887,7.642445087432861,0.4015258848667145,0.12078921496868134,0.041668642312288284,0.0,0.0,0.024646813049912453,0.44334176182746887,7.787880897521973,0.8865363001823425,0.00018326443387195468,0.056093353778123856,5.838513243361376e-05,0.018996313214302063,5.838513243361376e-05,0.018996313214302063,7.787880897521973,0.8865382075309753,0.6499999761581421,0.019999999552965164,0.6800000071525574,0.019999999552965164,-1.0417883396148682,-0.37341687083244324,10.432659149169922,38.500083923339844,0.08163265138864517,0.010204081423580647,0.0,0.0,0.0,0.0,4.76837158203125e-07,0.16759268939495087,0.16759268939495087,13.832291603088379,0.0,0.784526526927948,37.24747085571289,0.6385628581047058,0.11720776557922363,47.0,23.0,1.0,1.0
8,env000075,2,raw,0.003,300,7.496397018432617,2.041198492050171,5.455198526382446,72.77093933217328,4.76837158203125e-07,7.366703510284424,1.7299790382385254,0.4088095724582672,1.1108589172363281,3.9958178997039795,9.12536907196045,0.0,0.0,0.02749105542898178,0.0335032157599926,7.366703510284424,1.7299790382385254,0.1022023931145668,0.27771472930908203,0.0,0.0,0.02749105542898178,0.0335032157599926,7.496397018432617,2.0411970615386963,0.00021959489095024765,0.0207032710313797,0.00011937230010516942,0.015349246561527252,0.00011937230010516942,0.015349246561527252,7.496397018432617,2.041198492050171,0.23999999463558197,0.07000000029802322,0.23999999463558197,0.09000000357627869,-1.2015327215194702,-0.5926576852798462,13.131914138793945,14.504701614379883,0.020408162847161293,0.020408162847161293,0.0,0.0,0.0,0.0,4.76837158203125e-07,0.09873929619789124,0.09873929619789124,21.96581268310547,0.0,0.36679792404174805,29.178255081176758,0.9375904202461243,0.4086781144142151,40.0,20.0,0.0,1.0
9,env000096,17,raw,0.003,300,9.09707260131836,0.5394618511199951,8.557610750198364,94.06994013610691,4.76837158203125e-07,7.362326622009277,0.09950228780508041,6.255550384521484,0.009347009472548962,20.397174835205078,1.4421364068984985,0.0,0.0,0.17085610330104828,0.4376227557659149,7.362326622009277,0.09950228780508041,1.563887596130371,0.0023367523681372404,0.0,0.0,0.17085610330104828,0.4376227557659149,9.097070693969727,0.5394617915153503,0.010512541979551315,0.002533515216782689,0.016807854175567627,0.0006685556727461517,0.016807854175567627,0.0006685556727461517,9.09707260131836,0.5394618511199951,0.5299999713897705,0.0,0.5699999928474426,0.009999999776482582,-1.1404790878295898,0.1195327639579773,12.051583290100098,22.523799896240234,0.1734693944454193,0.030612245202064514,0.0,0.0,0.0,0.0,4.76837158203125e-07,0.38526755571365356,0.38526755571365356,13.480255126953125,0.0,0.7497742772102356,17.131399154663086,0.7699525952339172,0.18111127614974976,30.0,15.0,0.0,0.0
10,env000064,13,raw,0.003,300,7.484281539916992,1.1356900930404663,6.348591446876526,84.82566313168034,4.76837158203125e-07,7.218011856079102,0.9142849445343018,0.9054061770439148,0.0970466360449791,4.711853504180908,1.7930057048797607,0.0,0.0,0.0399177223443985,0.19714300334453583,7.218011856079102,0.9142849445343018,0.2263515442609787,0.024261659011244774,0.0,0.0,0.0399177223443985,0.19714300334453583,7.484281539916992,1.135689616203308,0.0009170506964437664,0.014455541037023067,0.0005336567992344499,0.004994518123567104,0.0005336567992344499,0.004994518123567104,7.484281539916992,1.1356900930404663,0.3499999940395355,0.03999999910593033,0.36000001430511475,0.03999999910593033,-1.1648136377334595,-0.5732295513153076,17.778169631958008,31.259395599365234,0.051020409911870956,0.020408162847161293,0.0,0.0,0.0,0.0,4.76837158203125e-07,0.4328294098377228,0.4328294098377228,10.528029441833496,0.0,0.8676889538764954,25.32456398010254,0.6422411799430847,0.05790865421295166,6.0,3.0,0.0,1.0
11,env000065,9,raw,0.003,300,8.620216369628906,0.1426796168088913,8.477536752820015,98.34482557408204,7.152557373046875e-07,7.197836399078369,0.1294347494840622,3.9372096061706543,0.0,15.7604398727417,1.3898568153381348,0.0,0.0,0.43807774782180786,0.01324426755309105,7.197836399078369,0.1294347494840622,0.9843024015426636,0.0,0.0,0.0,0.43807774782180786,0.01324426755309105,8.620216369628906,0.14267902076244354,0.0006508479127660394,0.020373748615384102,0.00038926940760575235,0.005891694221645594,0.00038926940760575235,0.005891694221645594,8.620216369628906,0.1426796168088913,0.30000001192092896,0.009999999776482582,0.33000001311302185,0.009999999776482582,-1.1581223011016846,-0.09071929007768631,9.151106834411621,37.53413772583008,0.23469388484954834,0.0,0.0,0.0,0.0,0.0,7.152557373046875e-07,0.2434191256761551,0.2434191256761551,13.189691543579102,0.0,0.6514241695404053,52.25552749633789,0.7645084261894226,0.227586030960083,37.0,18.0,1.0,1.0
12,env000065,15,raw,0.003,300,7.356253623962402,0.4755101799964905,6.880743443965912,93.5359735498032,4.76837158203125e-07,7.1496710777282715,0.299350380897522,0.5131604075431824,0.21743538975715637,4.190434455871582,2.886564254760742,0.0,0.0,0.07829213887453079,0.1217886358499527,7.1496710777282715,0.299350380897522,0.1282901018857956,0.05435884743928909,0.0,0.0,0.07829213887453079,0.1217886358499527,7.356253623962402,0.475497841835022,0.0005930943298153579,0.0894390344619751,0.0005902958801016212,0.123334601521492,0.0005902958801016212,0.123334601521492,7.356253623962402,0.4755101799964905,0.3499999940395355,0.019999999552965164,0.3700000047683716,0.029999999329447746,-1.3337466716766357,-0.15158997476100922,17.014572143554688,37.42399978637695,0.020408162847161293,0.020408162847161293,0.0,0.0,0.0,0.0,4.76837158203125e-07,0.22771863639354706,0.22771863639354706,12.399147987365723,0.0,0.6900039315223694,39.334381103515625,0.7063004970550537,0.1177210807800293,46.0,23.0,0.0,1.0
13,env000040,9,raw,0.003,300,7.489537715911865,0.7031075358390808,6.786430180072784,90.61213705693348,3.5762786865234375e-07,7.1184797286987305,0.6569446921348572,1.082521677017212,0.05672557279467583,5.784343242645264,1.7783294916152954,0.0,0.0,0.10042756795883179,0.031980860978364944,7.1184797286987305,0.6569446921348572,0.270630419254303,0.014181393198668957,0.0,0.0,0.10042756795883179,0.031980860978364944,7.489537715911865,0.7031069397926331,0.0007529027061536908,0.01993706449866295,0.00031376429251395166,0.005945391952991486,0.00031376429251395166,0.005945391952991486,7.489537715911865,0.7031075358390808,0.20000000298023224,0.009999999776482582,0.20000000298023224,0.019999999552965164,-1.3597196340560913,-1.124945044517517,14.400762557983398,33.80554962158203,0.09183673560619354,0.020408162847161293,0.0,0.0,0.0,0.0,3.5762786865234375e-07,0.2773740887641907,0.2773740887641907,15.596485137939453,0.0,0.5642611980438232,54.69380569458008,0.8204131722450256,0.22792911529541016,22.0,11.0,0.0,1.0
14,env000070,19,raw,0.003,300,7.523976802825928,0.007412412203848362,7.516564390622079,99.90148278765209,7.152557373046875e-07,7.09885311126709,9.172748832497746e-05,1.2345690727233887,0.0,5.928017616271973,1.1880968809127808,0.0,0.0,0.1164812445640564,0.007320615462958813,7.09885311126709,9.172748832497746e-05,0.30864226818084717,0.0,0.0,0.0,0.1164812445640564,0.007320615462958813,7.523976802825928,0.007412342820316553,0.0022400931920856237,0.0024126500356942415,0.0012174027506262064,0.0006929778028279543,0.0012174027506262064,0.0006929778028279543,7.523976802825928,0.007412412203848362,0.25,0.0,0.2800000011920929,0.0,-1.1937187910079956,0.8992172479629517,19.23587417602539,23.371768951416016,0.0714285746216774,0.0,0.0,0.0,0.0,0.0,7.152557373046875e-07,0.3696870505809784,0.3696870505809784,16.64562225341797,0.0,0.5216371417045593,17.711698532104492,0.8889898657798767,0.2777087688446045,45.0,22.0,1.0,1.0
15,env000071,13,raw,0.003,300,7.703134536743164,0.9791688323020935,6.723965704441071,87.28869621020432,1.430511474609375e-06,6.839238166809082,0.7861859202384949,1.830457329750061,0.7350648641586304,7.129632472991943,2.6811861991882324,0.0,0.0,0.4062812626361847,0.009214721620082855,6.839238166809082,0.7861859202384949,0.45761433243751526,0.1837662160396576,0.0,0.0,0.4062812626361847,0.009214721620082855,7.703134059906006,0.9791668057441711,0.0025863877963274717,0.03320896625518799,0.002672641770914197,0.020032599568367004,0.002672641770914197,0.020032599568367004,7.703134536743164,0.9791688323020935,0.18000000715255737,0.019999999552965164,0.2199999988079071,0.019999999552965164,-1.4003098011016846,-0.7287805080413818,19.29998779296875,36.76000213623047,0.0714285746216774,0.27551019191741943,0.0,0.0,0.0,0.0,1.430511474609375e-06,0.5833560824394226,0.5833560824394226,9.325439453125,0.0,0.7696362137794495,40.435089111328125,0.6935767531394958,0.07582217454910278,46.0,23.0,0.0,1.0
16,env000065,10,raw,0.003,300,7.071628093719482,0.24927155673503876,6.822356536984444,96.47504714004369,4.76837158203125e-07,6.756982803344727,0.04656117781996727,1.12558913230896,0.0,3.999455690383911,1.3465839624404907,0.0,0.0,0.03324776515364647,0.2027101218700409,6.756982803344727,0.04656117781996727,0.28139728307724,0.0,0.0,0.0,0.03324776515364647,0.2027101218700409,7.071628093719482,0.24927130341529846,0.0022806725464761257,0.007782904896885157,0.0017824330134317279,0.0024603165220469236,0.0017824330134317279,0.0024603165220469236,7.071628093719482,0.24927155673503876,0.20000000298023224,0.0,0.20999999344348907,0.0,-1.3281208276748657,0.19430236518383026,19.30569076538086,24.65371322631836,0.10204081982374191,0.0,0.0,0.0,0.0,0.0,4.76837158203125e-07,0.6771074533462524,0.6771074533462524,9.147558212280273,0.0,0.841074526309967,15.237704277038574,0.5716580748558044,0.06064486503601074,7.0,3.0,1.0,0.0
17,env000075,7,raw,0.003,300,7.0244855880737305,0.17834486067295074,6.84614072740078,97.461097208659,9.5367431640625e-07,6.667773246765137,0.026660488918423653,1.072521686553955,0.5655645132064819,6.4588623046875,3.046905279159546,0.0,0.0,0.0885821282863617,0.01029256358742714,6.667773246765137,0.026660488918423653,0.26813042163848877,0.14139112830162048,0.0,0.0,0.0885821282863617,0.01029256358742714,7.0244855880737305,0.17834417521953583,0.0011678581358864903,0.011445892043411732,0.0006918186554685235,0.006842922884970903,0.0006918186554685235,0.006842922884970903,7.0244855880737305,0.17834486067295074,0.3499999940395355,0.0,0.3499999940395355,0.0,-0.985809326171875,0.2672354280948639,17.328445434570312,35.826839447021484,0.06122449040412903,0.08163265138864517,0.0,0.0,0.0,0.0,9.5367431640625e-07,0.4711049497127533,0.4711049497127533,10.367698669433594,0.0,0.8834268450737,25.4728946685791,0.6079452037811279,0.04790687561035156,6.0,3.0,0.0,0.0
18,env000040,2,raw,0.003,300,6.724930286407471,0.11189146339893341,6.613038823008537,98.33616917003452,0.0,6.594912528991699,0.0753980502486229,0.14460313320159912,0.12357499450445175,2.412221908569336,2.2650249004364014,0.0,0.0,0.09386701881885529,0.005599275231361389,6.594912528991699,0.0753980502486229,0.03615078330039978,0.030893748626112938,0.0,0.0,0.09386701881885529,0.005599275231361389,6.724930286407471,0.11189107596874237,0.0002974335220642388,0.006715926807373762,0.0002380073710810393,0.0038389465771615505,0.0002380073710810393,0.0038389465771615505,6.724930286407471,0.11189146339893341,0.23000000417232513,0.0,0.25,0.0,-1.262349247932434,0.21988090872764587,19.834102630615234,28.585697174072266,0.010204081423580647,0.010204081423580647,0.0,0.0,0.0,0.0,0.0,0.19006158411502838,0.19006158411502838,15.939745903015137,0.0,0.6089040637016296,28.881553649902344,0.832857608795166,0.23021048307418823,38.0,19.0,0.0,0.0
19,env000075,3,raw,0.003,300,6.672563076019287,0.1504693478345871,6.5220937281847,97.7449542833793,9.5367431640625e-07,6.478545665740967,0.026284988969564438,0.5160455703735352,0.4418713450431824,4.00889253616333,2.448012590408325,0.0,0.0,0.0650056004524231,0.013716195710003376,6.478545665740967,0.026284988969564438,0.1290113925933838,0.1104678362607956,0.0,0.0,0.0650056004524231,0.013716195710003376,6.672563076019287,0.15046902000904083,0.0009444071911275387,0.0072454893961548805,0.0005373008316382766,0.0033525193575769663,0.0005373008316382766,0.0033525193575769663,6.672563076019287,0.1504693478345871,0.38999998569488525,0.0,0.4300000071525574,0.0,-0.9833016395568848,0.2933464050292969,17.729267120361328,29.094024658203125,0.051020409911870956,0.10204081982374191,0.0,0.0,0.0,0.0,9.5367431640625e-07,0.5290111899375916,0.5290111899375916,8.776922225952148,0.0,0.7387235760688782,22.393667221069336,0.7737136483192444,0.09282100200653076,6.0,3.0,0.0,0.0
20,env000053,7,raw,0.003,300,6.983806133270264,0.35237887501716614,6.6314272582530975,94.95434340110813,4.76837158203125e-07,6.367966175079346,0.3399890959262848,1.573495864868164,0.0,7.635694980621338,1.274787187576294,0.0,0.0,0.22246608138084412,0.012389241717755795,6.367966175079346,0.3399890959262848,0.393373966217041,0.0,0.0,0.0,0.22246608138084412,0.012389241717755795,6.983806133270264,0.35237833857536316,0.0011538192629814148,0.017491508275270462,0.0006142366910353303,0.0053888349793851376,0.0006142366910353303,0.0053888349793851376,6.983806133270264,0.35237887501716614,0.23999999463558197,0.009999999776482582,0.25999999046325684,0.009999999776482582,-0.9221231937408447,-0.553264319896698,14.853523254394531,27.55532455444336,0.09183673560619354,0.0,0.0,0.0,0.0,0.0,4.76837158203125e-07,0.3543124496936798,0.3543124496936798,13.637068748474121,0.0,0.5073742270469666,41.985809326171875,0.8761466145515442,0.2252582311630249,4.0,2.0,0.0,1.0
21,env000073,19,raw,0.003,300,6.364980220794678,1.3686060905456543,4.996374130249023,78.49787362929493,4.76837158203125e-07,6.147644996643066,1.2817726135253906,0.6050187349319458,0.17800721526145935,3.70969820022583,1.9936156272888184,0.0,0.0,0.06608045101165771,0.04233124479651451,6.147644996643066,1.2817726135253906,0.15125468373298645,0.04450180381536484,0.0,0.0,0.06608045101165771,0.04233124479651451,6.364980220794678,1.368605613708496,0.000620177888777107,0.010196358896791935,0.0002927319728769362,0.004270256496965885,0.0002927319728769362,0.004270256496965885,6.364980220794678,1.3686060905456543,0.4699999988079071,0.03999999910593033,0.550000011920929,0.07999999821186066,-0.8596760034561157,-0.5572248697280884,14.311005592346191,21.334787368774414,0.09183673560619354,0.08163265138864517,0.0,0.0,0.0,0.0,4.76837158203125e-07,0.28071847558021545,0.28071847558021545,14.598082542419434,0.0,0.6205036640167236,26.825626373291016,0.8078761100769043,0.10853064060211182,47.0,23.0,1.0,0.0
22,env000079,2,raw,0.003,300,6.7893171310424805,0.04521440342068672,6.744102727621794,99.33403606654409,3.5762786865234375e-07,6.101341247558594,0.04090941324830055,1.6279398202896118,0.0,6.174586296081543,1.342574119567871,0.0,0.0,0.2809908986091614,0.0043042926117777824,6.101341247558594,0.04090941324830055,0.40698495507240295,0.0,0.0,0.0,0.2809908986091614,0.0043042926117777824,6.7893171310424805,0.04521370679140091,0.00209315144456923,0.012346065603196621,0.0016325260512530804,0.006957880686968565,0.0016325260512530804,0.006957880686968565,6.7893171310424805,0.04521440342068672,0.23000000417232513,0.0,0.25,0.009999999776482582,-1.2548145055770874,0.1488037109375,18.694568634033203,32.59238052368164,0.12244898080825806,0.0,0.0,0.0,0.0,0.0,3.5762786865234375e-07,0.52047199010849,0.52047199010849,11.304019927978516,0.0,0.81822669506073,23.178691864013672,0.6923535466194153,0.06911587715148926,4.0,2.0,0.0,1.0
23,env000070,11,raw,0.003,300,6.266687870025635,1.1317282915115356,5.134959578514099,81.94056709087529,4.76837158203125e-07,5.864142417907715,1.090203881263733,1.183672308921814,0.1136399507522583,5.702882289886475,1.7065051794052124,0.0,0.0,0.10662756115198135,0.013114266097545624,5.864142417907715,1.090203881263733,0.2959180772304535,0.028409987688064575,0.0,0.0,0.10662756115198135,0.013114266097545624,6.266687870025635,1.1317280530929565,0.0015367827145382762,0.006872272584587336,0.0010147077264264226,0.0027633875142782927,0.0010147077264264226,0.0027633875142782927,6.266687870025635,1.1317282915115356,0.15000000596046448,0.029999999329447746,0.1599999964237213,0.05000000074505806,-1.3546222448349,-0.64019775390625,18.023086547851562,23.39897346496582,0.12244898080825806,0.10204081982374191,0.0,0.0,0.0,0.0,4.76837158203125e-07,0.5685333013534546,0.5685333013534546,9.944540023803711,0.0,0.7328235507011414,20.392425537109375,0.7818498015403748,0.09054195880889893,46.0,23.0,0.0,1.0
24,env000028,13,raw,0.003,300,6.207947731018066,0.3255719542503357,5.882375776767731,94.75556225089312,5.960464477539062e-07,5.815141201019287,0.3221762776374817,1.059112310409546,0.0,6.427130222320557,1.3862619400024414,0.0,0.0,0.12802855670452118,0.0033953627571463585,5.815141201019287,0.3221762776374817,0.2647780776023865,0.0,0.0,0.0,0.12802855670452118,0.0033953627571463585,6.207947731018066,0.32557162642478943,0.0011470462195575237,0.013797037303447723,0.00048763497034087777,0.0032300131861120462,0.00048763497034087777,0.0032300131861120462,6.207947731018066,0.3255719542503357,0.25,0.009999999776482582,0.25999999046325684,0.009999999776482582,-0.9878916144371033,-0.4983977973461151,15.4537992477417,37.58753204345703,0.09183673560619354,0.0,0.0,0.0,0.0,0.0,5.960464477539062e-07,0.3136422634124756,0.3136422634124756,16.08830451965332,0.0,0.6101509928703308,41.48402404785156,0.814581573009491,0.1782577633857727,32.0,16.0,0.0,1.0
25,env000079,12,raw,0.003,300,6.091620445251465,0.4959951937198639,5.595625251531601,91.85774625688471,9.5367431640625e-07,5.7524495124816895,0.47482821345329285,0.5848804116249084,0.03964867442846298,4.15732479095459,1.6553575992584229,0.0,0.0,0.19295062124729156,0.011254633776843548,5.7524495124816895,0.47482821345329285,0.1462201029062271,0.009912168607115746,0.0,0.0,0.19295062124729156,0.011254633776843548,6.091620445251465,0.49599501490592957,0.0006182498182170093,0.005001567769795656,0.0001306762860622257,0.00190230633597821,0.0001306762860622257,0.00190230633597821,6.091620445251465,0.4959951937198639,0.3199999928474426,0.009999999776482582,0.3499999940395355,0.019999999552965164,-0.946955144405365,-0.5056445598602295,11.135222434997559,18.894672393798828,0.08163265138864517,0.020408162847161293,0.0,0.0,0.0,0.0,9.5367431640625e-07,0.15569569170475006,0.15569569170475006,16.27873420715332,0.0,0.5665040016174316,22.617919921875,0.8622857332229614,0.18782079219818115,19.0,9.0,1.0,0.0
26,env000028,14,raw,0.003,300,6.223657131195068,0.46664178371429443,5.757015347480774,92.50212899140396,4.76837158203125e-07,5.712491512298584,0.46605437994003296,0.9094993472099304,0.0,5.455227375030518,1.392293095588684,0.0,0.0,0.28379079699516296,0.0005862578982487321,5.712491512298584,0.46605437994003296,0.2273748368024826,0.0,0.0,0.0,0.28379079699516296,0.0005862578982487321,6.223657131195068,0.4666406512260437,0.0010685987072065473,0.038660380989313126,0.0002656886645127088,0.011361305601894855,0.0002656886645127088,0.011361305601894855,6.223657131195068,0.46664178371429443,0.15000000596046448,0.009999999776482582,0.1899999976158142,0.009999999776482582,-0.999423623085022,-0.8929868340492249,11.715460777282715,48.871463775634766,0.13265305757522583,0.0,0.0,0.0,0.0,0.0,4.76837158203125e-07,0.21523380279541016,0.21523380279541016,17.61656379699707,0.0,0.6811676621437073,40.89240264892578,0.832332968711853,0.2377021312713623,47.0,23.0,1.0,0.0
27,env000028,1,raw,0.003,300,6.269633769989014,0.0014167171902954578,6.268217052798718,99.97740350964236,4.76837158203125e-07,5.542807102203369,4.745678961626254e-05,1.9245684146881104,0.0,8.285565376281738,1.3148388862609863,0.0,0.0,0.24568462371826172,0.0013692252105101943,5.542807102203369,4.745678961626254e-05,0.4811421036720276,0.0,0.0,0.0,0.24568462371826172,0.0013692252105101943,6.269633769989014,0.001416682032868266,0.001287693390622735,0.001209922251291573,0.0009067155187949538,0.00035149723407812417,0.0009067155187949538,0.00035149723407812417,6.269633769989014,0.0014167171902954578,0.23000000417232513,0.0,0.23999999463558197,0.0,-1.113179087638855,0.9645776152610779,16.444599151611328,21.73451805114746,0.051020409911870956,0.0,0.0,0.0,0.0,0.0,4.76837158203125e-07,0.1641249805688858,0.1641249805688858,19.98012351989746,0.0,0.529302716255188,16.165447235107422,0.9119037389755249,0.2961181402206421,14.0,7.0,0.0,1.0
28,env000013,19,raw,0.003,300,6.320464611053467,0.2565993368625641,6.063865274190903,95.94018236548918,9.5367431640625e-07,5.530374526977539,0.10736427456140518,2.2372710704803467,0.4801962375640869,14.650497436523438,2.727202892303467,0.0,0.0,0.230772465467453,0.029185814782977104,5.530374526977539,0.10736427456140518,0.5593177676200867,0.12004905939102173,0.0,0.0,0.230772465467453,0.029185814782977104,6.320464611053467,0.2565991282463074,0.0017268251394852996,0.011129406280815601,0.0009968060767278075,0.0021127646323293447,0.0009968060767278075,0.0021127646323293447,6.320464611053467,0.2565993368625641,0.4399999976158142,0.0,0.5099999904632568,0.009999999776482582,-0.7944350838661194,0.12530747056007385,13.125657081604004,36.65078353881836,0.16326530277729034,0.051020409911870956,0.0,0.0,0.0,0.0,9.5367431640625e-07,0.2929214835166931,0.2929214835166931,15.053845405578613,0.0,0.5912307500839233,42.649925231933594,0.8550912737846375,0.25144684314727783,44.0,22.0,0.0,0.0
29,env000071,18,raw,0.003,300,5.786039352416992,0.5533943176269531,5.232645034790039,90.43569730655591,4.76837158203125e-07,5.4339919090271,0.3928843140602112,1.1028525829315186,0.4469444155693054,5.40048885345459,2.7089829444885254,0.0,0.0,0.07633424550294876,0.04877341166138649,5.4339919090271,0.3928843140602112,0.27571314573287964,0.11173610389232635,0.0,0.0,0.07633424550294876,0.04877341166138649,5.786039352416992,0.5533938407897949,0.0018261580262333155,0.007779636420309544,0.0012026362819597125,0.004562810529023409,0.0012026362819597125,0.004562810529023409,5.786039352416992,0.5533943176269531,0.23999999463558197,0.009999999776482582,0.25,0.019999999552965164,-1.1245759725570679,-0.4334383010864258,20.093507766723633,24.763566970825195,0.0714285746216774,0.11224489659070969,0.0,0.0,0.0,0.0,4.76837158203125e-07,0.6550530791282654,0.6550530791282654,10.118685722351074,0.0,0.7943845987319946,19.027067184448242,0.6493592262268066,0.093353271484375,44.0,22.0,0.0,0.0
30,env000098,1,raw,0.003,300,5.704447269439697,0.015249425545334816,5.6891978438943624,99.73267479170103,0.0,5.372555732727051,0.009843369014561176,1.1325700283050537,0.0,3.917875289916992,1.22598135471344,0.0,0.0,0.048748843371868134,0.005405146162956953,5.372555732727051,0.009843369014561176,0.2831425070762634,0.0,0.0,0.0,0.048748843371868134,0.005405146162956953,5.704447269439697,0.015248514711856842,0.0025301743298768997,0.02596292272210121,0.001680782763287425,0.009109319187700748,0.001680782763287425,0.009109319187700748,5.704447269439697,0.015249425545334816,0.2199999988079071,0.0,0.23000000417232513,0.0,-1.108766794204712,0.3668235242366791,18.686616897583008,51.31243896484375,0.10204081982374191,0.0,0.0,0.0,0.0,0.0,0.0,0.5993808507919312,0.5993808507919312,10.503613471984863,0.0,0.7858803868293762,45.33213424682617,0.6570032238960266,0.08178126811981201,22.0,11.0,0.0,0.0
31,env000098,16,raw,0.003,300,5.565361022949219,0.2553611397743225,5.309999883174896,95.41159794088254,5.331201577973843e-07,5.291801452636719,0.24796797335147858,0.6089732050895691,0.00010855197615455836,3.949209451675415,1.4007598161697388,0.0,0.0,0.1213165670633316,0.007365827448666096,5.291801452636719,0.24796797335147858,0.15224330127239227,2.713799403863959e-05,0.0,0.0,0.1213165670633316,0.007365827448666096,5.565361022949219,0.2553609311580658,0.00039980633300729096,0.007106543984264135,0.00013135719927959144,0.002009480958804488,0.00013135719927959144,0.002009480958804488,5.565361022949219,0.2553611397743225,0.5,0.009999999776482582,0.5099999904632568,0.009999999776482582,-0.7831811904907227,-0.40000003576278687,10.90953254699707,29.240671157836914,0.19387754797935486,0.010204081423580647,0.0,0.0,0.0,0.0,5.331201577973843e-07,0.28027763962745667,0.28027763962745667,13.758243560791016,0.0,0.6972160339355469,27.871788024902344,0.7680730819702148,0.12374353408813477,9.0,4.0,1.0,0.0
32,env000096,12,raw,0.003,300,5.7118635177612305,0.4145009219646454,5.297362595796585,92.74315780347796,9.5367431640625e-07,5.290597438812256,0.3657870888710022,1.2809665203094482,0.1639830768108368,5.755921363830566,2.1094820499420166,0.0,0.0,0.10102473944425583,0.007716691587120295,5.290597438812256,0.3657870888710022,0.32024163007736206,0.0409957692027092,0.0,0.0,0.10102473944425583,0.007716691587120295,5.7118635177612305,0.41449955105781555,0.001472978969104588,0.024607060477137566,0.0009617224568501115,0.013754251413047314,0.0009617224568501115,0.013754251413047314,5.7118635177612305,0.4145009219646454,0.25,0.009999999776482582,0.25999999046325684,0.029999999329447746,-1.1398873329162598,-0.405914306640625,17.837799072265625,34.55554962158203,0.0714285746216774,0.030612245202064514,0.0,0.0,0.0,0.0,9.5367431640625e-07,0.39658328890800476,0.39658328890800476,13.264824867248535,0.0,0.6180150508880615,44.16313552856445,0.8341895937919617,0.14140480756759644,8.0,4.0,0.0,1.0
33,env000079,8,raw,0.003,300,7.90544319152832,1.0470184087753296,6.858424782752991,86.75572787750417,4.76837158203125e-07,5.261393070220947,1.0432102680206299,7.678278923034668,0.007861113175749779,29.865516662597656,1.4496803283691406,0.0,0.0,0.7244797945022583,0.0018420261330902576,5.261393070220947,1.0432102680206299,1.919569730758667,0.0019652782939374447,0.0,0.0,0.7244797945022583,0.0018420261330902576,7.905442237854004,1.0470175743103027,0.013744250871241093,0.016035033389925957,0.010130765847861767,0.008148840628564358,0.010130765847861767,0.008148840628564358,7.90544319152832,1.0470184087753296,0.17000000178813934,0.029999999329447746,0.20000000298023224,0.029999999329447746,-0.9321944713592529,-0.760756254196167,14.330057144165039,23.6646728515625,0.18367347121238708,0.030612245202064514,0.0,0.0,0.0,0.0,4.76837158203125e-07,0.3539060354232788,0.3539060354232788,14.660651206970215,0.0,0.6337264180183411,22.274991989135742,0.7974293231964111,0.1435949206352234,2.0,1.0,0.0,0.0
34,env000099,0,raw,0.003,300,5.478332996368408,0.9032841324806213,4.575048863887787,83.51169720644201,1.1920928955078125e-07,5.261017799377441,0.8085048198699951,0.6094968914985657,0.35910290479660034,4.490671634674072,3.320283889770508,0.0,0.0,0.06494078040122986,0.005000011529773474,5.261017799377441,0.8085048198699951,0.15237422287464142,0.08977572619915009,0.0,0.0,0.06494078040122986,0.005000011529773474,5.478332996368408,0.9032805562019348,0.0004743022145703435,0.05137060582637787,0.0002943398430943489,0.035974837839603424,0.0002943398430943489,0.035974837839603424,5.478332996368408,0.9032841324806213,0.33000001311302185,0.019999999552965164,0.3700000047683716,0.03999999910593033,-0.985522449016571,-0.9855223894119263,16.158056259155273,38.1325569152832,0.020408162847161293,0.051020409911870956,0.0,0.0,0.0,0.0,1.1920928955078125e-07,0.2236901819705963,0.2236901819705963,12.619253158569336,0.0,0.4465929865837097,73.9743881225586,0.9622809886932373,0.21592563390731812,8.0,4.0,0.0,0.0
35,env000082,19,raw,0.003,300,9.41952133178711,0.11848807334899902,9.30103325843811,98.74210090751481,4.76837158203125e-07,5.241971015930176,0.10324687510728836,15.901652336120605,0.03262493759393692,87.81346893310547,1.5212148427963257,0.0,0.0,0.20212426781654358,0.007083457428961992,5.241971015930176,0.10324687510728836,3.9754130840301514,0.00815623439848423,0.0,0.0,0.20212426781654358,0.007083457428961992,9.419508934020996,0.11848656833171844,0.11758731305599213,0.04226991534233093,0.12666091322898865,0.015053541399538517,0.12666091322898865,0.015053541399538517,9.41952133178711,0.11848807334899902,0.18000000715255737,0.009999999776482582,0.1899999976158142,0.009999999776482582,-0.9981019496917725,-0.024912841618061066,10.83808422088623,54.996177673339844,0.09183673560619354,0.020408162847161293,0.0,0.0,0.0,0.0,4.76837158203125e-07,0.21053114533424377,0.21053114533424377,18.77751350402832,0.0,0.7974995970726013,54.16088104248047,0.6318954825401306,0.14677822589874268,12.0,6.0,0.0,0.0
36,env000099,14,raw,0.003,300,5.648659706115723,0.4862634539604187,5.162396252155304,91.3915250827741,9.5367431640625e-07,5.134138584136963,0.12134042382240295,1.2859346866607666,0.6676341891288757,6.893893718719482,4.188253402709961,0.0,0.0,0.19303756952285767,0.19801373779773712,5.134138584136963,0.12134042382240295,0.32148367166519165,0.16690854728221893,0.0,0.0,0.19303756952285767,0.19801373779773712,5.648659706115723,0.4862626791000366,0.0013719272101297975,0.016658013686537743,0.0011773704318329692,0.007739376742392778,0.0011773704318329692,0.007739376742392778,5.648659706115723,0.4862634539604187,0.33000001311302185,0.0,0.3799999952316284,0.009999999776482582,-0.7734652161598206,0.09911660104990005,17.89023208618164,34.27048110961914,0.12244898080825806,0.040816325694322586,0.0,0.0,0.0,0.0,9.5367431640625e-07,0.5108252763748169,0.5108252763748169,10.740352630615234,0.0,0.7731229066848755,29.386606216430664,0.7644068598747253,0.09604424238204956,46.0,23.0,0.0,1.0
37,env000062,8,raw,0.003,300,5.31779670715332,0.40668609738349915,4.911110609769821,92.35235719266142,4.76837158203125e-07,5.088995933532715,0.16007012128829956,0.8687580227851868,0.8643947839736938,3.602137565612793,3.29402756690979,0.0,0.0,0.011611586436629295,0.030515918508172035,5.088995933532715,0.16007012128829956,0.2171895056962967,0.21609869599342346,0.0,0.0,0.011611586436629295,0.030515918508172035,5.31779670715332,0.4066847264766693,0.0024837974924594164,0.026199499145150185,0.0017286880174651742,0.013581798411905766,0.0017286880174651742,0.013581798411905766,5.31779670715332,0.40668609738349915,0.14000000059604645,0.0,0.20999999344348907,0.009999999776482582,-1.108399510383606,0.13223351538181305,21.07982635498047,32.68328094482422,0.06122449040412903,0.30612245202064514,0.0,0.0,0.0,0.0,4.76837158203125e-07,0.6810523867607117,0.6810523867607117,10.176168441772461,0.0,0.7274402379989624,39.33247375488281,0.7336605787277222,0.12636250257492065,41.0,20.0,1.0,0.0
38,env000098,5,raw,0.003,300,5.320549488067627,0.11088062077760696,5.20966886729002,97.91599305623829,9.5367431640625e-07,4.924315929412842,0.10645222663879395,1.1506017446517944,0.000574088073335588,4.808611869812012,1.4040186405181885,0.0,0.0,0.10858277976512909,0.004284197930246592,4.924315929412842,0.10645222663879395,0.2876504361629486,0.000143522018333897,0.0,0.0,0.10858277976512909,0.004284197930246592,5.320549488067627,0.11087994277477264,0.0014947816962376237,0.025507021695375443,0.000890483264811337,0.006815478205680847,0.000890483264811337,0.006815478205680847,5.320549488067627,0.11088062077760696,0.14000000059604645,0.0,0.14000000059604645,0.019999999552965164,-1.1577627658843994,0.0029663252644240856,17.642255783081055,46.80072021484375,0.12244898080825806,0.010204081423580647,0.0,0.0,0.0,0.0,9.5367431640625e-07,0.43901965022087097,0.43901965022087097,14.972840309143066,0.0,0.771549642086029,47.18052673339844,0.6125285029411316,0.08240580558776855,26.0,13.0,0.0,0.0
39,env000073,13,raw,0.003,300,5.519256591796875,0.5751055479049683,4.944151043891907,89.58001791836001,5.960464477539062e-07,4.815986633300781,0.26700398325920105,1.7466539144515991,1.1850045919418335,9.107224464416504,3.4574790000915527,0.0,0.0,0.26660650968551636,0.01184836681932211,4.815986633300781,0.26700398325920105,0.4366634786128998,0.2962511479854584,0.0,0.0,0.26660650968551636,0.01184836681932211,5.519256591796875,0.5751035213470459,0.0011760153574869037,0.029008397832512856,0.0005749257397837937,0.02048434503376484,0.0005749257397837937,0.02048434503376484,5.519256591796875,0.5751055479049683,0.36000001430511475,0.0,0.38999998569488525,0.019999999552965164,-0.7322248816490173,0.029113778844475746,13.819314002990723,26.12269401550293,0.15306122601032257,0.3163265287876129,0.0,0.0,0.0,0.0,5.960464477539062e-07,0.2510174810886383,0.2510174810886383,19.027099609375,0.0,0.5739113092422485,41.240970611572266,0.8519583344459534,0.21140384674072266,21.0,10.0,1.0,0.0
40,env000082,13,raw,0.003,300,5.346995830535889,0.02877023257315159,5.318225597962737,99.46193650631166,9.5367431640625e-07,4.762782096862793,0.022557420656085014,1.414964199066162,0.0,8.570147514343262,1.381515383720398,0.0,0.0,0.2304723709821701,0.006212616804987192,4.762782096862793,0.022557420656085014,0.3537410497665405,0.0,0.0,0.0,0.2304723709821701,0.006212616804987192,5.346995830535889,0.02877003699541092,0.0007965219556353986,0.006743091158568859,0.0004388542438391596,0.0019518670160323381,0.0004388542438391596,0.0019518670160323381,5.346995830535889,0.02877023257315159,0.17000000178813934,0.0,0.18000000715255737,0.0,-0.8229737877845764,0.2332776039838791,13.993376731872559,19.980106353759766,0.051020409911870956,0.0,0.0,0.0,0.0,0.0,9.5367431640625e-07,0.1725582480430603,0.1725582480430603,14.672579765319824,0.0,0.3332598805427551,51.56591033935547,1.016079068183899,0.38283538818359375,35.0,17.0,1.0,1.0
41,env000062,16,raw,0.003,300,5.432032585144043,0.7031328678131104,4.728899717330933,87.05580541368448,0.0,4.7547760009765625,0.5975138545036316,1.448505163192749,0.38673919439315796,6.645833492279053,2.094774007797241,0.0,0.0,0.31513020396232605,0.008933299221098423,4.7547760009765625,0.5975138545036316,0.36212629079818726,0.09668479859828949,0.0,0.0,0.31513020396232605,0.008933299221098423,5.432032585144043,0.7031319737434387,0.0027631730772554874,0.016630282625555992,0.0023637902922928333,0.008983130566775799,0.0023637902922928333,0.008983130566775799,5.432032585144043,0.7031328678131104,0.20999999344348907,0.019999999552965164,0.23000000417232513,0.019999999552965164,-0.7984116077423096,-0.5306234359741211,18.971744537353516,25.115488052368164,0.08163265138864517,0.2551020383834839,0.0,0.0,0.0,0.0,0.0,0.5750002861022949,0.5750002861022949,8.628080368041992,0.0,0.6452533602714539,26.771697998046875,0.8151877522468567,0.11564671993255615,4.0,2.0,0.0,0.0
42,env000062,11,raw,0.003,300,4.876251697540283,0.8109106421470642,4.065341055393219,83.37020538631937,1.1920928955078125e-07,4.752430438995361,0.4745562672615051,0.30102354288101196,0.2537688612937927,2.678689479827881,2.0823895931243896,0.0,0.0,0.04856545105576515,0.2729116678237915,4.752430438995361,0.4745562672615051,0.07525588572025299,0.06344221532344818,0.0,0.0,0.04856545105576515,0.2729116678237915,4.876251697540283,0.810910165309906,0.0005959752597846091,0.010839509777724743,0.0003697732463479042,0.004610605537891388,0.0003697732463479042,0.004610605537891388,4.876251697540283,0.8109106421470642,0.23000000417232513,0.009999999776482582,0.23000000417232513,0.009999999776482582,-0.8446717858314514,-0.806259036064148,16.938676834106445,26.7630558013916,0.030612245202064514,0.040816325694322586,0.0,0.0,0.0,0.0,1.1920928955078125e-07,0.17881840467453003,0.17881840467453003,19.712766647338867,0.0,0.37573808431625366,52.105770111083984,0.9449354410171509,0.3334452509880066,43.0,21.0,1.0,0.0
43,env000076,19,raw,0.003,300,5.27645206451416,0.005723985377699137,5.270728079136461,99.89151829093275,0.0,4.6979594230651855,9.258904174203053e-05,1.2534003257751465,0.0,4.857631683349609,1.2712070941925049,0.0,0.0,0.265142560005188,0.005631301086395979,4.6979594230651855,9.258904174203053e-05,0.3133500814437866,0.0,0.0,0.0,0.265142560005188,0.005631301086395979,5.27645206451416,0.005723889917135239,0.0026341339107602835,0.001775862299837172,0.0023184495512396097,0.000953670300077647,0.0023184495512396097,0.000953670300077647,5.27645206451416,0.005723985377699137,0.23000000417232513,0.0,0.23999999463558197,0.0,-0.8125874996185303,0.8598129153251648,19.888351440429688,21.92752456665039,0.08163265138864517,0.0,0.0,0.0,0.0,0.0,0.0,0.42938512563705444,0.42938512563705444,13.780205726623535,0.0,0.5267833471298218,13.777420043945312,0.8837289214134216,0.21816205978393555,46.0,23.0,0.0,1.0
44,env000093,16,raw,0.003,300,4.905327796936035,0.04407211020588875,4.861255686730146,99.10154607336503,0.0,4.563063144683838,0.03854145482182503,0.735054612159729,0.0,4.517979145050049,1.2815823554992676,0.0,0.0,0.15850122272968292,0.005530622322112322,4.563063144683838,0.03854145482182503,0.18376365303993225,0.0,0.0,0.0,0.15850122272968292,0.005530622322112322,4.905327796936035,0.04407207667827606,0.0008469442254863679,0.0011223678011447191,0.0005757275503128767,0.0003326531732454896,0.0005757275503128767,0.0003326531732454896,4.905327796936035,0.04407211020588875,0.14000000059604645,0.0,0.14000000059604645,0.0,-0.9861559867858887,0.17044372856616974,17.940393447875977,20.42996597290039,0.040816325694322586,0.0,0.0,0.0,0.0,0.0,0.0,0.4138956665992737,0.4138956665992737,10.024611473083496,0.0,0.5585751533508301,14.073274612426758,0.9088926911354065,0.16485118865966797,7.0,3.0,1.0,0.0
45,env000065,12,raw,0.003,300,5.09012508392334,0.0054683322086930275,5.084656751714647,99.89256978721477,0.0,4.499311447143555,0.0016216220101341605,1.5651986598968506,0.0,5.057396411895752,1.3731017112731934,0.0,0.0,0.19951359927654266,0.003846402047201991,4.499311447143555,0.0016216220101341605,0.39129966497421265,0.0,0.0,0.0,0.19951359927654266,0.003846402047201991,5.090124607086182,0.00546802394092083,0.004168418701738119,0.0074531459249556065,0.0035882717929780483,0.003083626739680767,0.0035882717929780483,0.003083626739680767,5.09012508392334,0.0054683322086930275,0.1599999964237213,0.0,0.20000000298023224,0.0,-0.8833060264587402,0.48279130458831787,20.27692413330078,29.252761840820312,0.1428571492433548,0.0,0.0,0.0,0.0,0.0,0.0,0.6372858881950378,0.6372858881950378,12.82969856262207,0.0,0.7878220677375793,18.885093688964844,0.6766222715377808,0.06498610973358154,4.0,2.0,0.0,1.0
46,env000070,14,raw,0.003,300,4.621960639953613,0.2020217776298523,4.419938862323761,95.62908918168806,4.76837158203125e-07,4.473478317260742,0.19618374109268188,0.4555228650569916,0.0,3.169431686401367,1.3939146995544434,0.0,0.0,0.034601643681526184,0.0058379522524774075,4.473478317260742,0.19618374109268188,0.1138807162642479,0.0,0.0,0.0,0.034601643681526184,0.0058379522524774075,4.621960639953613,0.20202168822288513,0.00025759925483725965,0.004693125374615192,0.000202511582756415,0.0009428744087927043,0.000202511582756415,0.0009428744087927043,4.621960639953613,0.2020217776298523,0.25,0.009999999776482582,0.28999999165534973,0.009999999776482582,-0.6746786832809448,-0.19999998807907104,14.557154655456543,17.808931350708008,0.020408162847161293,0.0,0.0,0.0,0.0,0.0,4.76837158203125e-07,0.20023226737976074,0.20023226737976074,11.491008758544922,0.0,0.3928337097167969,23.879844665527344,0.9788287878036499,0.22755217552185059,16.0,8.0,0.0,0.0
47,env000015,19,raw,0.003,300,4.608753204345703,0.06767882406711578,4.541074380278587,98.53151555168327,7.152557373046875e-07,4.382914066314697,0.03510704264044762,0.5529589653015137,0.0,4.3992486000061035,1.3915460109710693,0.0,0.0,0.08759935200214386,0.03257163614034653,4.382914066314697,0.03510704264044762,0.13823974132537842,0.0,0.0,0.0,0.08759935200214386,0.03257163614034653,4.608753204345703,0.06767867505550385,0.0008556596585549414,0.0064182765781879425,0.000531382451299578,0.0015102658653631806,0.000531382451299578,0.0015102658653631806,4.608753204345703,0.06767882406711578,0.25,0.0,0.25,0.0,-0.7012516856193542,0.20019732415676117,18.526248931884766,23.13349723815918,0.040816325694322586,0.0,0.0,0.0,0.0,0.0,7.152557373046875e-07,0.4289237856864929,0.4289237856864929,11.55074691772461,0.0,0.6302436590194702,29.543479919433594,0.8262441754341125,0.18115627765655518,5.0,2.0,1.0,1.0
48,env000064,8,raw,0.003,300,4.928072452545166,0.8954346776008606,4.032637774944305,81.82992059829799,1.1920928955078125e-07,4.340590953826904,0.74204421043396,1.584726095199585,0.4067614674568176,8.100617408752441,2.486264944076538,0.0,0.0,0.1912999153137207,0.05169994384050369,4.340590953826904,0.74204421043396,0.39618152379989624,0.1016903668642044,0.0,0.0,0.1912999153137207,0.05169994384050369,4.928072452545166,0.8954344987869263,0.0007899244665168226,0.003884869161993265,0.00045589666115120053,0.0016553052701056004,0.00045589666115120053,0.0016553052701056004,4.928072452545166,0.8954346776008606,0.20999999344348907,0.019999999552965164,0.23000000417232513,0.029999999329447746,-0.8734808564186096,-0.634112536907196,13.895228385925293,18.420486450195312,0.06122449040412903,0.040816325694322586,0.0,0.0,0.0,0.0,1.1920928955078125e-07,0.2215627133846283,0.2215627133846283,12.994986534118652,0.0,0.31192877888679504,37.0120964050293,0.9881058931350708,0.30965352058410645,4.0,2.0,0.0,0.0
49,env000070,12,raw,0.003,300,4.42792272567749,0.6586634516716003,3.76925927400589,85.12477537487237,2.384185791015625e-07,4.305550575256348,0.6446911096572876,0.0,0.021381665021181107,1.1459593772888184,1.5496716499328613,0.0,0.0,0.12237224727869034,0.008626756258308887,4.305550575256348,0.6446911096572876,0.0,0.005345416255295277,0.0,0.0,0.12237224727869034,0.008626756258308887,4.42792272567749,0.658663272857666,0.0001569839660078287,0.004024165216833353,7.62732233852148e-05,0.0015031234361231327,7.62732233852148e-05,0.0015031234361231327,4.42792272567749,0.6586634516716003,0.20999999344348907,0.019999999552965164,0.23000000417232513,0.019999999552965164,-0.8078479766845703,-0.5191601514816284,13.998620986938477,16.647674560546875,0.0,0.010204081423580647,0.0,0.0,0.0,0.0,2.384185791015625e-07,0.1830480396747589,0.1830480396747589,11.15654182434082,0.0,0.409107506275177,33.74611282348633,0.9321626424789429,0.2301403284072876,41.0,20.0,1.0,1.0
0,env000028,18,raw,0.01,300,14.120255470275879,2.2471535205841064,11.873101949691772,84.08560294596283,0.0,9.246241569519043,2.0024654865264893,14.658866882324219,0.43294915556907654,86.41881561279297,2.5636496543884277,0.0,0.0,1.2092915773391724,0.13645045459270477,9.246241569519043,2.0024654865264893,3.6647167205810547,0.10823728889226913,0.0,0.0,1.2092915773391724,0.13645045459270477,14.12024974822998,2.2471532821655273,0.058035608381032944,0.013046392239630222,0.052785083651542664,0.003295338014140725,0.052785083651542664,0.003295338014140725,14.120255470275879,2.2471535205841064,0.4399999976158142,0.05999999865889549,0.4699999988079071,0.07000000029802322,-1.6023300886154175,-1.555902123451233,12.17909049987793,24.930110931396484,0.06122449040412903,0.06122449040412903,0.0,0.0,0.0,0.0,0.0,0.14494743943214417,0.14494743943214417,16.50389862060547,0.0,0.8417556881904602,19.85564613342285,0.8042107224464417,0.09228050708770752,6.0,3.0,0.0,1.0
1,env000053,3,raw,0.01,300,9.467486381530762,0.7653725147247314,8.70211386680603,91.91577907925144,0.0,9.181839942932129,0.7240626811981201,0.9411609768867493,0.0966690331697464,4.595371723175049,1.7540185451507568,0.0,0.0,0.050355568528175354,0.017134591937065125,9.181839942932129,0.7240626811981201,0.23529024422168732,0.0241672582924366,0.0,0.0,0.050355568528175354,0.017134591937065125,9.467486381530762,0.7653645277023315,0.001515784882940352,0.07279876619577408,0.0009940899908542633,0.0796266719698906,0.0009940899908542633,0.0796266719698906,9.467486381530762,0.7653725147247314,0.3100000023841858,0.009999999776482582,0.33000001311302185,0.009999999776482582,-1.449889063835144,-1.3700237274169922,18.278919219970703,39.86874008178711,0.0714285746216774,0.030612245202064514,0.0,0.0,0.0,0.0,0.0,0.47631484270095825,0.47631484270095825,11.198343276977539,0.0,0.9481936097145081,42.21300506591797,0.42047956585884094,0.033331334590911865,4.0,2.0,0.0,0.0
2,env000071,1,raw,0.01,300,9.585968017578125,0.04829467833042145,9.537673339247704,99.49619403860036,1.1920928955078125e-07,8.704936981201172,0.037669405341148376,2.1023285388946533,0.016021419316530228,9.352002143859863,1.5121499300003052,0.0,0.0,0.355448842048645,0.006618984509259462,8.704936981201172,0.037669405341148376,0.5255821347236633,0.004005354829132557,0.0,0.0,0.355448842048645,0.006618984509259462,9.585968017578125,0.048293743282556534,0.002335905795916915,0.026304181665182114,0.0013696287060156465,0.00934294331818819,0.0013696287060156465,0.00934294331818819,9.585968017578125,0.04829467833042145,0.46000000834465027,0.0,0.47999998927116394,0.0,-1.420353889465332,0.24496611952781677,16.846967697143555,41.24901580810547,0.13265305757522583,0.010204081423580647,0.0,0.0,0.0,0.0,1.1920928955078125e-07,0.4709989130496979,0.4709989130496979,11.21730899810791,0.0,0.8535190224647522,38.263248443603516,0.6954580545425415,0.0699615478515625,22.0,11.0,0.0,0.0
3,env000098,15,raw,0.01,300,9.555397987365723,0.1914208084344864,9.363977178931236,97.99672594812287,0.0,8.304899215698242,0.024457842111587524,3.0685720443725586,0.5534240007400513,18.43829917907715,2.604006767272949,0.0,0.0,0.48335573077201843,0.028606291860342026,8.304899215698242,0.024457842111587524,0.7671430110931396,0.13835600018501282,0.0,0.0,0.48335573077201843,0.028606291860342026,9.555397987365723,0.19142013788223267,0.003083831164985895,0.01002989336848259,0.0013566215056926012,0.006725972518324852,0.0013566215056926012,0.006725972518324852,9.555397987365723,0.1914208084344864,0.4300000071525574,0.0,0.46000000834465027,0.0,-1.275104284286499,0.29196929931640625,15.69437313079834,22.739849090576172,0.09183673560619354,0.0714285746216774,0.0,0.0,0.0,0.0,0.0,0.2877865135669708,0.2877865135669708,18.413808822631836,0.0,0.6924782991409302,21.186790466308594,0.8837229609489441,0.1659911870956421,13.0,6.0,1.0,1.0
4,env000079,19,raw,0.01,300,8.78853988647461,0.44950661063194275,8.339033275842667,94.88530954585842,0.0,8.09712028503418,0.3975304663181305,1.5660032033920288,0.0,6.3347344398498535,1.2445334196090698,0.0,0.0,0.2999192774295807,0.05197109654545784,8.09712028503418,0.3975304663181305,0.3915008008480072,0.0,0.0,0.0,0.2999192774295807,0.05197109654545784,8.78853988647461,0.44950157403945923,0.0022381783928722143,0.14461730420589447,0.001185613451525569,0.05028781667351723,0.001185613451525569,0.05028781667351723,8.78853988647461,0.44950661063194275,0.1899999976158142,0.009999999776482582,0.20000000298023224,0.009999999776482582,-1.3750029802322388,-0.731518566608429,17.062971115112305,59.843055725097656,0.13265305757522583,0.0,0.0,0.0,0.0,0.0,0.0,0.3861068785190582,0.3861068785190582,17.102638244628906,0.0,0.9537451863288879,48.99250030517578,0.5086179971694946,0.03289920091629028,46.0,23.0,0.0,0.0
5,env000064,16,raw,0.01,300,8.92863941192627,0.2667555809020996,8.66188383102417,97.01236024219115,1.0662403155947686e-06,7.7443342208862305,0.24541893601417542,3.550551652908325,0.026317810639739037,14.371979713439941,1.5189763307571411,0.0,0.0,0.296662837266922,0.014754953794181347,7.7443342208862305,0.24541893601417542,0.8876379132270813,0.006579452659934759,0.0,0.0,0.296662837266922,0.014754953794181347,8.928635597229004,0.26675334572792053,0.021138811483979225,0.02447577193379402,0.039418093860149384,0.02221236750483513,0.039418093860149384,0.02221236750483513,8.92863941192627,0.2667555809020996,0.3499999940395355,0.009999999776482582,0.36000001430511475,0.009999999776482582,-1.517952561378479,-0.3813064694404602,20.390674591064453,22.751972198486328,0.09183673560619354,0.020408162847161293,0.0,0.0,0.0,0.0,1.0662403155947686e-06,0.49164485931396484,0.49164485931396484,19.662343978881836,0.0,0.5506355166435242,24.46453285217285,0.9939946532249451,0.17788094282150269,47.0,23.0,1.0,0.0
6,env000073,2,raw,0.01,300,8.008231163024902,0.2547409236431122,7.75349023938179,96.81901135897168,4.76837158203125e-07,7.717954635620117,0.2522370219230652,0.45072659850120544,0.0,2.4534785747528076,1.3503590822219849,0.0,0.0,0.17759491503238678,0.0025034635327756405,7.717954635620117,0.2522370219230652,0.11268164962530136,0.0,0.0,0.0,0.17759491503238678,0.0025034635327756405,8.008231163024902,0.25474047660827637,0.0009809486800804734,0.015570695511996746,0.00032115637441165745,0.004357049707323313,0.00032115637441165745,0.004357049707323313,8.008231163024902,0.2547409236431122,0.44999998807907104,0.009999999776482582,0.46000000834465027,0.019999999552965164,-1.1630653142929077,-0.3337433338165283,13.463128089904785,31.102096557617188,0.08163265138864517,0.0,0.0,0.0,0.0,0.0,4.76837158203125e-07,0.4514608383178711,0.4514608383178711,9.067285537719727,0.0,0.9603901505470276,28.423797607421875,0.46147292852401733,0.02013576030731201,18.0,9.0,0.0,1.0
7,env000098,8,raw,0.01,300,7.787880897521973,0.7155086994171143,7.072372198104858,90.81253669859304,4.76837158203125e-07,7.642445087432861,0.3827303349971771,0.48315685987472534,0.06551406532526016,3.610280752182007,1.8265550136566162,0.0,0.0,0.024646813049912453,0.3163983225822449,7.642445087432861,0.3827303349971771,0.12078921496868134,0.01637851633131504,0.0,0.0,0.024646813049912453,0.3163983225822449,7.787880897521973,0.7155071496963501,0.00018326443387195468,0.04871856048703194,5.838513243361376e-05,0.01527978666126728,5.838513243361376e-05,0.01527978666126728,7.787880897521973,0.7155086994171143,0.6499999761581421,0.019999999552965164,0.6800000071525574,0.019999999552965164,-1.0417883396148682,-0.37341687083244324,10.432659149169922,46.32863998413086,0.08163265138864517,0.030612245202064514,0.0,0.0,0.0,0.0,4.76837158203125e-07,0.16759268939495087,0.16759268939495087,13.832291603088379,0.0,0.9765179753303528,32.751556396484375,0.3324368894100189,0.01424330472946167,33.0,16.0,1.0,0.0
8,env000075,2,raw,0.01,300,7.496397018432617,1.1852478981018066,6.3111491203308105,84.18909917407731,4.76837158203125e-07,7.366703510284424,0.6637222766876221,0.4088095724582672,0.0,3.9958178997039795,1.3636958599090576,0.0,0.0,0.02749105542898178,0.5215254426002502,7.366703510284424,0.6637222766876221,0.1022023931145668,0.0,0.0,0.0,0.02749105542898178,0.5215254426002502,7.496397018432617,1.1852476596832275,0.00021959489095024765,0.006972926668822765,0.00011937230010516942,0.0025121159851551056,0.00011937230010516942,0.0025121159851551056,7.496397018432617,1.1852478981018066,0.23999999463558197,0.029999999329447746,0.23999999463558197,0.029999999329447746,-1.2015327215194702,-0.5083322525024414,13.131914138793945,19.063182830810547,0.020408162847161293,0.0,0.0,0.0,0.0,0.0,4.76837158203125e-07,0.09873929619789124,0.09873929619789124,21.96581268310547,0.0,0.6796627640724182,20.539140701293945,1.0034947395324707,0.3634951710700989,36.0,18.0,0.0,1.0
9,env000096,17,raw,0.01,300,9.09707260131836,0.5381165146827698,8.55895608663559,94.08472881040011,4.76837158203125e-07,7.362326622009277,0.09964153170585632,6.255550384521484,0.2209334671497345,20.397174835205078,2.3410263061523438,0.0,0.0,0.17085610330104828,0.38324159383773804,7.362326622009277,0.09964153170585632,1.563887596130371,0.055233366787433624,0.0,0.0,0.17085610330104828,0.38324159383773804,9.097070693969727,0.538116455078125,0.010512541979551315,0.003090156242251396,0.016807854175567627,0.0006566594820469618,0.016807854175567627,0.0006566594820469618,9.09707260131836,0.5381165146827698,0.5299999713897705,0.0,0.5699999928474426,0.009999999776482582,-1.1404790878295898,0.11953169107437134,12.051583290100098,21.89521026611328,0.1734693944454193,0.051020409911870956,0.0,0.0,0.0,0.0,4.76837158203125e-07,0.38526755571365356,0.38526755571365356,13.480255126953125,0.0,0.8360589742660522,14.17166805267334,0.7979389429092407,0.12144458293914795,24.0,12.0,0.0,0.0
10,env000064,13,raw,0.01,300,7.484281539916992,0.5823412537574768,6.901940286159515,92.21914287094101,4.76837158203125e-07,7.218011856079102,0.37845227122306824,0.9054061770439148,0.24913449585437775,4.711853504180908,2.6427714824676514,0.0,0.0,0.0399177223443985,0.14160406589508057,7.218011856079102,0.37845227122306824,0.2263515442609787,0.06228362396359444,0.0,0.0,0.0399177223443985,0.14160406589508057,7.484281539916992,0.5823400020599365,0.0009170506964437664,0.031540874391794205,0.0005336567992344499,0.012724989093840122,0.0005336567992344499,0.012724989093840122,7.484281539916992,0.5823412537574768,0.3499999940395355,0.009999999776482582,0.36000001430511475,0.009999999776482582,-1.1648136377334595,-0.5428531765937805,17.778169631958008,38.19289016723633,0.051020409911870956,0.040816325694322586,0.0,0.0,0.0,0.0,4.76837158203125e-07,0.4328294098377228,0.4328294098377228,10.528029441833496,0.0,0.9235700964927673,35.37433624267578,0.5777583718299866,0.03697967529296875,6.0,3.0,0.0,1.0
11,env000065,9,raw,0.01,300,8.620216369628906,0.1344413161277771,8.48577505350113,98.44039510885776,7.152557373046875e-07,7.197836399078369,0.11949999630451202,3.9372096061706543,0.0,15.7604398727417,1.2534072399139404,0.0,0.0,0.43807774782180786,0.014940658584237099,7.197836399078369,0.11949999630451202,0.9843024015426636,0.0,0.0,0.0,0.43807774782180786,0.014940658584237099,8.620216369628906,0.13444066047668457,0.0006508479127660394,0.02597849629819393,0.00038926940760575235,0.006500596180558205,0.00038926940760575235,0.006500596180558205,8.620216369628906,0.1344413161277771,0.30000001192092896,0.009999999776482582,0.33000001311302185,0.009999999776482582,-1.1581223011016846,-0.09071909636259079,9.151106834411621,41.76622772216797,0.23469388484954834,0.0,0.0,0.0,0.0,0.0,7.152557373046875e-07,0.2434191256761551,0.2434191256761551,13.189691543579102,0.0,0.895083487033844,41.253421783447266,0.6003615260124207,0.08132964372634888,39.0,19.0,1.0,1.0
12,env000065,15,raw,0.01,300,7.356253623962402,0.5661433935165405,6.790110230445862,92.3039168786626,4.76837158203125e-07,7.1496710777282715,0.18390926718711853,0.5131604075431824,0.03785109519958496,4.190434455871582,1.6649576425552368,0.0,0.0,0.07829213887453079,0.37277114391326904,7.1496710777282715,0.18390926718711853,0.1282901018857956,0.00946277379989624,0.0,0.0,0.07829213887453079,0.37277114391326904,7.356253623962402,0.5661431550979614,0.0005930943298153579,0.010003921575844288,0.0005902958801016212,0.0026570528279989958,0.0005902958801016212,0.0026570528279989958,7.356253623962402,0.5661433935165405,0.3499999940395355,0.009999999776482582,0.3700000047683716,0.009999999776482582,-1.3337466716766357,-0.15158994495868683,17.014572143554688,23.171762466430664,0.020408162847161293,0.010204081423580647,0.0,0.0,0.0,0.0,4.76837158203125e-07,0.22771863639354706,0.22771863639354706,12.399147987365723,0.0,0.6070267558097839,17.641233444213867,1.0871902704238892,0.25379717350006104,36.0,18.0,0.0,1.0
13,env000040,9,raw,0.01,300,7.489537715911865,0.8484482765197754,6.64108943939209,88.67155345626729,3.5762786865234375e-07,7.1184797286987305,0.7625571489334106,1.082521677017212,0.2772608995437622,5.784343242645264,3.2844908237457275,0.0,0.0,0.10042756795883179,0.01657411828637123,7.1184797286987305,0.7625571489334106,0.270630419254303,0.06931522488594055,0.0,0.0,0.10042756795883179,0.01657411828637123,7.489537715911865,0.8484464883804321,0.0007529027061536908,0.0330975167453289,0.00031376429251395166,0.01813396066427231,0.00031376429251395166,0.01813396066427231,7.489537715911865,0.8484482765197754,0.20000000298023224,0.019999999552965164,0.20000000298023224,0.019999999552965164,-1.3597196340560913,-0.7499552965164185,14.400762557983398,40.53105545043945,0.09183673560619354,0.020408162847161293,0.0,0.0,0.0,0.0,3.5762786865234375e-07,0.2773740887641907,0.2773740887641907,15.596485137939453,0.0,0.8041545152664185,42.66265869140625,0.7699116468429565,0.16206860542297363,22.0,11.0,0.0,1.0
14,env000070,19,raw,0.01,300,7.523976802825928,0.0021702107042074203,7.52180659212172,99.97115606864455,7.152557373046875e-07,7.09885311126709,9.718437650008127e-05,1.2345690727233887,0.0,5.928017616271973,1.3804056644439697,0.0,0.0,0.1164812445640564,0.0020729433745145798,7.09885311126709,9.718437650008127e-05,0.30864226818084717,0.0,0.0,0.0,0.1164812445640564,0.0020729433745145798,7.523976802825928,0.0021701278164982796,0.0022400931920856237,0.004974354989826679,0.0012174027506262064,0.0008278797613456845,0.0012174027506262064,0.0008278797613456845,7.523976802825928,0.0021702107042074203,0.25,0.0,0.2800000011920929,0.0,-1.1937187910079956,0.8891662955284119,19.23587417602539,26.141660690307617,0.0714285746216774,0.0,0.0,0.0,0.0,0.0,7.152557373046875e-07,0.3696870505809784,0.3696870505809784,16.64562225341797,0.0,0.6391941905021667,17.15794563293457,0.9117655158042908,0.2610001564025879,39.0,19.0,1.0,1.0
15,env000071,13,raw,0.01,300,7.703134536743164,0.5047426819801331,7.198391854763031,93.4475676158509,1.430511474609375e-06,6.839238166809082,0.46802473068237305,1.830457329750061,0.11941096931695938,7.129632472991943,1.7568638324737549,0.0,0.0,0.4062812626361847,0.006863277405500412,6.839238166809082,0.46802473068237305,0.45761433243751526,0.029852742329239845,0.0,0.0,0.4062812626361847,0.006863277405500412,7.703134059906006,0.5047407746315002,0.0025863877963274717,0.0487779900431633,0.002672641770914197,0.019259382039308548,0.002672641770914197,0.019259382039308548,7.703134536743164,0.5047426819801331,0.18000000715255737,0.009999999776482582,0.2199999988079071,0.009999999776482582,-1.4003098011016846,-0.8380554914474487,19.29998779296875,49.858150482177734,0.0714285746216774,0.08163265138864517,0.0,0.0,0.0,0.0,1.430511474609375e-06,0.5833560824394226,0.5833560824394226,9.325439453125,0.0,0.9321548938751221,47.23326110839844,0.5541757345199585,0.036431968212127686,30.0,15.0,0.0,0.0
16,env000065,10,raw,0.01,300,7.071628093719482,0.2412315011024475,6.830396592617035,96.58874168854139,4.76837158203125e-07,6.756982803344727,0.04152100905776024,1.12558913230896,0.0,3.999455690383911,1.378521203994751,0.0,0.0,0.03324776515364647,0.1997101753950119,6.756982803344727,0.04152100905776024,0.28139728307724,0.0,0.0,0.0,0.03324776515364647,0.1997101753950119,7.071628093719482,0.24123118817806244,0.0022806725464761257,0.01107033435255289,0.0017824330134317279,0.0031891283579170704,0.0017824330134317279,0.0031891283579170704,7.071628093719482,0.2412315011024475,0.20000000298023224,0.0,0.20999999344348907,0.0,-1.3281208276748657,0.20561829209327698,19.30569076538086,25.459651947021484,0.10204081982374191,0.0,0.0,0.0,0.0,0.0,4.76837158203125e-07,0.6771074533462524,0.6771074533462524,9.147558212280273,0.0,0.8835821151733398,15.314505577087402,0.5863068103790283,0.044424235820770264,7.0,3.0,1.0,0.0
17,env000075,7,raw,0.01,300,7.0244855880737305,0.045356377959251404,6.979129210114479,99.35431032791557,9.5367431640625e-07,6.667773246765137,0.010142774321138859,1.072521686553955,0.11401844024658203,6.4588623046875,2.0895841121673584,0.0,0.0,0.0885821282863617,0.006707852706313133,6.667773246765137,0.010142774321138859,0.26813042163848877,0.028504610061645508,0.0,0.0,0.0885821282863617,0.006707852706313133,7.0244855880737305,0.045355238020420074,0.0011678581358864903,0.02358497679233551,0.0006918186554685235,0.011414686217904091,0.0006918186554685235,0.011414686217904091,7.0244855880737305,0.045356377959251404,0.3499999940395355,0.0,0.3499999940395355,0.0,-0.985809326171875,0.3788933753967285,17.328445434570312,41.422515869140625,0.06122449040412903,0.020408162847161293,0.0,0.0,0.0,0.0,9.5367431640625e-07,0.4711049497127533,0.4711049497127533,10.367698669433594,0.0,0.9819390177726746,28.63793182373047,0.32722198963165283,0.0076694488525390625,6.0,3.0,0.0,0.0
18,env000040,2,raw,0.01,300,6.724930286407471,0.06483816355466843,6.660092122852802,99.03585374430244,0.0,6.594912528991699,0.036551110446453094,0.14460313320159912,0.0984959825873375,2.412221908569336,2.0894718170166016,0.0,0.0,0.09386701881885529,0.0036626888904720545,6.594912528991699,0.036551110446453094,0.03615078330039978,0.024623995646834373,0.0,0.0,0.09386701881885529,0.0036626888904720545,6.724930286407471,0.06483779847621918,0.0002974335220642388,0.009087059646844864,0.0002380073710810393,0.0036517793778330088,0.0002380073710810393,0.0036517793778330088,6.724930286407471,0.06483816355466843,0.23000000417232513,0.0,0.25,0.0,-1.262349247932434,0.25990167260169983,19.834102630615234,25.757497787475586,0.010204081423580647,0.010204081423580647,0.0,0.0,0.0,0.0,0.0,0.19006158411502838,0.19006158411502838,15.939745903015137,0.0,0.6568978428840637,18.114099502563477,0.9988493323326111,0.18288332223892212,40.0,20.0,0.0,0.0
19,env000075,3,raw,0.01,300,6.672563076019287,0.05465736985206604,6.617905706167221,99.1808639464421,9.5367431640625e-07,6.478545665740967,0.006423019338399172,0.5160455703735352,0.14134028553962708,4.00889253616333,1.9502451419830322,0.0,0.0,0.0650056004524231,0.012898717075586319,6.478545665740967,0.006423019338399172,0.1290113925933838,0.03533507138490677,0.0,0.0,0.0650056004524231,0.012898717075586319,6.672563076019287,0.05465680733323097,0.0009444071911275387,0.011621021665632725,0.0005373008316382766,0.005624130833894014,0.0005373008316382766,0.005624130833894014,6.672563076019287,0.05465736985206604,0.38999998569488525,0.0,0.4300000071525574,0.0,-0.9833016395568848,0.42224013805389404,17.729267120361328,37.15095520019531,0.051020409911870956,0.020408162847161293,0.0,0.0,0.0,0.0,9.5367431640625e-07,0.5290111899375916,0.5290111899375916,8.776922225952148,0.0,0.960016667842865,23.483139038085938,0.40984657406806946,0.013799726963043213,4.0,2.0,0.0,0.0
20,env000053,7,raw,0.01,300,6.983806133270264,0.14339527487754822,6.8404108583927155,97.94674605593038,4.76837158203125e-07,6.367966175079346,0.03600357845425606,1.573495864868164,0.0,7.635694980621338,1.2490333318710327,0.0,0.0,0.22246608138084412,0.10738925635814667,6.367966175079346,0.03600357845425606,0.393373966217041,0.0,0.0,0.0,0.22246608138084412,0.10738925635814667,6.983806133270264,0.14339283108711243,0.0011538192629814148,0.059847403317689896,0.0006142366910353303,0.024504967033863068,0.0006142366910353303,0.024504967033863068,6.983806133270264,0.14339527487754822,0.23999999463558197,0.0,0.25999999046325684,0.009999999776482582,-0.9221231937408447,0.14754945039749146,14.853523254394531,45.09548568725586,0.09183673560619354,0.0,0.0,0.0,0.0,0.0,4.76837158203125e-07,0.3543124496936798,0.3543124496936798,13.637068748474121,0.0,0.7609827518463135,48.1474494934082,0.8288593888282776,0.190629243850708,41.0,20.0,1.0,0.0
21,env000073,19,raw,0.01,300,6.364980220794678,1.1416943073272705,5.223285913467407,82.06287737395783,4.76837158203125e-07,6.147644996643066,1.0667716264724731,0.6050187349319458,0.12202658504247665,3.70969820022583,1.8780193328857422,0.0,0.0,0.06608045101165771,0.044415686279535294,6.147644996643066,1.0667716264724731,0.15125468373298645,0.030506646260619164,0.0,0.0,0.06608045101165771,0.044415686279535294,6.364980220794678,1.1416939496994019,0.000620177888777107,0.012859254144132137,0.0002927319728769362,0.003285912098363042,0.0002927319728769362,0.003285912098363042,6.364980220794678,1.1416943073272705,0.4699999988079071,0.03999999910593033,0.550000011920929,0.07000000029802322,-0.8596760034561157,-0.35284045338630676,14.311005592346191,27.714839935302734,0.09183673560619354,0.051020409911870956,0.0,0.0,0.0,0.0,4.76837158203125e-07,0.28071847558021545,0.28071847558021545,14.598082542419434,0.0,0.8004175424575806,27.121788024902344,0.7448253631591797,0.0731651782989502,44.0,22.0,0.0,0.0
22,env000079,2,raw,0.01,300,6.7893171310424805,0.14605699479579926,6.643260136246681,97.84872334026069,3.5762786865234375e-07,6.101341247558594,0.08308592438697815,1.6279398202896118,0.0,6.174586296081543,1.2925097942352295,0.0,0.0,0.2809908986091614,0.06297066807746887,6.101341247558594,0.08308592438697815,0.40698495507240295,0.0,0.0,0.0,0.2809908986091614,0.06297066807746887,6.7893171310424805,0.14605659246444702,0.00209315144456923,0.00902463123202324,0.0016325260512530804,0.003954035229980946,0.0016325260512530804,0.003954035229980946,6.7893171310424805,0.14605699479579926,0.23000000417232513,0.0,0.25,0.009999999776482582,-1.2548145055770874,0.0756378099322319,18.694568634033203,32.34502410888672,0.12244898080825806,0.0,0.0,0.0,0.0,0.0,3.5762786865234375e-07,0.52047199010849,0.52047199010849,11.304019927978516,0.0,0.8744764924049377,21.99962043762207,0.6986149549484253,0.06566989421844482,40.0,20.0,0.0,0.0
23,env000070,11,raw,0.01,300,6.266687870025635,1.0723427534103394,5.194345116615295,82.88820544997157,4.76837158203125e-07,5.864142417907715,1.0196057558059692,1.183672308921814,0.11048080772161484,5.702882289886475,1.6982091665267944,0.0,0.0,0.10662756115198135,0.025116464123129845,5.864142417907715,1.0196057558059692,0.2959180772304535,0.02762020193040371,0.0,0.0,0.10662756115198135,0.025116464123129845,6.266687870025635,1.0723423957824707,0.0015367827145382762,0.008063308894634247,0.0010147077264264226,0.0038579695392400026,0.0010147077264264226,0.0038579695392400026,6.266687870025635,1.0723427534103394,0.15000000596046448,0.029999999329447746,0.1599999964237213,0.03999999910593033,-1.3546222448349,-0.6181687116622925,18.023086547851562,23.804428100585938,0.12244898080825806,0.09183673560619354,0.0,0.0,0.0,0.0,4.76837158203125e-07,0.5685333013534546,0.5685333013534546,9.944540023803711,0.0,0.8413106799125671,20.372554779052734,0.7803527116775513,0.053777337074279785,46.0,23.0,0.0,1.0
24,env000028,13,raw,0.01,300,6.207947731018066,0.0024115180131047964,6.205536213004962,99.96115434411512,5.960464477539062e-07,5.815141201019287,2.211066930613015e-05,1.059112310409546,0.0,6.427130222320557,1.280537486076355,0.0,0.0,0.12802855670452118,0.002389351837337017,5.815141201019287,2.211066930613015e-05,0.2647780776023865,0.0,0.0,0.0,0.12802855670452118,0.002389351837337017,6.207947731018066,0.002411462599411607,0.0011470462195575237,0.005324415862560272,0.00048763497034087777,0.000553377321921289,0.00048763497034087777,0.000553377321921289,6.207947731018066,0.0024115180131047964,0.25,0.0,0.25999999046325684,0.0,-0.9878916144371033,1.0315921306610107,15.4537992477417,30.775604248046875,0.09183673560619354,0.0,0.0,0.0,0.0,0.0,5.960464477539062e-07,0.3136422634124756,0.3136422634124756,16.08830451965332,0.0,0.7024096250534058,21.853256225585938,0.875646710395813,0.15152639150619507,30.0,15.0,0.0,1.0
25,env000079,12,raw,0.01,300,6.091620445251465,0.3912980258464813,5.7003224194049835,93.57645425608376,9.5367431640625e-07,5.7524495124816895,0.36297082901000977,0.5848804116249084,0.08632604777812958,4.15732479095459,1.9930928945541382,0.0,0.0,0.19295062124729156,0.006745153106749058,5.7524495124816895,0.36297082901000977,0.1462201029062271,0.021581511944532394,0.0,0.0,0.19295062124729156,0.006745153106749058,6.091620445251465,0.39129748940467834,0.0006182498182170093,0.014520200900733471,0.0001306762860622257,0.005445730406790972,0.0001306762860622257,0.005445730406790972,6.091620445251465,0.3912980258464813,0.3199999928474426,0.009999999776482582,0.3499999940395355,0.019999999552965164,-0.946955144405365,-0.4515422284603119,11.135222434997559,30.70029067993164,0.08163265138864517,0.020408162847161293,0.0,0.0,0.0,0.0,9.5367431640625e-07,0.15569569170475006,0.15569569170475006,16.27873420715332,0.0,0.8475255370140076,24.919784545898438,0.6916970014572144,0.059442222118377686,33.0,16.0,1.0,0.0
26,env000028,14,raw,0.01,300,6.223657131195068,0.6777538657188416,5.545903265476227,89.11003849614866,4.76837158203125e-07,5.712491512298584,0.5156074166297913,0.9094993472099304,0.0,5.455227375030518,1.3732737302780151,0.0,0.0,0.28379079699516296,0.1621456891298294,5.712491512298584,0.5156074166297913,0.2273748368024826,0.0,0.0,0.0,0.28379079699516296,0.1621456891298294,6.223657131195068,0.6777530908584595,0.0010685987072065473,0.027112143114209175,0.0002656886645127088,0.007673231419175863,0.0002656886645127088,0.007673231419175863,6.223657131195068,0.6777538657188416,0.15000000596046448,0.009999999776482582,0.1899999976158142,0.019999999552965164,-0.999423623085022,-0.892987847328186,11.715460777282715,52.70110321044922,0.13265305757522583,0.0,0.0,0.0,0.0,0.0,4.76837158203125e-07,0.21523380279541016,0.21523380279541016,17.61656379699707,0.0,0.8419480919837952,36.74506378173828,0.7845736145973206,0.11592167615890503,47.0,23.0,1.0,0.0
27,env000028,1,raw,0.01,300,6.269633769989014,0.0028827982023358345,6.266750971786678,99.95401967151359,4.76837158203125e-07,5.542807102203369,1.366452852380462e-05,1.9245684146881104,0.0,8.285565376281738,1.0711193084716797,0.0,0.0,0.24568462371826172,0.0028690777253359556,5.542807102203369,1.366452852380462e-05,0.4811421036720276,0.0,0.0,0.0,0.24568462371826172,0.0028690777253359556,6.269633769989014,0.0028827423229813576,0.001287693390622735,0.003880211850628257,0.0009067155187949538,0.0005578496493399143,0.0009067155187949538,0.0005578496493399143,6.269633769989014,0.0028827982023358345,0.23000000417232513,0.0,0.23999999463558197,0.0,-1.113179087638855,1.1444178819656372,16.444599151611328,24.555835723876953,0.051020409911870956,0.0,0.0,0.0,0.0,0.0,4.76837158203125e-07,0.1641249805688858,0.1641249805688858,19.98012351989746,0.0,0.7138928771018982,14.180532455444336,0.9485042095184326,0.26771581172943115,18.0,9.0,0.0,1.0
28,env000013,19,raw,0.01,300,6.320464611053467,0.1274777501821518,6.192986860871315,97.98309526234489,9.5367431640625e-07,5.530374526977539,0.05638941004872322,2.2372710704803467,0.24919505417346954,14.650497436523438,3.1443653106689453,0.0,0.0,0.230772465467453,0.008786126971244812,5.530374526977539,0.05638941004872322,0.5593177676200867,0.062298763543367386,0.0,0.0,0.230772465467453,0.008786126971244812,6.320464611053467,0.12747430801391602,0.0017268251394852996,0.025243014097213745,0.0009968060767278075,0.03438999131321907,0.0009968060767278075,0.03438999131321907,6.320464611053467,0.1274777501821518,0.4399999976158142,0.0,0.5099999904632568,0.009999999776482582,-0.7944350838661194,0.12530748546123505,13.125657081604004,27.28488540649414,0.16326530277729034,0.010204081423580647,0.0,0.0,0.0,0.0,9.5367431640625e-07,0.2929214835166931,0.2929214835166931,15.053845405578613,0.0,0.7232798933982849,22.8900146484375,0.8537635207176208,0.21794062852859497,32.0,16.0,0.0,0.0
29,env000071,18,raw,0.01,300,5.786039352416992,0.2885686457157135,5.497470706701279,95.01267398751496,4.76837158203125e-07,5.4339919090271,0.16945894062519073,1.1028525829315186,0.41360968351364136,5.40048885345459,3.7280142307281494,0.0,0.0,0.07633424550294876,0.015705734491348267,5.4339919090271,0.16945894062519073,0.27571314573287964,0.10340242087841034,0.0,0.0,0.07633424550294876,0.015705734491348267,5.786039352416992,0.28856709599494934,0.0018261580262333155,0.02390705980360508,0.0012026362819597125,0.015461926348507404,0.0012026362819597125,0.015461926348507404,5.786039352416992,0.2885686457157135,0.23999999463558197,0.0,0.25,0.009999999776482582,-1.1245759725570679,0.11500352621078491,20.093507766723633,33.144248962402344,0.0714285746216774,0.030612245202064514,0.0,0.0,0.0,0.0,4.76837158203125e-07,0.6550530791282654,0.6550530791282654,10.118685722351074,0.0,0.892248272895813,32.42292022705078,0.6069912314414978,0.08585739135742188,14.0,7.0,0.0,0.0
30,env000098,1,raw,0.01,300,5.704447269439697,0.012379646301269531,5.692067623138428,99.78298254473154,0.0,5.372555732727051,0.0004975473857484758,1.1325700283050537,0.0,3.917875289916992,1.3115839958190918,0.0,0.0,0.048748843371868134,0.011881986632943153,5.372555732727051,0.0004975473857484758,0.2831425070762634,0.0,0.0,0.0,0.048748843371868134,0.011881986632943153,5.704447269439697,0.012379533611238003,0.0025301743298768997,0.005190810188651085,0.001680782763287425,0.0011274481657892466,0.001680782763287425,0.0011274481657892466,5.704447269439697,0.012379646301269531,0.2199999988079071,0.0,0.23000000417232513,0.0,-1.108766794204712,0.6410293579101562,18.686616897583008,30.709136962890625,0.10204081982374191,0.0,0.0,0.0,0.0,0.0,0.0,0.5993808507919312,0.5993808507919312,10.503613471984863,0.0,0.8181447982788086,18.766788482666016,0.7434298992156982,0.06442582607269287,5.0,2.0,1.0,0.0
31,env000098,16,raw,0.01,300,5.565361022949219,0.005705271847546101,5.559655751101673,99.89748604225278,5.331201577973843e-07,5.291801452636719,0.003211935283616185,0.6089732050895691,0.0,3.949209451675415,1.1852308511734009,0.0,0.0,0.1213165670633316,0.0024925635661929846,5.291801452636719,0.003211935283616185,0.15224330127239227,0.0,0.0,0.0,0.1213165670633316,0.0024925635661929846,5.565361022949219,0.00570449884980917,0.00039980633300729096,0.02830462157726288,0.00013135719927959144,0.007731839083135128,0.00013135719927959144,0.007731839083135128,5.565361022949219,0.005705271847546101,0.5,0.0,0.5099999904632568,0.0,-0.7831811904907227,0.46339190006256104,10.90953254699707,41.37823486328125,0.19387754797935486,0.0,0.0,0.0,0.0,0.0,5.331201577973843e-07,0.28027763962745667,0.28027763962745667,13.758243560791016,0.0,0.8924359679222107,36.31550598144531,0.629347026348114,0.062077999114990234,22.0,11.0,0.0,0.0
32,env000096,12,raw,0.01,300,5.7118635177612305,0.09304157644510269,5.618821941316128,98.37108193926926,9.5367431640625e-07,5.290597438812256,0.0928729772567749,1.2809665203094482,0.0,5.755921363830566,1.3210711479187012,0.0,0.0,0.10102473944425583,0.00016614967898931354,5.290597438812256,0.0928729772567749,0.32024163007736206,0.0,0.0,0.0,0.10102473944425583,0.00016614967898931354,5.7118635177612305,0.0930391252040863,0.001472978969104588,0.05102136358618736,0.0009617224568501115,0.024475738406181335,0.0009617224568501115,0.024475738406181335,5.7118635177612305,0.09304157644510269,0.25,0.009999999776482582,0.25999999046325684,0.009999999776482582,-1.1398873329162598,-0.013075263239443302,17.837799072265625,38.044830322265625,0.0714285746216774,0.0,0.0,0.0,0.0,0.0,9.5367431640625e-07,0.39658328890800476,0.39658328890800476,13.264824867248535,0.0,0.8492067456245422,47.27006149291992,0.695391833782196,0.07029730081558228,38.0,19.0,0.0,0.0
33,env000079,8,raw,0.01,300,7.90544319152832,0.627282440662384,7.278160750865936,92.0651831217433,4.76837158203125e-07,5.261393070220947,0.4662787616252899,7.678278923034668,0.07095291465520859,29.865516662597656,1.8966703414916992,0.0,0.0,0.7244797945022583,0.14326229691505432,5.261393070220947,0.4662787616252899,1.919569730758667,0.017738228663802147,0.0,0.0,0.7244797945022583,0.14326229691505432,7.905442237854004,0.6272792816162109,0.013744250871241093,0.042418062686920166,0.010130765847861767,0.03187853470444679,0.010130765847861767,0.03187853470444679,7.90544319152832,0.627282440662384,0.17000000178813934,0.009999999776482582,0.20000000298023224,0.009999999776482582,-0.9321944713592529,-0.7607563734054565,14.330057144165039,25.569177627563477,0.18367347121238708,0.010204081423580647,0.0,0.0,0.0,0.0,4.76837158203125e-07,0.3539060354232788,0.3539060354232788,14.660651206970215,0.0,0.8994681239128113,19.202926635742188,0.5452129244804382,0.04168933629989624,2.0,1.0,0.0,0.0
34,env000099,0,raw,0.01,300,5.478332996368408,0.5930112600326538,4.885321736335754,89.17533380271405,1.1920928955078125e-07,5.261017799377441,0.5757502913475037,0.6094968914985657,0.0,4.490671634674072,1.335641860961914,0.0,0.0,0.06494078040122986,0.01726076938211918,5.261017799377441,0.5757502913475037,0.15237422287464142,0.0,0.0,0.0,0.06494078040122986,0.01726076938211918,5.478332996368408,0.5930110812187195,0.0004743022145703435,0.010540170595049858,0.0002943398430943489,0.0016530517023056746,0.0002943398430943489,0.0016530517023056746,5.478332996368408,0.5930112600326538,0.33000001311302185,0.009999999776482582,0.3700000047683716,0.019999999552965164,-0.985522449016571,-0.9855225086212158,16.158056259155273,33.55872344970703,0.020408162847161293,0.0,0.0,0.0,0.0,0.0,1.1920928955078125e-07,0.2236901819705963,0.2236901819705963,12.619253158569336,0.0,0.7185499668121338,31.80461883544922,0.9592657685279846,0.21592563390731812,16.0,8.0,0.0,1.0
35,env000082,19,raw,0.01,300,9.41952133178711,0.0025607598945498466,9.41696057189256,99.97281433095854,4.76837158203125e-07,5.241971015930176,0.0010951715521514416,15.901652336120605,0.0,87.81346893310547,1.363187313079834,0.0,0.0,0.20212426781654358,0.0014647719217464328,5.241971015930176,0.0010951715521514416,3.9754130840301514,0.0,0.0,0.0,0.20212426781654358,0.0014647719217464328,9.419508934020996,0.002559943590313196,0.11758731305599213,0.0357036255300045,0.12666091322898865,0.00816367007791996,0.12666091322898865,0.00816367007791996,9.41952133178711,0.0025607598945498466,0.18000000715255737,0.0,0.1899999976158142,0.0,-0.9981019496917725,0.5328351259231567,10.83808422088623,45.795040130615234,0.09183673560619354,0.0,0.0,0.0,0.0,0.0,4.76837158203125e-07,0.21053114533424377,0.21053114533424377,18.77751350402832,0.0,0.9189577102661133,35.463897705078125,0.504711389541626,0.05343443155288696,4.0,2.0,0.0,0.0
36,env000099,14,raw,0.01,300,5.648659706115723,0.43471217155456543,5.213947534561157,92.30415365464646,9.5367431640625e-07,5.134138584136963,0.060464080423116684,1.2859346866607666,0.6590404510498047,6.893893718719482,5.427983283996582,0.0,0.0,0.19303756952285767,0.209485724568367,5.134138584136963,0.060464080423116684,0.32148367166519165,0.16476011276245117,0.0,0.0,0.19303756952285767,0.209485724568367,5.648659706115723,0.43470990657806396,0.0013719272101297975,0.037006676197052,0.0011773704318329692,0.022559380158782005,0.0011773704318329692,0.022559380158782005,5.648659706115723,0.43471217155456543,0.33000001311302185,0.0,0.3799999952316284,0.0,-0.7734652161598206,0.20009949803352356,17.89023208618164,49.24494934082031,0.12244898080825806,0.030612245202064514,0.0,0.0,0.0,0.0,9.5367431640625e-07,0.5108252763748169,0.5108252763748169,10.740352630615234,0.0,0.90697181224823,39.2105598449707,0.6493098139762878,0.03938168287277222,46.0,23.0,0.0,1.0
37,env000062,8,raw,0.01,300,5.31779670715332,0.8369091153144836,4.480887591838837,84.26210775999199,4.76837158203125e-07,5.088995933532715,0.634218156337738,0.8687580227851868,0.6971733570098877,3.602137565612793,4.004209518432617,0.0,0.0,0.011611586436629295,0.028396720066666603,5.088995933532715,0.634218156337738,0.2171895056962967,0.17429333925247192,0.0,0.0,0.011611586436629295,0.028396720066666603,5.31779670715332,0.836908221244812,0.0024837974924594164,0.016596706584095955,0.0017286880174651742,0.00914088636636734,0.0017286880174651742,0.00914088636636734,5.31779670715332,0.8369091153144836,0.14000000059604645,0.019999999552965164,0.20999999344348907,0.019999999552965164,-1.108399510383606,-0.46391454339027405,21.07982635498047,25.94622039794922,0.06122449040412903,0.18367347121238708,0.0,0.0,0.0,0.0,4.76837158203125e-07,0.6810523867607117,0.6810523867607117,10.176168441772461,0.0,0.7723284959793091,26.98372459411621,0.83869469165802,0.09393519163131714,45.0,22.0,1.0,0.0
38,env000098,5,raw,0.01,300,5.320549488067627,0.0023467717692255974,5.318202716298401,99.95589230446049,9.5367431640625e-07,4.924315929412842,3.911069597961614e-06,1.1506017446517944,0.0,4.808611869812012,1.139172911643982,0.0,0.0,0.10858277976512909,0.0023427926935255527,4.924315929412842,3.911069597961614e-06,0.2876504361629486,0.0,0.0,0.0,0.10858277976512909,0.0023427926935255527,5.320549488067627,0.0023467037826776505,0.0014947816962376237,0.005418902728706598,0.000890483264811337,0.0006809205515310168,0.000890483264811337,0.0006809205515310168,5.320549488067627,0.0023467717692255974,0.14000000059604645,0.0,0.14000000059604645,0.0,-1.1577627658843994,1.267326831817627,17.642255783081055,29.458816528320312,0.12244898080825806,0.0,0.0,0.0,0.0,0.0,9.5367431640625e-07,0.43901965022087097,0.43901965022087097,14.972840309143066,0.0,0.7616682648658752,19.065263748168945,0.7424458861351013,0.06889224052429199,46.0,23.0,0.0,0.0
39,env000073,13,raw,0.01,300,5.519256591796875,0.7532967925071716,4.765959799289703,86.35148085655636,5.960464477539062e-07,4.815986633300781,0.35641658306121826,1.7466539144515991,1.3946874141693115,9.107224464416504,4.5965256690979,0.0,0.0,0.26660650968551636,0.04820612818002701,4.815986633300781,0.35641658306121826,0.4366634786128998,0.3486718535423279,0.0,0.0,0.26660650968551636,0.04820612818002701,5.519256591796875,0.7532945871353149,0.0011760153574869037,0.03272652253508568,0.0005749257397837937,0.021835090592503548,0.0005749257397837937,0.021835090592503548,5.519256591796875,0.7532967925071716,0.36000001430511475,0.0,0.38999998569488525,0.05999999865889549,-0.7322248816490173,0.04510039836168289,13.819314002990723,30.487152099609375,0.15306122601032257,0.3979591727256775,0.0,0.0,0.0,0.0,5.960464477539062e-07,0.2510174810886383,0.2510174810886383,19.027099609375,0.0,0.6375583410263062,44.301063537597656,0.9702091813087463,0.168890118598938,25.0,12.0,1.0,0.0
40,env000082,13,raw,0.01,300,5.346995830535889,0.0022965208627283573,5.34469930967316,99.95705025895825,9.5367431640625e-07,4.762782096862793,4.918973718304187e-05,1.414964199066162,0.0,8.570147514343262,1.2584969997406006,0.0,0.0,0.2304723709821701,0.002247215248644352,4.762782096862793,4.918973718304187e-05,0.3537410497665405,0.0,0.0,0.0,0.2304723709821701,0.002247215248644352,5.346995830535889,0.0022964049130678177,0.0007965219556353986,0.005668585188686848,0.0004388542438391596,0.001160147599875927,0.0004388542438391596,0.001160147599875927,5.346995830535889,0.0022965208627283573,0.17000000178813934,0.0,0.18000000715255737,0.0,-0.8229737877845764,0.9901610016822815,13.993376731872559,23.338741302490234,0.051020409911870956,0.0,0.0,0.0,0.0,0.0,9.5367431640625e-07,0.1725582480430603,0.1725582480430603,14.672579765319824,0.0,0.5497720241546631,21.106237411499023,1.0865974426269531,0.4097621440887451,32.0,16.0,0.0,1.0
41,env000062,16,raw,0.01,300,5.432032585144043,0.47718340158462524,4.954849183559418,91.21538035523453,0.0,4.7547760009765625,0.3204103410243988,1.448505163192749,0.5423249006271362,6.645833492279053,3.0141046047210693,0.0,0.0,0.31513020396232605,0.021187739446759224,4.7547760009765625,0.3204103410243988,0.36212629079818726,0.13558122515678406,0.0,0.0,0.31513020396232605,0.021187739446759224,5.432032585144043,0.47717931866645813,0.0027631730772554874,0.05136900395154953,0.0023637902922928333,0.0407162606716156,0.0023637902922928333,0.0407162606716156,5.432032585144043,0.47718340158462524,0.20999999344348907,0.009999999776482582,0.23000000417232513,0.009999999776482582,-0.7984116077423096,-0.4679500460624695,18.971744537353516,29.55523681640625,0.08163265138864517,0.08163265138864517,0.0,0.0,0.0,0.0,0.0,0.5750002861022949,0.5750002861022949,8.628080368041992,0.0,0.804273784160614,36.70018768310547,0.7735195755958557,0.09621721506118774,47.0,23.0,1.0,0.0
42,env000062,11,raw,0.01,300,4.876251697540283,0.5039734244346619,4.372278273105621,89.66473726758444,1.1920928955078125e-07,4.752430438995361,0.13810576498508453,0.30102354288101196,0.38495534658432007,2.678689479827881,2.370490789413452,0.0,0.0,0.04856545105576515,0.26962628960609436,4.752430438995361,0.13810576498508453,0.07525588572025299,0.09623883664608002,0.0,0.0,0.04856545105576515,0.26962628960609436,4.876251697540283,0.5039708614349365,0.0005959752597846091,0.05710182338953018,0.0003697732463479042,0.02571459487080574,0.0003697732463479042,0.02571459487080574,4.876251697540283,0.5039734244346619,0.23000000417232513,0.0,0.23000000417232513,0.019999999552965164,-0.8446717858314514,0.006449542939662933,16.938676834106445,49.193336486816406,0.030612245202064514,0.0714285746216774,0.0,0.0,0.0,0.0,1.1920928955078125e-07,0.17881840467453003,0.17881840467453003,19.712766647338867,0.0,0.8309962153434753,55.82243347167969,0.647050142288208,0.10187393426895142,35.0,17.0,1.0,1.0
43,env000076,19,raw,0.01,300,5.27645206451416,0.00862155482172966,5.2678305096924305,99.83660318114681,0.0,4.6979594230651855,0.00026626067119650543,1.2534003257751465,0.0,4.857631683349609,0.9291596412658691,0.0,0.0,0.265142560005188,0.00835521798580885,4.6979594230651855,0.00026626067119650543,0.3133500814437866,0.0,0.0,0.0,0.265142560005188,0.00835521798580885,5.27645206451416,0.008621478453278542,0.0026341339107602835,0.0030808227602392435,0.0023184495512396097,0.0007674449007026851,0.0023184495512396097,0.0007674449007026851,5.27645206451416,0.00862155482172966,0.23000000417232513,0.0,0.23999999463558197,0.0,-0.8125874996185303,0.7884590029716492,19.888351440429688,23.4556827545166,0.08163265138864517,0.0,0.0,0.0,0.0,0.0,0.0,0.42938512563705444,0.42938512563705444,13.780205726623535,0.0,0.6380870342254639,13.293962478637695,0.8886719346046448,0.16684889793395996,46.0,23.0,0.0,1.0
44,env000093,16,raw,0.01,300,4.905327796936035,0.02201380953192711,4.883313987404108,99.55122653483673,0.0,4.563063144683838,0.016802292317152023,0.735054612159729,0.0,4.517979145050049,1.3644531965255737,0.0,0.0,0.15850122272968292,0.005211443640291691,4.563063144683838,0.016802292317152023,0.18376365303993225,0.0,0.0,0.0,0.15850122272968292,0.005211443640291691,4.905327796936035,0.02201373502612114,0.0008469442254863679,0.003465228481218219,0.0005757275503128767,0.000748255813959986,0.0005757275503128767,0.000748255813959986,4.905327796936035,0.02201380953192711,0.14000000059604645,0.0,0.14000000059604645,0.0,-0.9861559867858887,0.3009188175201416,17.940393447875977,22.337100982666016,0.040816325694322586,0.0,0.0,0.0,0.0,0.0,0.0,0.4138956665992737,0.4138956665992737,10.024611473083496,0.0,0.7647150158882141,15.56920051574707,0.9276710152626038,0.09133851528167725,7.0,3.0,1.0,0.0
45,env000065,12,raw,0.01,300,5.09012508392334,0.004186566453427076,5.085938517469913,99.91775120680924,0.0,4.499311447143555,0.0015724708791822195,1.5651986598968506,0.0,5.057396411895752,1.318711519241333,0.0,0.0,0.19951359927654266,0.0026138753164559603,4.499311447143555,0.0015724708791822195,0.39129966497421265,0.0,0.0,0.0,0.19951359927654266,0.0026138753164559603,5.090124607086182,0.00418634619563818,0.004168418701738119,0.008606897667050362,0.0035882717929780483,0.002203752752393484,0.0035882717929780483,0.002203752752393484,5.09012508392334,0.004186566453427076,0.1599999964237213,0.0,0.20000000298023224,0.0,-0.8833060264587402,0.4827912747859955,20.27692413330078,30.85464096069336,0.1428571492433548,0.0,0.0,0.0,0.0,0.0,0.0,0.6372858881950378,0.6372858881950378,12.82969856262207,0.0,0.8849254250526428,17.306907653808594,0.5995801687240601,0.03524518013000488,4.0,2.0,0.0,1.0
46,env000070,14,raw,0.01,300,4.621960639953613,0.03463175520300865,4.587328884750605,99.25071289219468,4.76837158203125e-07,4.473478317260742,0.03317095711827278,0.4555228650569916,0.0,3.169431686401367,1.326010823249817,0.0,0.0,0.034601643681526184,0.0014605410397052765,4.473478317260742,0.03317095711827278,0.1138807162642479,0.0,0.0,0.0,0.034601643681526184,0.0014605410397052765,4.621960639953613,0.03463149815797806,0.00025759925483725965,0.008034328930079937,0.000202511582756415,0.0025674663484096527,0.000202511582756415,0.0025674663484096527,4.621960639953613,0.03463175520300865,0.25,0.0,0.28999999165534973,0.0,-0.6746786832809448,0.1583697348833084,14.557154655456543,20.37388801574707,0.020408162847161293,0.0,0.0,0.0,0.0,0.0,4.76837158203125e-07,0.20023226737976074,0.20023226737976074,11.491008758544922,0.0,0.6372313499450684,14.883627891540527,0.9948983192443848,0.18789970874786377,34.0,17.0,0.0,0.0
47,env000015,19,raw,0.01,300,4.608753204345703,0.011620732955634594,4.5971324713900685,99.74785516949188,7.152557373046875e-07,4.382914066314697,0.007047496736049652,0.5529589653015137,0.0,4.3992486000061035,1.3566044569015503,0.0,0.0,0.08759935200214386,0.004572887904942036,4.382914066314697,0.007047496736049652,0.13823974132537842,0.0,0.0,0.0,0.08759935200214386,0.004572887904942036,4.608753204345703,0.011620384640991688,0.0008556596585549414,0.014192095957696438,0.000531382451299578,0.003483035136014223,0.000531382451299578,0.003483035136014223,4.608753204345703,0.011620732955634594,0.25,0.0,0.25,0.0,-0.7012516856193542,0.35715779662132263,18.526248931884766,34.513832092285156,0.040816325694322586,0.0,0.0,0.0,0.0,0.0,7.152557373046875e-07,0.4289237856864929,0.4289237856864929,11.55074691772461,0.0,0.7980512976646423,32.825958251953125,0.7319636940956116,0.11501866579055786,34.0,17.0,0.0,1.0
48,env000064,8,raw,0.01,300,4.928072452545166,0.818648636341095,4.109423816204071,83.38805599503121,1.1920928955078125e-07,4.340590953826904,0.7531610727310181,1.584726095199585,0.18582113087177277,8.100617408752441,2.3746109008789062,0.0,0.0,0.1912999153137207,0.019032074138522148,4.340590953826904,0.7531610727310181,0.39618152379989624,0.04645528271794319,0.0,0.0,0.1912999153137207,0.019032074138522148,4.928072452545166,0.8186483979225159,0.0007899244665168226,0.006477932445704937,0.00045589666115120053,0.0022122289519757032,0.00045589666115120053,0.0022122289519757032,4.928072452545166,0.818648636341095,0.20999999344348907,0.019999999552965164,0.23000000417232513,0.029999999329447746,-0.8734808564186096,-0.6502578854560852,13.895228385925293,23.046634674072266,0.06122449040412903,0.020408162847161293,0.0,0.0,0.0,0.0,1.1920928955078125e-07,0.2215627133846283,0.2215627133846283,12.994986534118652,0.0,0.6457100510597229,24.04798126220703,1.0014817714691162,0.29074639081954956,35.0,17.0,1.0,1.0
49,env000070,12,raw,0.01,300,4.42792272567749,0.6685343384742737,3.7593883872032166,84.90185172840872,2.384185791015625e-07,4.305550575256348,0.619519829750061,0.0,0.15721464157104492,1.1459593772888184,1.9589030742645264,0.0,0.0,0.12237224727869034,0.009710024110972881,4.305550575256348,0.619519829750061,0.0,0.03930366039276123,0.0,0.0,0.12237224727869034,0.009710024110972881,4.42792272567749,0.6685335040092468,0.0001569839660078287,0.010794179514050484,7.62732233852148e-05,0.008583534508943558,7.62732233852148e-05,0.008583534508943558,4.42792272567749,0.6685343384742737,0.20999999344348907,0.019999999552965164,0.23000000417232513,0.029999999329447746,-0.8078479766845703,-0.6826688051223755,13.998620986938477,19.85704803466797,0.0,0.020408162847161293,0.0,0.0,0.0,0.0,2.384185791015625e-07,0.1830480396747589,0.1830480396747589,11.15654182434082,0.0,0.7070133090019226,21.316905975341797,0.8969928622245789,0.2301403284072876,33.0,16.0,1.0,1.0
0,env000028,18,raw,0.03,300,14.120255470275879,1.8241113424301147,12.296144127845764,87.08159816038743,0.0,9.246241569519043,1.6161333322525024,14.658866882324219,0.014522885903716087,86.41881561279297,1.5016602277755737,0.0,0.0,1.2092915773391724,0.20434679090976715,9.246241569519043,1.6161333322525024,3.6647167205810547,0.003630721475929022,0.0,0.0,1.2092915773391724,0.20434679090976715,14.12024974822998,1.8241108655929565,0.058035608381032944,0.01801006682217121,0.052785083651542664,0.004690513946115971,0.052785083651542664,0.004690513946115971,14.120255470275879,1.8241113424301147,0.4399999976158142,0.03999999910593033,0.4699999988079071,0.05000000074505806,-1.6023300886154175,-1.555902123451233,12.17909049987793,29.27739906311035,0.06122449040412903,0.010204081423580647,0.0,0.0,0.0,0.0,0.0,0.14494743943214417,0.14494743943214417,16.50389862060547,0.0,0.9504185318946838,23.150726318359375,0.850743293762207,0.028913557529449463,6.0,3.0,0.0,1.0
1,env000053,3,raw,0.03,300,9.467486381530762,0.6946715116500854,8.772814869880676,92.66255599791243,0.0,9.181839942932129,0.6869279146194458,0.9411609768867493,0.0,4.595371723175049,1.3492631912231445,0.0,0.0,0.050355568528175354,0.007742816116660833,9.181839942932129,0.6869279146194458,0.23529024422168732,0.0,0.0,0.0,0.050355568528175354,0.007742816116660833,9.467486381530762,0.6946707367897034,0.001515784882940352,0.03743662312626839,0.0009940899908542633,0.00804092176258564,0.0009940899908542633,0.00804092176258564,9.467486381530762,0.6946715116500854,0.3100000023841858,0.009999999776482582,0.33000001311302185,0.009999999776482582,-1.449889063835144,-1.3700237274169922,18.278919219970703,47.798336029052734,0.0714285746216774,0.0,0.0,0.0,0.0,0.0,0.0,0.47631484270095825,0.47631484270095825,11.198343276977539,0.0,0.9649605751037598,32.28947067260742,0.5845290422439575,0.014016926288604736,47.0,23.0,1.0,0.0
2,env000071,1,raw,0.03,300,9.585968017578125,0.06157989427447319,9.524388123303652,99.35760380003822,1.1920928955078125e-07,8.704936981201172,0.03222443535923958,2.1023285388946533,0.0,9.352002143859863,1.397071361541748,0.0,0.0,0.355448842048645,0.029354862868785858,8.704936981201172,0.03222443535923958,0.5255821347236633,0.0,0.0,0.0,0.355448842048645,0.029354862868785858,9.585968017578125,0.061579298228025436,0.002335905795916915,0.018307914957404137,0.0013696287060156465,0.005975973792374134,0.0013696287060156465,0.005975973792374134,9.585968017578125,0.06157989427447319,0.46000000834465027,0.0,0.47999998927116394,0.0,-1.420353889465332,0.26362764835357666,16.846967697143555,41.637107849121094,0.13265305757522583,0.0,0.0,0.0,0.0,0.0,1.1920928955078125e-07,0.4709989130496979,0.4709989130496979,11.21730899810791,0.0,0.915724515914917,32.35218811035156,1.1715831756591797,0.08654898405075073,18.0,9.0,0.0,0.0
3,env000098,15,raw,0.03,300,9.555397987365723,0.1584388166666031,9.39695917069912,98.34189201877209,0.0,8.304899215698242,0.05373086780309677,3.0685720443725586,0.30146875977516174,18.43829917907715,2.536414384841919,0.0,0.0,0.48335573077201843,0.02933867834508419,8.304899215698242,0.05373086780309677,0.7671430110931396,0.07536718994379044,0.0,0.0,0.48335573077201843,0.02933867834508419,9.555397987365723,0.15843673050403595,0.003083831164985895,0.038054898381233215,0.0013566215056926012,0.020824141800403595,0.0013566215056926012,0.020824141800403595,9.555397987365723,0.1584388166666031,0.4300000071525574,0.0,0.46000000834465027,0.0,-1.275104284286499,0.2598457336425781,15.69437313079834,37.36347961425781,0.09183673560619354,0.020408162847161293,0.0,0.0,0.0,0.0,0.0,0.2877865135669708,0.2877865135669708,18.413808822631836,0.0,0.9154309034347534,36.066043853759766,1.0307003259658813,0.06946492195129395,29.0,14.0,1.0,1.0
4,env000079,19,raw,0.03,300,8.78853988647461,0.4075019061565399,8.38103798031807,95.36325815868825,0.0,8.09712028503418,0.39836564660072327,1.5660032033920288,0.0,6.3347344398498535,1.271695613861084,0.0,0.0,0.2999192774295807,0.009124791249632835,8.09712028503418,0.39836564660072327,0.3915008008480072,0.0,0.0,0.0,0.2999192774295807,0.009124791249632835,8.78853988647461,0.40749043226242065,0.0022381783928722143,0.2566285729408264,0.001185613451525569,0.11470981687307358,0.001185613451525569,0.11470981687307358,8.78853988647461,0.4075019061565399,0.1899999976158142,0.009999999776482582,0.20000000298023224,0.009999999776482582,-1.3750029802322388,-0.731518566608429,17.062971115112305,55.09899139404297,0.13265305757522583,0.0,0.0,0.0,0.0,0.0,0.0,0.3861068785190582,0.3861068785190582,17.102638244628906,0.0,0.9880322813987732,53.71330642700195,0.44458478689193726,0.00851219892501831,46.0,23.0,0.0,0.0
5,env000064,16,raw,0.03,300,8.92863941192627,0.2525347173213959,8.676104694604874,97.1716327015729,1.0662403155947686e-06,7.7443342208862305,0.24516797065734863,3.550551652908325,0.0005804300308227539,14.371979713439941,1.4040629863739014,0.0,0.0,0.296662837266922,0.007218447048217058,7.7443342208862305,0.24516797065734863,0.8876379132270813,0.00014510750770568848,0.0,0.0,0.296662837266922,0.007218447048217058,8.928635597229004,0.2525315284729004,0.021138811483979225,0.034112393856048584,0.039418093860149384,0.03176901862025261,0.039418093860149384,0.03176901862025261,8.92863941192627,0.2525347173213959,0.3499999940395355,0.009999999776482582,0.36000001430511475,0.009999999776482582,-1.517952561378479,-0.3813064992427826,20.390674591064453,28.159217834472656,0.09183673560619354,0.010204081423580647,0.0,0.0,0.0,0.0,1.0662403155947686e-06,0.49164485931396484,0.49164485931396484,19.662343978881836,0.0,0.7741320133209229,24.954906463623047,1.453299880027771,0.16841739416122437,7.0,3.0,1.0,1.0
6,env000073,2,raw,0.03,300,8.008231163024902,0.7857106328010559,7.222520530223846,90.18871187898785,4.76837158203125e-07,7.717954635620117,0.31640803813934326,0.45072659850120544,0.004003858659416437,2.4534785747528076,1.4280269145965576,0.0,0.0,0.17759491503238678,0.46830102801322937,7.717954635620117,0.31640803813934326,0.11268164962530136,0.0010009646648541093,0.0,0.0,0.17759491503238678,0.46830102801322937,8.008231163024902,0.7857100367546082,0.0009809486800804734,0.0240401029586792,0.00032115637441165745,0.005743932910263538,0.00032115637441165745,0.005743932910263538,8.008231163024902,0.7857106328010559,0.44999998807907104,0.009999999776482582,0.46000000834465027,0.019999999552965164,-1.1630653142929077,-0.255026251077652,13.463128089904785,36.428653717041016,0.08163265138864517,0.010204081423580647,0.0,0.0,0.0,0.0,4.76837158203125e-07,0.4514608383178711,0.4514608383178711,9.067285537719727,0.0,0.9791735410690308,31.060487747192383,0.6381126046180725,0.0164911150932312,23.0,11.0,1.0,0.0
7,env000098,8,raw,0.03,300,7.787880897521973,0.6750410795211792,7.1128398180007935,91.33215969268392,4.76837158203125e-07,7.642445087432861,0.49867287278175354,0.48315685987472534,0.5196629762649536,3.610280752182007,3.154754400253296,0.0,0.0,0.024646813049912453,0.046449631452560425,7.642445087432861,0.49867287278175354,0.12078921496868134,0.1299157440662384,0.0,0.0,0.024646813049912453,0.046449631452560425,7.787880897521973,0.67503821849823,0.00018326443387195468,0.057567473500967026,5.838513243361376e-05,0.028495989739894867,5.838513243361376e-05,0.028495989739894867,7.787880897521973,0.6750410795211792,0.6499999761581421,0.019999999552965164,0.6800000071525574,0.03999999910593033,-1.0417883396148682,-0.3734169006347656,10.432659149169922,44.24363708496094,0.08163265138864517,0.040816325694322586,0.0,0.0,0.0,0.0,4.76837158203125e-07,0.16759268939495087,0.16759268939495087,13.832291603088379,0.0,0.9327635765075684,40.654449462890625,0.8318803310394287,0.04379349946975708,42.0,21.0,0.0,1.0
8,env000075,2,raw,0.03,300,7.496397018432617,0.7100569605827332,6.786340057849884,90.52802354468687,4.76837158203125e-07,7.366703510284424,0.12205937504768372,0.4088095724582672,0.0014889240264892578,3.9958178997039795,1.410422444343567,0.0,0.0,0.02749105542898178,0.5876224637031555,7.366703510284424,0.12205937504768372,0.1022023931145668,0.00037223100662231445,0.0,0.0,0.02749105542898178,0.5876224637031555,7.496397018432617,0.7100540399551392,0.00021959489095024765,0.07245141267776489,0.00011937230010516942,0.02913673408329487,0.00011937230010516942,0.02913673408329487,7.496397018432617,0.7100569605827332,0.23999999463558197,0.009999999776482582,0.23999999463558197,0.009999999776482582,-1.2015327215194702,-0.07222384959459305,13.131914138793945,51.934635162353516,0.020408162847161293,0.010204081423580647,0.0,0.0,0.0,0.0,4.76837158203125e-07,0.09873929619789124,0.09873929619789124,21.96581268310547,0.0,0.8671354651451111,38.976558685302734,1.0330026149749756,0.15242743492126465,29.0,14.0,1.0,0.0
9,env000096,17,raw,0.03,300,9.09707260131836,0.07067058235406876,9.02640201896429,99.22315028744711,4.76837158203125e-07,7.362326622009277,0.05856625363230705,6.255550384521484,0.0013931512366980314,20.397174835205078,1.4097520112991333,0.0,0.0,0.17085610330104828,0.011755570769309998,7.362326622009277,0.05856625363230705,1.563887596130371,0.00034828780917450786,0.0,0.0,0.17085610330104828,0.011755570769309998,9.097070693969727,0.07067011296749115,0.010512541979551315,0.008039852604269981,0.016807854175567627,0.004715349525213242,0.016807854175567627,0.004715349525213242,9.09707260131836,0.07067058235406876,0.5299999713897705,0.0,0.5699999928474426,0.009999999776482582,-1.1404790878295898,0.11953167617321014,12.051583290100098,24.775663375854492,0.1734693944454193,0.010204081423580647,0.0,0.0,0.0,0.0,4.76837158203125e-07,0.38526755571365356,0.38526755571365356,13.480255126953125,0.0,0.9739108085632324,13.710799217224121,0.6019079685211182,0.011884808540344238,7.0,3.0,1.0,1.0
10,env000064,13,raw,0.03,300,7.484281539916992,0.7032012343406677,6.7810803055763245,90.60429206744584,4.76837158203125e-07,7.218011856079102,0.498043030500412,0.9054061770439148,0.043723009526729584,4.711853504180908,1.5775574445724487,0.0,0.0,0.0399177223443985,0.19422647356987,7.218011856079102,0.498043030500412,0.2263515442609787,0.010930752381682396,0.0,0.0,0.0399177223443985,0.19422647356987,7.484281539916992,0.7032002210617065,0.0009170506964437664,0.03364643454551697,0.0005336567992344499,0.010264927521348,0.0005336567992344499,0.010264927521348,7.484281539916992,0.7032012343406677,0.3499999940395355,0.019999999552965164,0.36000001430511475,0.019999999552965164,-1.1648136377334595,-0.5714744329452515,17.778169631958008,48.347469329833984,0.051020409911870956,0.020408162847161293,0.0,0.0,0.0,0.0,4.76837158203125e-07,0.4328294098377228,0.4328294098377228,10.528029441833496,0.0,0.9952254891395569,35.31048583984375,0.29370296001434326,0.002310037612915039,6.0,3.0,0.0,1.0
11,env000065,9,raw,0.03,300,8.620216369628906,0.11761598289012909,8.502600386738777,98.63557969026719,7.152557373046875e-07,7.197836399078369,0.11205148696899414,3.9372096061706543,0.0,15.7604398727417,1.2361359596252441,0.0,0.0,0.43807774782180786,0.005563796032220125,7.197836399078369,0.11205148696899414,0.9843024015426636,0.0,0.0,0.0,0.43807774782180786,0.005563796032220125,8.620216369628906,0.11761528253555298,0.0006508479127660394,0.011556519195437431,0.00038926940760575235,0.007039773743599653,0.00038926940760575235,0.007039773743599653,8.620216369628906,0.11761598289012909,0.30000001192092896,0.009999999776482582,0.33000001311302185,0.009999999776482582,-1.1581223011016846,-0.09071911126375198,9.151106834411621,25.170808792114258,0.23469388484954834,0.0,0.0,0.0,0.0,0.0,7.152557373046875e-07,0.2434191256761551,0.2434191256761551,13.189691543579102,0.0,0.8993586897850037,16.180877685546875,0.9845460057258606,0.07231312990188599,43.0,21.0,1.0,1.0
12,env000065,15,raw,0.03,300,7.356253623962402,0.14495043456554413,7.211303189396858,98.02956175826537,4.76837158203125e-07,7.1496710777282715,0.13970325887203217,0.5131604075431824,0.0,4.190434455871582,1.2196669578552246,0.0,0.0,0.07829213887453079,0.005245888605713844,7.1496710777282715,0.13970325887203217,0.1282901018857956,0.0,0.0,0.0,0.07829213887453079,0.005245888605713844,7.356253623962402,0.14494915306568146,0.0005930943298153579,0.0528285838663578,0.0005902958801016212,0.012861254625022411,0.0005902958801016212,0.012861254625022411,7.356253623962402,0.14495043456554413,0.3499999940395355,0.009999999776482582,0.3700000047683716,0.009999999776482582,-1.3337466716766357,-0.15158995985984802,17.014572143554688,31.55632781982422,0.020408162847161293,0.0,0.0,0.0,0.0,0.0,4.76837158203125e-07,0.22771863639354706,0.22771863639354706,12.399147987365723,0.0,0.9223589897155762,21.64711570739746,0.8912498950958252,0.037747979164123535,42.0,21.0,0.0,1.0
13,env000040,9,raw,0.03,300,7.489537715911865,0.018863273784518242,7.470674442127347,99.74813834311239,3.5762786865234375e-07,7.1184797286987305,0.005751543678343296,1.082521677017212,0.0,5.784343242645264,1.2357981204986572,0.0,0.0,0.10042756795883179,0.013111401349306107,7.1184797286987305,0.005751543678343296,0.270630419254303,0.0,0.0,0.0,0.10042756795883179,0.013111401349306107,7.489537715911865,0.018862944096326828,0.0007529027061536908,0.016040010377764702,0.00031376429251395166,0.0032977855298668146,0.00031376429251395166,0.0032977855298668146,7.489537715911865,0.018863273784518242,0.20000000298023224,0.0,0.20000000298023224,0.0,-1.3597196340560913,0.40034133195877075,14.400762557983398,36.889976501464844,0.09183673560619354,0.0,0.0,0.0,0.0,0.0,3.5762786865234375e-07,0.2773740887641907,0.2773740887641907,15.596485137939453,0.0,0.9771685004234314,26.12847328186035,0.5727970600128174,0.014199137687683105,13.0,6.0,1.0,1.0
14,env000070,19,raw,0.03,300,7.523976802825928,0.007861366495490074,7.516115436330438,99.89551580631485,7.152557373046875e-07,7.09885311126709,6.678303179796785e-05,1.2345690727233887,0.0,5.928017616271973,1.3647122383117676,0.0,0.0,0.1164812445640564,0.0077941943891346455,7.09885311126709,6.678303179796785e-05,0.30864226818084717,0.0,0.0,0.0,0.1164812445640564,0.0077941943891346455,7.523976802825928,0.007860977202653885,0.0022400931920856237,0.021025648340582848,0.0012174027506262064,0.003890181891620159,0.0012174027506262064,0.003890181891620159,7.523976802825928,0.007861366495490074,0.25,0.0,0.2800000011920929,0.0,-1.1937187910079956,0.8698328733444214,19.23587417602539,37.696292877197266,0.0714285746216774,0.0,0.0,0.0,0.0,0.0,7.152557373046875e-07,0.3696870505809784,0.3696870505809784,16.64562225341797,0.0,0.9103972911834717,21.58417320251465,0.9051567912101746,0.07180905342102051,39.0,19.0,1.0,1.0
15,env000071,13,raw,0.03,300,7.703134536743164,0.010080365464091301,7.693054171279073,99.86913943387579,1.430511474609375e-06,6.839238166809082,0.0010040363995358348,1.830457329750061,0.0,7.129632472991943,1.3483638763427734,0.0,0.0,0.4062812626361847,0.009073905646800995,6.839238166809082,0.0010040363995358348,0.45761433243751526,0.0,0.0,0.0,0.4062812626361847,0.009073905646800995,7.703134059906006,0.010077942162752151,0.0025863877963274717,0.06744406372308731,0.002672641770914197,0.024235066026449203,0.002672641770914197,0.024235066026449203,7.703134536743164,0.010080365464091301,0.18000000715255737,0.0,0.2199999988079071,0.0,-1.4003098011016846,0.6127686500549316,19.29998779296875,49.72798538208008,0.0714285746216774,0.0,0.0,0.0,0.0,0.0,1.430511474609375e-06,0.5833560824394226,0.5833560824394226,9.325439453125,0.0,0.9676901698112488,50.180728912353516,0.7673781514167786,0.029376685619354248,33.0,16.0,1.0,0.0
16,env000065,10,raw,0.03,300,7.071628093719482,0.02146040089428425,7.050167692825198,99.6965281458545,4.76837158203125e-07,6.756982803344727,0.018454192206263542,1.12558913230896,0.0,3.999455690383911,1.3867648839950562,0.0,0.0,0.03324776515364647,0.0030049795750528574,6.756982803344727,0.018454192206263542,0.28139728307724,0.0,0.0,0.0,0.03324776515364647,0.0030049795750528574,7.071628093719482,0.021459171548485756,0.0022806725464761257,0.05535869672894478,0.0017824330134317279,0.012294718995690346,0.0017824330134317279,0.012294718995690346,7.071628093719482,0.02146040089428425,0.20000000298023224,0.0,0.20999999344348907,0.0,-1.3281208276748657,0.22320686280727386,19.30569076538086,30.900564193725586,0.10204081982374191,0.0,0.0,0.0,0.0,0.0,4.76837158203125e-07,0.6771074533462524,0.6771074533462524,9.147558212280273,0.0,0.9557214975357056,23.78226089477539,0.6696010828018188,0.014880895614624023,5.0,2.0,1.0,0.0
17,env000075,7,raw,0.03,300,7.0244855880737305,0.18283061683177948,6.841654971241951,97.39723835234011,9.5367431640625e-07,6.667773246765137,0.024075869470834732,1.072521686553955,0.16046085953712463,6.4588623046875,1.9608814716339111,0.0,0.0,0.0885821282863617,0.1186390295624733,6.667773246765137,0.024075869470834732,0.26813042163848877,0.04011521488428116,0.0,0.0,0.0885821282863617,0.1186390295624733,7.0244855880737305,0.18283012509346008,0.0011678581358864903,0.017842533066868782,0.0006918186554685235,0.004847150761634111,0.0006918186554685235,0.004847150761634111,7.0244855880737305,0.18283061683177948,0.3499999940395355,0.0,0.3499999940395355,0.0,-0.985809326171875,0.2944403290748596,17.328445434570312,33.90687942504883,0.06122449040412903,0.09183673560619354,0.0,0.0,0.0,0.0,9.5367431640625e-07,0.4711049497127533,0.4711049497127533,10.367698669433594,0.0,0.9948883056640625,21.748138427734375,0.2927701473236084,0.0020868778228759766,4.0,2.0,0.0,0.0
18,env000040,2,raw,0.03,300,6.724930286407471,0.046707578003406525,6.678222708404064,99.30545632424156,0.0,6.594912528991699,0.03715645521879196,0.14460313320159912,0.021239519119262695,2.412221908569336,1.548676609992981,0.0,0.0,0.09386701881885529,0.004240370821207762,6.594912528991699,0.03715645521879196,0.03615078330039978,0.005309879779815674,0.0,0.0,0.09386701881885529,0.004240370821207762,6.724930286407471,0.046706706285476685,0.0002974335220642388,0.024613434448838234,0.0002380073710810393,0.008719104342162609,0.0002380073710810393,0.008719104342162609,6.724930286407471,0.046707578003406525,0.23000000417232513,0.0,0.25,0.0,-1.262349247932434,0.2314363420009613,19.834102630615234,36.088279724121094,0.010204081423580647,0.010204081423580647,0.0,0.0,0.0,0.0,0.0,0.19006158411502838,0.19006158411502838,15.939745903015137,0.0,0.9258767366409302,25.32643699645996,0.9156826734542847,0.08851069211959839,33.0,16.0,1.0,0.0
19,env000075,3,raw,0.03,300,6.672563076019287,0.08226260542869568,6.590300470590591,98.76715132563764,9.5367431640625e-07,6.478545665740967,0.007009339984506369,0.5160455703735352,0.12406239658594131,4.00889253616333,1.9262921810150146,0.0,0.0,0.0650056004524231,0.04423712193965912,6.478545665740967,0.007009339984506369,0.1290113925933838,0.03101559914648533,0.0,0.0,0.0650056004524231,0.04423712193965912,6.672563076019287,0.0822620615363121,0.0009444071911275387,0.014207183383405209,0.0005373008316382766,0.005447946954518557,0.0005373008316382766,0.005447946954518557,6.672563076019287,0.08226260542869568,0.38999998569488525,0.0,0.4300000071525574,0.0,-0.9833016395568848,0.4516908526420593,17.729267120361328,44.64566421508789,0.051020409911870956,0.030612245202064514,0.0,0.0,0.0,0.0,9.5367431640625e-07,0.5290111899375916,0.5290111899375916,8.776922225952148,0.0,0.9888744950294495,28.378358840942383,0.3984135389328003,0.004494071006774902,6.0,3.0,0.0,0.0
20,env000053,7,raw,0.03,300,6.983806133270264,0.17996861040592194,6.803837522864342,97.42305832991889,4.76837158203125e-07,6.367966175079346,0.023755650967359543,1.573495864868164,0.0,7.635694980621338,1.2464125156402588,0.0,0.0,0.22246608138084412,0.15621064603328705,6.367966175079346,0.023755650967359543,0.393373966217041,0.0,0.0,0.0,0.22246608138084412,0.15621064603328705,6.983806133270264,0.1799663007259369,0.0011538192629814148,0.05079047381877899,0.0006142366910353303,0.023146074265241623,0.0006142366910353303,0.023146074265241623,6.983806133270264,0.17996861040592194,0.23999999463558197,0.0,0.25999999046325684,0.0,-0.9221231937408447,0.21212834119796753,14.853523254394531,45.10268020629883,0.09183673560619354,0.0,0.0,0.0,0.0,0.0,4.76837158203125e-07,0.3543124496936798,0.3543124496936798,13.637068748474121,0.0,0.9367759227752686,33.81356430053711,0.7995547652244568,0.09346163272857666,41.0,20.0,1.0,0.0
21,env000073,19,raw,0.03,300,6.364980220794678,1.9380003213882446,4.426979899406433,69.55213914009174,4.76837158203125e-07,6.147644996643066,0.6621797680854797,0.6050187349319458,1.366419792175293,3.70969820022583,5.63290548324585,0.0,0.0,0.06608045101165771,0.9342144131660461,6.147644996643066,0.6621797680854797,0.15125468373298645,0.34160494804382324,0.0,0.0,0.06608045101165771,0.9342144131660461,6.364980220794678,1.9379990100860596,0.000620177888777107,0.02733410708606243,0.0002927319728769362,0.012709072791039944,0.0002927319728769362,0.012709072791039944,6.364980220794678,1.9380003213882446,0.4699999988079071,0.029999999329447746,0.550000011920929,0.03999999910593033,-0.8596760034561157,-0.33899986743927,14.311005592346191,29.135120391845703,0.09183673560619354,0.26530611515045166,0.0,0.0,0.0,0.0,4.76837158203125e-07,0.28071847558021545,0.28071847558021545,14.598082542419434,0.0,0.8929297924041748,28.140045166015625,1.1716786623001099,0.0424349308013916,41.0,20.0,1.0,0.0
22,env000079,2,raw,0.03,300,6.7893171310424805,0.15028773248195648,6.639029398560524,97.78640871267004,3.5762786865234375e-07,6.101341247558594,0.08723212033510208,1.6279398202896118,0.0,6.174586296081543,1.1955668926239014,0.0,0.0,0.2809908986091614,0.06305520236492157,6.101341247558594,0.08723212033510208,0.40698495507240295,0.0,0.0,0.0,0.2809908986091614,0.06305520236492157,6.7893171310424805,0.15028733015060425,0.00209315144456923,0.014418662525713444,0.0016325260512530804,0.0040208566933870316,0.0016325260512530804,0.0040208566933870316,6.7893171310424805,0.15028773248195648,0.23000000417232513,0.0,0.25,0.009999999776482582,-1.2548145055770874,0.08544349670410156,18.694568634033203,39.307289123535156,0.12244898080825806,0.0,0.0,0.0,0.0,0.0,3.5762786865234375e-07,0.52047199010849,0.52047199010849,11.304019927978516,0.0,0.9706807732582092,26.61235237121582,0.6382860541343689,0.016913652420043945,38.0,19.0,0.0,0.0
23,env000070,11,raw,0.03,300,6.266687870025635,0.3877934515476227,5.878894418478012,93.81182756201265,4.76837158203125e-07,5.864142417907715,0.34906071424484253,1.183672308921814,0.10367409884929657,5.702882289886475,1.699662208557129,0.0,0.0,0.10662756115198135,0.012813433073461056,5.864142417907715,0.34906071424484253,0.2959180772304535,0.025918524712324142,0.0,0.0,0.10662756115198135,0.012813433073461056,6.266687870025635,0.3877926468849182,0.0015367827145382762,0.01882803998887539,0.0010147077264264226,0.008090058341622353,0.0010147077264264226,0.008090058341622353,6.266687870025635,0.3877934515476227,0.15000000596046448,0.009999999776482582,0.1599999964237213,0.009999999776482582,-1.3546222448349,-0.507257878780365,18.023086547851562,28.751190185546875,0.12244898080825806,0.10204081982374191,0.0,0.0,0.0,0.0,4.76837158203125e-07,0.5685333013534546,0.5685333013534546,9.944540023803711,0.0,0.9531257748603821,26.341869354248047,0.809712290763855,0.015884995460510254,46.0,23.0,0.0,1.0
24,env000028,13,raw,0.03,300,6.207947731018066,0.0028832810930907726,6.205064449924976,99.95355500371429,5.960464477539062e-07,5.815141201019287,4.756334237754345e-05,1.059112310409546,0.004113531205803156,6.427130222320557,1.4287947416305542,0.0,0.0,0.12802855670452118,0.001807154156267643,5.815141201019287,4.756334237754345e-05,0.2647780776023865,0.001028382801450789,0.0,0.0,0.12802855670452118,0.001807154156267643,6.207947731018066,0.0028831004165112972,0.0011470462195575237,0.01133493147790432,0.00048763497034087777,0.001806135755032301,0.00048763497034087777,0.001806135755032301,6.207947731018066,0.0028832810930907726,0.25,0.0,0.25999999046325684,0.0,-0.9878916144371033,0.9361404776573181,15.4537992477417,30.354320526123047,0.09183673560619354,0.010204081423580647,0.0,0.0,0.0,0.0,5.960464477539062e-07,0.3136422634124756,0.3136422634124756,16.08830451965332,0.0,0.8693102598190308,17.894596099853516,0.9574746489524841,0.0582539439201355,46.0,23.0,0.0,1.0
25,env000079,12,raw,0.03,300,6.091620445251465,0.01770186424255371,6.073918581008911,99.70940631640383,9.5367431640625e-07,5.7524495124816895,0.015110193751752377,0.5848804116249084,0.0,4.15732479095459,1.3184173107147217,0.0,0.0,0.19295062124729156,0.002591449534520507,5.7524495124816895,0.015110193751752377,0.1462201029062271,0.0,0.0,0.0,0.19295062124729156,0.002591449534520507,6.091620445251465,0.017701642587780952,0.0006182498182170093,0.01126854307949543,0.0001306762860622257,0.0022225265856832266,0.0001306762860622257,0.0022225265856832266,6.091620445251465,0.01770186424255371,0.3199999928474426,0.0,0.3499999940395355,0.0,-0.946955144405365,0.25822097063064575,11.135222434997559,29.183366775512695,0.08163265138864517,0.0,0.0,0.0,0.0,0.0,9.5367431640625e-07,0.15569569170475006,0.15569569170475006,16.27873420715332,0.0,0.9752960801124573,19.358264923095703,0.5479117631912231,0.009976863861083984,31.0,15.0,1.0,0.0
26,env000028,14,raw,0.03,300,6.223657131195068,0.6713013052940369,5.5523558259010315,89.21371645090716,4.76837158203125e-07,5.712491512298584,0.49837759137153625,0.9094993472099304,0.0,5.455227375030518,1.3178858757019043,0.0,0.0,0.28379079699516296,0.17292213439941406,5.712491512298584,0.49837759137153625,0.2273748368024826,0.0,0.0,0.0,0.28379079699516296,0.17292213439941406,6.223657131195068,0.6712996959686279,0.0010685987072065473,0.04417206346988678,0.0002656886645127088,0.015825608745217323,0.0002656886645127088,0.015825608745217323,6.223657131195068,0.6713013052940369,0.15000000596046448,0.009999999776482582,0.1899999976158142,0.009999999776482582,-0.999423623085022,-0.8929877281188965,11.715460777282715,50.42886734008789,0.13265305757522583,0.0,0.0,0.0,0.0,0.0,4.76837158203125e-07,0.21523380279541016,0.21523380279541016,17.61656379699707,0.0,0.9547901153564453,35.893714904785156,0.704147219657898,0.037156105041503906,47.0,23.0,1.0,0.0
27,env000028,1,raw,0.03,300,6.269633769989014,0.003403358394280076,6.266230411594734,99.94571679113746,4.76837158203125e-07,5.542807102203369,1.977872489078436e-05,1.9245684146881104,0.0,8.285565376281738,1.0108144283294678,0.0,0.0,0.24568462371826172,0.0033834290225058794,5.542807102203369,1.977872489078436e-05,0.4811421036720276,0.0,0.0,0.0,0.24568462371826172,0.0033834290225058794,6.269633769989014,0.003403207752853632,0.001287693390622735,0.006696729455143213,0.0009067155187949538,0.001507313922047615,0.0009067155187949538,0.001507313922047615,6.269633769989014,0.003403358394280076,0.23000000417232513,0.0,0.23999999463558197,0.0,-1.113179087638855,1.1356414556503296,16.444599151611328,26.668373107910156,0.051020409911870956,0.0,0.0,0.0,0.0,0.0,4.76837158203125e-07,0.1641249805688858,0.1641249805688858,19.98012351989746,0.0,0.8896947503089905,13.631366729736328,1.0037187337875366,0.09407186508178711,12.0,6.0,0.0,1.0
28,env000013,19,raw,0.03,300,6.320464611053467,0.5158990025520325,5.804565608501434,91.83764114983242,9.5367431640625e-07,5.530374526977539,0.044943712651729584,2.2372710704803467,0.10887625068426132,14.650497436523438,2.10005784034729,0.0,0.0,0.230772465467453,0.44373542070388794,5.530374526977539,0.044943712651729584,0.5593177676200867,0.02721906267106533,0.0,0.0,0.230772465467453,0.44373542070388794,6.320464611053467,0.5158982276916504,0.0017268251394852996,0.025429051369428635,0.0009968060767278075,0.0076490119099617004,0.0009968060767278075,0.0076490119099617004,6.320464611053467,0.5158990025520325,0.4399999976158142,0.0,0.5099999904632568,0.009999999776482582,-0.7944350838661194,0.12530745565891266,13.125657081604004,30.560625076293945,0.16326530277729034,0.030612245202064514,0.0,0.0,0.0,0.0,9.5367431640625e-07,0.2929214835166931,0.2929214835166931,15.053845405578613,0.0,0.7970207929611206,23.625255584716797,1.2321746349334717,0.11780083179473877,4.0,2.0,0.0,1.0
29,env000071,18,raw,0.03,300,5.786039352416992,0.1178014948964119,5.66823785752058,97.96403916874152,4.76837158203125e-07,5.4339919090271,0.01986006647348404,1.1028525829315186,0.30194586515426636,5.40048885345459,3.5136210918426514,0.0,0.0,0.07633424550294876,0.02245090715587139,5.4339919090271,0.01986006647348404,0.27571314573287964,0.07548646628856659,0.0,0.0,0.07633424550294876,0.02245090715587139,5.786039352416992,0.11779744178056717,0.0018261580262333155,0.03590819612145424,0.0012026362819597125,0.04052598774433136,0.0012026362819597125,0.04052598774433136,5.786039352416992,0.1178014948964119,0.23999999463558197,0.0,0.25,0.0,-1.1245759725570679,0.3002181649208069,20.093507766723633,31.499542236328125,0.0714285746216774,0.010204081423580647,0.0,0.0,0.0,0.0,4.76837158203125e-07,0.6550530791282654,0.6550530791282654,10.118685722351074,0.0,0.9127202033996582,22.396251678466797,0.9930229783058167,0.0396265983581543,44.0,22.0,0.0,0.0
30,env000098,1,raw,0.03,300,5.704447269439697,0.0062852902337908745,5.698161979205906,99.88981771700367,0.0,5.372555732727051,0.0007321533630602062,1.1325700283050537,0.0,3.917875289916992,1.3028002977371216,0.0,0.0,0.048748843371868134,0.005552943795919418,5.372555732727051,0.0007321533630602062,0.2831425070762634,0.0,0.0,0.0,0.048748843371868134,0.005552943795919418,5.704447269439697,0.006285096984356642,0.0025301743298768997,0.007602090947329998,0.001680782763287425,0.0019309232011437416,0.001680782763287425,0.0019309232011437416,5.704447269439697,0.0062852902337908745,0.2199999988079071,0.0,0.23000000417232513,0.0,-1.108766794204712,0.6181396245956421,18.686616897583008,31.46139907836914,0.10204081982374191,0.0,0.0,0.0,0.0,0.0,0.0,0.5993808507919312,0.5993808507919312,10.503613471984863,0.0,0.9518674612045288,15.548158645629883,0.6522715091705322,0.01705193519592285,5.0,2.0,1.0,0.0
31,env000098,16,raw,0.03,300,5.565361022949219,0.008364623412489891,5.556996399536729,99.84970205206818,5.331201577973843e-07,5.291801452636719,0.0026056889910250902,0.6089732050895691,0.0044044493697583675,3.949209451675415,1.418646216392517,0.0,0.0,0.1213165670633316,0.004656595177948475,5.291801452636719,0.0026056889910250902,0.15224330127239227,0.0011011123424395919,0.0,0.0,0.1213165670633316,0.004656595177948475,5.565361022949219,0.008363395929336548,0.00039980633300729096,0.04717930406332016,0.00013135719927959144,0.012277497909963131,0.00013135719927959144,0.012277497909963131,5.565361022949219,0.008364623412489891,0.5,0.0,0.5099999904632568,0.0,-0.7831811904907227,0.4775948226451874,10.90953254699707,50.20500564575195,0.19387754797935486,0.020408162847161293,0.0,0.0,0.0,0.0,5.331201577973843e-07,0.28027763962745667,0.28027763962745667,13.758243560791016,0.0,0.981396496295929,37.329498291015625,0.47432348132133484,0.014956951141357422,22.0,11.0,0.0,0.0
32,env000096,12,raw,0.03,300,5.7118635177612305,0.015157826244831085,5.696705691516399,99.73462555262924,9.5367431640625e-07,5.290597438812256,0.003784934990108013,1.2809665203094482,0.0,5.755921363830566,1.3176820278167725,0.0,0.0,0.10102473944425583,0.011372119188308716,5.290597438812256,0.003784934990108013,0.32024163007736206,0.0,0.0,0.0,0.10102473944425583,0.011372119188308716,5.7118635177612305,0.015157054178416729,0.001472978969104588,0.023812102153897285,0.0009617224568501115,0.007718638516962528,0.0009617224568501115,0.007718638516962528,5.7118635177612305,0.015157826244831085,0.25,0.0,0.25999999046325684,0.0,-1.1398873329162598,0.41119760274887085,17.837799072265625,35.45387649536133,0.0714285746216774,0.0,0.0,0.0,0.0,0.0,9.5367431640625e-07,0.39658328890800476,0.39658328890800476,13.264824867248535,0.0,0.977210283279419,28.291959762573242,0.5967950820922852,0.013897716999053955,30.0,15.0,0.0,0.0
33,env000079,8,raw,0.03,300,7.90544319152832,0.5727274417877197,7.332715749740601,92.75527724490551,4.76837158203125e-07,5.261393070220947,0.4274923503398895,7.678278923034668,0.0,29.865516662597656,1.336857795715332,0.0,0.011736869812011719,0.7244797945022583,0.13349772989749908,5.261393070220947,0.4274923503398895,1.919569730758667,0.0,0.0,0.011736869812011719,0.7244797945022583,0.13349772989749908,7.905442237854004,0.5727269649505615,0.013744250871241093,0.02567232958972454,0.010130765847861767,0.004836738109588623,0.010130765847861767,0.004836738109588623,7.90544319152832,0.5727274417877197,0.17000000178813934,0.009999999776482582,0.20000000298023224,0.009999999776482582,-0.9321944713592529,-0.7607563138008118,14.330057144165039,35.620155334472656,0.18367347121238708,0.0,0.0,0.0,0.0,0.0,4.76837158203125e-07,0.3539060354232788,0.3539060354232788,14.660651206970215,0.0,0.9940498471260071,24.150814056396484,0.256884902715683,0.0024674534797668457,2.0,1.0,0.0,0.0
34,env000099,0,raw,0.03,300,5.478332996368408,0.5138745307922363,4.964458465576172,90.61987412716817,1.1920928955078125e-07,5.261017799377441,0.5064499378204346,0.6094968914985657,0.010133075527846813,4.490671634674072,1.4709315299987793,0.0,0.0,0.06494078040122986,0.004878633189946413,5.261017799377441,0.5064499378204346,0.15237422287464142,0.0025332688819617033,0.0,0.0,0.06494078040122986,0.004878633189946413,5.478332996368408,0.5138618350028992,0.0004743022145703435,0.10412769019603729,0.0002943398430943489,0.12672673165798187,0.0002943398430943489,0.12672673165798187,5.478332996368408,0.5138745307922363,0.33000001311302185,0.009999999776482582,0.3700000047683716,0.009999999776482582,-0.985522449016571,-0.9855210781097412,16.158056259155273,44.42864227294922,0.020408162847161293,0.010204081423580647,0.0,0.0,0.0,0.0,1.1920928955078125e-07,0.2236901819705963,0.2236901819705963,12.619253158569336,0.0,0.8553489446640015,33.000732421875,1.183340311050415,0.15471750497817993,24.0,12.0,0.0,1.0
35,env000082,19,raw,0.03,300,9.41952133178711,0.010452629998326302,9.409068701788783,99.88903225938824,4.76837158203125e-07,5.241971015930176,0.0009788178140297532,15.901652336120605,0.0,87.81346893310547,1.2644281387329102,0.0,0.0,0.20212426781654358,0.009473471902310848,5.241971015930176,0.0009788178140297532,3.9754130840301514,0.0,0.0,0.0,0.20212426781654358,0.009473471902310848,9.419508934020996,0.010452290065586567,0.11758731305599213,0.022802123799920082,0.12666091322898865,0.0033947641495615244,0.12666091322898865,0.0033947641495615244,9.41952133178711,0.010452629998326302,0.18000000715255737,0.0,0.1899999976158142,0.0,-0.9981019496917725,0.5328351259231567,10.83808422088623,34.94819259643555,0.09183673560619354,0.0,0.0,0.0,0.0,0.0,4.76837158203125e-07,0.21053114533424377,0.21053114533424377,18.77751350402832,0.0,0.9131995439529419,22.267433166503906,0.8219270706176758,0.05939638614654541,6.0,3.0,0.0,0.0
36,env000099,14,raw,0.03,300,5.648659706115723,0.4540831744670868,5.194576531648636,91.96122269543946,9.5367431640625e-07,5.134138584136963,0.0897541269659996,1.2859346866607666,0.6825219988822937,6.893893718719482,5.0795793533325195,0.0,0.0,0.19303756952285767,0.19369657337665558,5.134138584136963,0.0897541269659996,0.32148367166519165,0.17063049972057343,0.0,0.0,0.19303756952285767,0.19369657337665558,5.648659706115723,0.4540811777114868,0.0013719272101297975,0.039136145263910294,0.0011773704318329692,0.019860953092575073,0.0011773704318329692,0.019860953092575073,5.648659706115723,0.4540831744670868,0.33000001311302185,0.0,0.3799999952316284,0.009999999776482582,-0.7734652161598206,0.10835495591163635,17.89023208618164,38.10477828979492,0.12244898080825806,0.040816325694322586,0.0,0.0,0.0,0.0,9.5367431640625e-07,0.5108252763748169,0.5108252763748169,10.740352630615234,0.0,0.9165550470352173,32.109649658203125,0.9320539236068726,0.03532487154006958,46.0,23.0,0.0,1.0
37,env000062,8,raw,0.03,300,5.31779670715332,0.16450509428977966,5.153291612863541,96.90651780523139,4.76837158203125e-07,5.088995933532715,0.1250322461128235,0.8687580227851868,0.093175508081913,3.602137565612793,2.0522284507751465,0.0,0.0,0.011611586436629295,0.01617671363055706,5.088995933532715,0.1250322461128235,0.2171895056962967,0.02329387702047825,0.0,0.0,0.011611586436629295,0.01617671363055706,5.31779670715332,0.1645028442144394,0.0024837974924594164,0.05468117445707321,0.0017286880174651742,0.02242903783917427,0.0017286880174651742,0.02242903783917427,5.31779670715332,0.16450509428977966,0.14000000059604645,0.009999999776482582,0.20999999344348907,0.009999999776482582,-1.108399510383606,-0.03711242601275444,21.07982635498047,40.214420318603516,0.06122449040412903,0.010204081423580647,0.0,0.0,0.0,0.0,4.76837158203125e-07,0.6810523867607117,0.6810523867607117,10.176168441772461,0.0,0.9769505262374878,37.77210998535156,0.624962329864502,0.00950998067855835,45.0,22.0,1.0,0.0
38,env000098,5,raw,0.03,300,5.320549488067627,0.009559550322592258,5.310989937745035,99.82032776231043,9.5367431640625e-07,4.924315929412842,9.964672790374607e-05,1.1506017446517944,0.0,4.808611869812012,1.1452443599700928,0.0,0.0,0.10858277976512909,0.00945973489433527,4.924315929412842,9.964672790374607e-05,0.2876504361629486,0.0,0.0,0.0,0.10858277976512909,0.00945973489433527,5.320549488067627,0.009559381753206253,0.0014947816962376237,0.009845166467130184,0.000890483264811337,0.0016817216528579593,0.000890483264811337,0.0016817216528579593,5.320549488067627,0.009559550322592258,0.14000000059604645,0.0,0.14000000059604645,0.0,-1.1577627658843994,0.9270288944244385,17.642255783081055,30.708980560302734,0.12244898080825806,0.0,0.0,0.0,0.0,0.0,9.5367431640625e-07,0.43901965022087097,0.43901965022087097,14.972840309143066,0.0,0.9279812574386597,16.485126495361328,0.6779350638389587,0.034253835678100586,7.0,3.0,1.0,0.0
39,env000073,13,raw,0.03,300,5.519256591796875,0.08796855807304382,5.431288033723831,98.40615204946643,5.960464477539062e-07,4.815986633300781,0.07420559227466583,1.7466539144515991,0.0021011829376220703,9.107224464416504,1.4147082567214966,0.0,0.0,0.26660650968551636,0.013221519067883492,4.815986633300781,0.07420559227466583,0.4366634786128998,0.0005252957344055176,0.0,0.0,0.26660650968551636,0.013221519067883492,5.519256591796875,0.08795240521430969,0.0011760153574869037,0.16480864584445953,0.0005749257397837937,0.1614917814731598,0.0005749257397837937,0.1614917814731598,5.519256591796875,0.08796855807304382,0.36000001430511475,0.0,0.38999998569488525,0.0,-0.7322248816490173,0.22802862524986267,13.819314002990723,57.20720291137695,0.15306122601032257,0.010204081423580647,0.0,0.0,0.0,0.0,5.960464477539062e-07,0.2510174810886383,0.2510174810886383,19.027099609375,0.0,0.9680001735687256,54.29983901977539,0.6118188500404358,0.013428330421447754,47.0,23.0,1.0,0.0
40,env000082,13,raw,0.03,300,5.346995830535889,0.017434168606996536,5.329561661928892,99.67394460067777,9.5367431640625e-07,4.762782096862793,0.0008982749423012137,1.414964199066162,0.0,8.570147514343262,1.3813320398330688,0.0,0.0,0.2304723709821701,0.01653551310300827,4.762782096862793,0.0008982749423012137,0.3537410497665405,0.0,0.0,0.0,0.2304723709821701,0.01653551310300827,5.346995830535889,0.017433788627386093,0.0007965219556353986,0.008753933012485504,0.0004388542438391596,0.0038025625981390476,0.0004388542438391596,0.0038025625981390476,5.346995830535889,0.017434168606996536,0.17000000178813934,0.0,0.18000000715255737,0.0,-0.8229737877845764,0.6485780477523804,13.993376731872559,21.86305046081543,0.051020409911870956,0.0,0.0,0.0,0.0,0.0,9.5367431640625e-07,0.1725582480430603,0.1725582480430603,14.672579765319824,0.0,0.44673001766204834,22.085865020751953,2.3032419681549072,0.4039273262023926,29.0,14.0,1.0,0.0
41,env000062,16,raw,0.03,300,5.432032585144043,0.2948729693889618,5.137159615755081,94.57159056454478,0.0,4.7547760009765625,0.06509865075349808,1.448505163192749,0.7288994789123535,6.645833492279053,3.5689330101013184,0.0,0.0,0.31513020396232605,0.04753375053405762,4.7547760009765625,0.06509865075349808,0.36212629079818726,0.18222486972808838,0.0,0.0,0.31513020396232605,0.04753375053405762,5.432032585144043,0.2948572635650635,0.0027631730772554874,0.1148434430360794,0.0023637902922928333,0.15700410306453705,0.0023637902922928333,0.15700410306453705,5.432032585144043,0.2948729693889618,0.20999999344348907,0.0,0.23000000417232513,0.0,-0.7984116077423096,0.17789915204048157,18.971744537353516,46.244964599609375,0.08163265138864517,0.0714285746216774,0.0,0.0,0.0,0.0,0.0,0.5750002861022949,0.5750002861022949,8.628080368041992,0.0,0.974729061126709,45.60616683959961,0.5560718178749084,0.01242285966873169,47.0,23.0,1.0,0.0
42,env000062,11,raw,0.03,300,4.876251697540283,0.415023535490036,4.461228162050247,91.48888200952823,1.1920928955078125e-07,4.752430438995361,0.11188603937625885,0.30102354288101196,0.10333230346441269,2.678689479827881,1.875178575515747,0.0,0.0,0.04856545105576515,0.27730196714401245,4.752430438995361,0.11188603937625885,0.07525588572025299,0.025833075866103172,0.0,0.0,0.04856545105576515,0.27730196714401245,4.876251697540283,0.41502106189727783,0.0005959752597846091,0.04927964508533478,0.0003697732463479042,0.024750396609306335,0.0003697732463479042,0.024750396609306335,4.876251697540283,0.415023535490036,0.23000000417232513,0.0,0.23000000417232513,0.009999999776482582,-0.8446717858314514,0.07481218129396439,16.938676834106445,44.250858306884766,0.030612245202064514,0.020408162847161293,0.0,0.0,0.0,0.0,1.1920928955078125e-07,0.17881840467453003,0.17881840467453003,19.712766647338867,0.0,0.9561685919761658,43.24930953979492,0.9372281432151794,0.054485023021698,30.0,15.0,0.0,0.0
43,env000076,19,raw,0.03,300,5.27645206451416,0.0013768475037068129,5.275075217010453,99.97390580854574,0.0,4.6979594230651855,0.0002847178257070482,1.2534003257751465,0.0,4.857631683349609,0.8500898480415344,0.0,0.0,0.265142560005188,0.0010919574415311217,4.6979594230651855,0.0002847178257070482,0.3133500814437866,0.0,0.0,0.0,0.265142560005188,0.0010919574415311217,5.27645206451416,0.001376675209030509,0.0026341339107602835,0.007512076757848263,0.0023184495512396097,0.0017228808719664812,0.0023184495512396097,0.0017228808719664812,5.27645206451416,0.0013768475037068129,0.23000000417232513,0.0,0.23999999463558197,0.0,-0.8125874996185303,0.7520279288291931,19.888351440429688,25.179073333740234,0.08163265138864517,0.0,0.0,0.0,0.0,0.0,0.0,0.42938512563705444,0.42938512563705444,13.780205726623535,0.0,0.8283451199531555,12.465274810791016,0.9298850297927856,0.07913625240325928,46.0,23.0,0.0,1.0
44,env000093,16,raw,0.03,300,4.905327796936035,0.019849155098199844,4.885478641837835,99.59535517462058,0.0,4.563063144683838,0.019063804298639297,0.735054612159729,0.0,4.517979145050049,1.2499330043792725,0.0,0.0,0.15850122272968292,0.0007851017871871591,4.563063144683838,0.019063804298639297,0.18376365303993225,0.0,0.0,0.0,0.15850122272968292,0.0007851017871871591,4.905327796936035,0.019848905503749847,0.0008469442254863679,0.014406852424144745,0.0005757275503128767,0.002501899842172861,0.0005757275503128767,0.002501899842172861,4.905327796936035,0.019849155098199844,0.14000000059604645,0.0,0.14000000059604645,0.0,-0.9861559867858887,0.319053053855896,17.940393447875977,38.06418228149414,0.040816325694322586,0.0,0.0,0.0,0.0,0.0,0.0,0.4138956665992737,0.4138956665992737,10.024611473083496,0.0,0.9554045796394348,25.401823043823242,0.7425100803375244,0.015839099884033203,5.0,2.0,1.0,0.0
45,env000065,12,raw,0.03,300,5.09012508392334,0.014852955937385559,5.075272127985954,99.70820057086028,0.0,4.499311447143555,0.0015727829886600375,1.5651986598968506,0.0,5.057396411895752,1.365905523300171,0.0,0.0,0.19951359927654266,0.013279879465699196,4.499311447143555,0.0015727829886600375,0.39129966497421265,0.0,0.0,0.0,0.19951359927654266,0.013279879465699196,5.090124607086182,0.014852662570774555,0.004168418701738119,0.01088891364634037,0.0035882717929780483,0.0029350377153605223,0.0035882717929780483,0.0029350377153605223,5.09012508392334,0.014852955937385559,0.1599999964237213,0.0,0.20000000298023224,0.0,-0.8833060264587402,0.48279130458831787,20.27692413330078,28.317363739013672,0.1428571492433548,0.0,0.0,0.0,0.0,0.0,0.0,0.6372858881950378,0.6372858881950378,12.82969856262207,0.0,0.9711489081382751,13.87629508972168,0.4999846816062927,0.008836567401885986,4.0,2.0,0.0,1.0
46,env000070,14,raw,0.03,300,4.621960639953613,0.034627821296453476,4.58733281865716,99.25079800556672,4.76837158203125e-07,4.473478317260742,0.031531594693660736,0.4555228650569916,0.0,3.169431686401367,1.3557353019714355,0.0,0.0,0.034601643681526184,0.0030957830604165792,4.473478317260742,0.031531594693660736,0.1138807162642479,0.0,0.0,0.0,0.034601643681526184,0.0030957830604165792,4.621960639953613,0.03462737798690796,0.00025759925483725965,0.011914224363863468,0.000202511582756415,0.004439408890902996,0.000202511582756415,0.004439408890902996,4.621960639953613,0.034627821296453476,0.25,0.0,0.28999999165534973,0.0,-0.6746786832809448,0.1583697348833084,14.557154655456543,22.29967498779297,0.020408162847161293,0.0,0.0,0.0,0.0,0.0,4.76837158203125e-07,0.20023226737976074,0.20023226737976074,11.491008758544922,0.0,0.8257454037666321,13.790176391601562,1.2029461860656738,0.09016716480255127,32.0,16.0,0.0,0.0
47,env000015,19,raw,0.03,300,4.608753204345703,0.009215216152369976,4.599537988193333,99.80004969362038,7.152557373046875e-07,4.382914066314697,7.67459368944401e-06,0.5529589653015137,0.0,4.3992486000061035,1.2007519006729126,0.0,0.0,0.08759935200214386,0.009207474067807198,4.382914066314697,7.67459368944401e-06,0.13823974132537842,0.0,0.0,0.0,0.08759935200214386,0.009207474067807198,4.608753204345703,0.009215149097144604,0.0008556596585549414,0.005005951039493084,0.000531382451299578,0.0006685122498311102,0.000531382451299578,0.0006685122498311102,4.608753204345703,0.009215216152369976,0.25,0.0,0.25,0.0,-0.7012516856193542,1.1536527872085571,18.526248931884766,24.557798385620117,0.040816325694322586,0.0,0.0,0.0,0.0,0.0,7.152557373046875e-07,0.4289237856864929,0.4289237856864929,11.55074691772461,0.0,0.821315348148346,12.305682182312012,1.0447983741760254,0.09691303968429565,7.0,3.0,1.0,1.0
48,env000064,8,raw,0.03,300,4.928072452545166,0.2655590772628784,4.662513375282288,94.61129924894414,1.1920928955078125e-07,4.340590953826904,0.09980780631303787,1.584726095199585,0.5467942357063293,8.100617408752441,3.0801737308502197,0.0,0.0,0.1912999153137207,0.029039913788437843,4.340590953826904,0.09980780631303787,0.39618152379989624,0.13669855892658234,0.0,0.0,0.1912999153137207,0.029039913788437843,4.928072452545166,0.2655462920665741,0.0007899244665168226,0.12822791934013367,0.00045589666115120053,0.12794379889965057,0.00045589666115120053,0.12794379889965057,4.928072452545166,0.2655590772628784,0.20999999344348907,0.0,0.23000000417232513,0.009999999776482582,-0.8734808564186096,0.01659240946173668,13.895228385925293,58.15522766113281,0.06122449040412903,0.040816325694322586,0.0,0.0,0.0,0.0,1.1920928955078125e-07,0.2215627133846283,0.2215627133846283,12.994986534118652,0.0,0.9670910239219666,58.05679702758789,0.5705956816673279,0.04305511713027954,36.0,18.0,0.0,0.0
49,env000070,12,raw,0.03,300,4.42792272567749,0.6809867024421692,3.746936023235321,84.6206281222314,2.384185791015625e-07,4.305550575256348,0.6234062314033508,0.0,0.16455571353435516,1.1459593772888184,2.1907615661621094,0.0,0.0,0.12237224727869034,0.016440795734524727,4.305550575256348,0.6234062314033508,0.0,0.04113892838358879,0.0,0.0,0.12237224727869034,0.016440795734524727,4.42792272567749,0.6809859871864319,0.0001569839660078287,0.012370104901492596,7.62732233852148e-05,0.007402275688946247,7.62732233852148e-05,0.007402275688946247,4.42792272567749,0.6809867024421692,0.20999999344348907,0.019999999552965164,0.23000000417232513,0.019999999552965164,-0.8078479766845703,-0.5112825036048889,13.998620986938477,28.354965209960938,0.0,0.020408162847161293,0.0,0.0,0.0,0.0,2.384185791015625e-07,0.1830480396747589,0.1830480396747589,11.15654182434082,0.0,0.9247927665710449,19.858684539794922,0.9164493083953857,0.06357061862945557,37.0,18.0,1.0,1.0
